CREATE DATABASE GardenTracker;
Grant all privileges on GardenTracker.* TO 'webapp'@'%';
FLUSH PRIVILEGES;

USE GardenTracker;

CREATE TABLE user(
    name Varchar(30) not null,
    email Varchar(50) not null,
    id int PRIMARY KEY AUTO_INCREMENT,
    join_date DATE DEFAULT ((CURRENT_DATE)),
    location VARCHAR(30));

insert into user (name, email, join_date, location, id) values ('Carce Worden', 'cworden0@furl.net', '2019-11-16', 'Baler Baleagung', 1);
insert into user (name, email, join_date, location, id) values ('Mattie Yoell', 'myoell1@wikispaces.com', '2020-06-19', 'Bulbul', 2);
insert into user (name, email, join_date, location, id) values ('Berke Harsnep', 'bharsnep2@utexas.edu', '2021-07-27', 'Hedong', 3);
insert into user (name, email, join_date, location, id) values ('Jenni Ashtonhurst', 'jashtonhurst3@umich.edu', '2019-10-31', 'Avarua', 4);
insert into user (name, email, join_date, location, id) values ('Johnath Lambarton', 'jlambarton4@princeton.edu', '2021-04-28', 'Kelungkung', 5);
insert into user (name, email, join_date, location, id) values ('Cassandre Forsey', 'cforsey5@pcworld.com', '2020-06-22', 'Kishk-e Nakhūd', 6);
insert into user (name, email, join_date, location, id) values ('Aloin Peggram', 'apeggram6@tiny.cc', '2020-03-14', 'Madala', 7);
insert into user (name, email, join_date, location, id) values ('Marianne Decroix', 'mdecroix7@indiegogo.com', '2021-08-15', 'Liudu', 8);
insert into user (name, email, join_date, location, id) values ('Danny MacCumeskey', 'dmaccumeskey8@who.int', '2020-03-28', 'Aija', 9);
insert into user (name, email, join_date, location, id) values ('Laney Peniello', 'lpeniello9@unesco.org', '2021-01-17', 'Tres Unidos', 10);
insert into user (name, email, join_date, location, id) values ('Gerald Dugood', 'gdugooda@bing.com', '2020-01-20', 'Tawala', 11);
insert into user (name, email, join_date, location, id) values ('Yelena Wadworth', 'ywadworthb@vimeo.com', '2022-06-05', 'Vale de Santarém', 12);
insert into user (name, email, join_date, location, id) values ('Dougie Jost', 'djostc@sohu.com', '2021-05-04', 'Tarikolot', 13);
insert into user (name, email, join_date, location, id) values ('Rosalynd Mynott', 'rmynottd@jimdo.com', '2022-09-18', 'Slyudyanka', 14);
insert into user (name, email, join_date, location, id) values ('Bendick Hopfner', 'bhopfnere@thetimes.co.uk', '2019-08-18', 'Goght’', 15);
insert into user (name, email, join_date, location, id) values ('Ashley Mazzilli', 'amazzillif@businessinsider.com', '2021-12-09', 'Tasikmalaya', 16);
insert into user (name, email, join_date, location, id) values ('Bianca Milton', 'bmiltong@vk.com', '2022-07-21', 'Jelsa', 17);
insert into user (name, email, join_date, location, id) values ('Geraldine Lenin', 'gleninh@eventbrite.com', '2021-09-18', 'Murygino', 18);
insert into user (name, email, join_date, location, id) values ('Corney Sanpere', 'csanperei@squidoo.com', '2021-01-30', 'Navashino', 19);
insert into user (name, email, join_date, location, id) values ('Nickie Marciek', 'nmarciekj@hao123.com', '2020-12-14', 'Makrychóri', 20);
insert into user (name, email, join_date, location, id) values ('Lesley Shorton', 'lshortonk@youtu.be', '2020-07-09', 'Dayuan', 21);
insert into user (name, email, join_date, location, id) values ('Stirling Doige', 'sdoigel@oakley.com', '2019-11-18', 'Alcácer do Sal', 22);
insert into user (name, email, join_date, location, id) values ('Gannie Verdey', 'gverdeym@marriott.com', '2021-01-23', 'Zhugang', 23);
insert into user (name, email, join_date, location, id) values ('Benny Sheerin', 'bsheerinn@yale.edu', '2019-05-26', 'La Concordia', 24);
insert into user (name, email, join_date, location, id) values ('Trude Adnet', 'tadneto@constantcontact.com', '2020-11-27', 'Ordzhonikidzevskaya', 25);
insert into user (name, email, join_date, location, id) values ('Nolana Storrar', 'nstorrarp@wikispaces.com', '2020-07-07', 'Jiamachi', 26);
insert into user (name, email, join_date, location, id) values ('Sheridan Sitwell', 'ssitwellq@pinterest.com', '2020-05-03', 'Essen', 27);
insert into user (name, email, join_date, location, id) values ('Lewie Goodrick', 'lgoodrickr@blogspot.com', '2022-12-04', 'Stanisław Dolny', 28);
insert into user (name, email, join_date, location, id) values ('Benoite Waylen', 'bwaylens@ifeng.com', '2022-07-25', 'Kelīshād va Sūdarjān', 29);
insert into user (name, email, join_date, location, id) values ('Ros Muston', 'rmustont@businesswire.com', '2022-02-04', 'Fómeque', 30);
insert into user (name, email, join_date, location, id) values ('Zena Warwicker', 'zwarwickeru@example.com', '2022-06-28', 'San Agustín de Valle Fértil', 31);
insert into user (name, email, join_date, location, id) values ('Cedric Dovydenas', 'cdovydenasv@about.me', '2020-01-03', 'Shuangyang', 32);
insert into user (name, email, join_date, location, id) values ('Davine Breslauer', 'dbreslauerw@cargocollective.com', '2022-10-29', 'Campanário', 33);
insert into user (name, email, join_date, location, id) values ('Valentine Renison', 'vrenisonx@behance.net', '2022-04-28', 'Lappajärvi', 34);
insert into user (name, email, join_date, location, id) values ('Judah Malser', 'jmalsery@tumblr.com', '2019-09-25', 'Wakayama-shi', 35);
insert into user (name, email, join_date, location, id) values ('Channa Moysey', 'cmoyseyz@histats.com', '2021-05-08', 'Borås', 36);
insert into user (name, email, join_date, location, id) values ('Brady Jurczyk', 'bjurczyk10@netvibes.com', '2020-12-13', 'Tadjoura', 37);
insert into user (name, email, join_date, location, id) values ('Wade Scarlin', 'wscarlin11@privacy.gov.au', '2020-03-05', 'Panao', 38);
insert into user (name, email, join_date, location, id) values ('Brandy Claricoates', 'bclaricoates12@over-blog.com', '2019-08-04', 'Retorta', 39);
insert into user (name, email, join_date, location, id) values ('Roddy Surgeoner', 'rsurgeoner13@upenn.edu', '2021-02-04', 'Mainri', 40);
insert into user (name, email, join_date, location, id) values ('Morna Angrick', 'mangrick14@sciencedaily.com', '2019-11-01', 'La Mesa', 41);
insert into user (name, email, join_date, location, id) values ('Leela Shieldon', 'lshieldon15@vimeo.com', '2021-07-19', 'A’ershan', 42);
insert into user (name, email, join_date, location, id) values ('Selma Sunshine', 'ssunshine16@tripadvisor.com', '2021-07-13', 'El Paraíso', 43);
insert into user (name, email, join_date, location, id) values ('Hartwell Budnik', 'hbudnik17@wsj.com', '2020-02-11', 'Sattahip', 44);
insert into user (name, email, join_date, location, id) values ('Gisela Dragon', 'gdragon18@usa.gov', '2019-05-04', 'Bayan Uula Sumu', 45);
insert into user (name, email, join_date, location, id) values ('Hendrika Thackston', 'hthackston19@bizjournals.com', '2022-05-16', 'Kalidung', 46);
insert into user (name, email, join_date, location, id) values ('Dotty Polleye', 'dpolleye1a@wix.com', '2020-06-06', 'Muhoroni', 47);
insert into user (name, email, join_date, location, id) values ('Joni Flucker', 'jflucker1b@biglobe.ne.jp', '2020-11-05', 'Ladysmith', 48);
insert into user (name, email, join_date, location, id) values ('Ashbey Moukes', 'amoukes1c@mozilla.com', '2022-02-23', 'Belene', 49);
insert into user (name, email, join_date, location, id) values ('Cristi Bucke', 'cbucke1d@oakley.com', '2019-05-28', 'Aguadas', 50);



CREATE TABLE garden(
    name Varchar(30) not null,
    id int AUTO_INCREMENT PRIMARY KEY,
    start_date DATE default (CURRENT_DATE),
    num_beds int,
    user_id int not null,
    FOREIGN KEY (user_id) references user(ID) ON DELETE CASCADE ON UPDATE CASCADE);

insert into garden (name, start_date, id, num_beds, user_id) values ('Ridge Oak', '2020-07-28', 1, 1, 33);
insert into garden (name, start_date, id, num_beds, user_id) values ('Spohn', '2020-07-16', 2, 4, 21);
insert into garden (name, start_date, id, num_beds, user_id) values ('Susan', '2022-05-19', 3, 9, 38);
insert into garden (name, start_date, id, num_beds, user_id) values ('Crescent Oaks', '2021-12-04', 4, 16, 8);
insert into garden (name, start_date, id, num_beds, user_id) values ('Elgar', '2022-03-08', 5, 9, 25);
insert into garden (name, start_date, id, num_beds, user_id) values ('Main', '2021-03-19', 6, 25, 6);
insert into garden (name, start_date, id, num_beds, user_id) values ('Columbus', '2021-01-29', 7, 15, 3);
insert into garden (name, start_date, id, num_beds, user_id) values ('South', '2021-05-20', 8, 25, 17);
insert into garden (name, start_date, id, num_beds, user_id) values ('Derek', '2020-08-24', 9, 14, 48);
insert into garden (name, start_date, id, num_beds, user_id) values ('Hallows', '2022-08-01', 10, 29, 31);
insert into garden (name, start_date, id, num_beds, user_id) values ('Eagan', '2021-11-28', 11, 5, 33);
insert into garden (name, start_date, id, num_beds, user_id) values ('Gateway', '2022-01-07', 12, 6, 11);
insert into garden (name, start_date, id, num_beds, user_id) values ('Kings', '2021-12-23', 13, 9, 16);
insert into garden (name, start_date, id, num_beds, user_id) values ('Melody', '2021-10-07', 14, 22, 7);
insert into garden (name, start_date, id, num_beds, user_id) values ('Jackson', '2021-11-29', 15, 28, 16);
insert into garden (name, start_date, id, num_beds, user_id) values ('Elka', '2020-09-12', 16, 18, 33);
insert into garden (name, start_date, id, num_beds, user_id) values ('Continental', '2022-08-02', 17, 7, 1);
insert into garden (name, start_date, id, num_beds, user_id) values ('Grover', '2021-02-12', 18, 9, 46);
insert into garden (name, start_date, id, num_beds, user_id) values ('Logan', '2020-07-02', 19, 24, 10);
insert into garden (name, start_date, id, num_beds, user_id) values ('Mallard', '2021-11-22', 20, 23, 25);
insert into garden (name, start_date, id, num_beds, user_id) values ('Artisan', '2021-01-30', 21, 27, 6);
insert into garden (name, start_date, id, num_beds, user_id) values ('Debs', '2022-10-11', 22, 11, 10);
insert into garden (name, start_date, id, num_beds, user_id) values ('Lukken', '2022-09-09', 23, 20, 27);
insert into garden (name, start_date, id, num_beds, user_id) values ('Grover', '2020-08-25', 24, 12, 1);
insert into garden (name, start_date, id, num_beds, user_id) values ('Fair Oaks', '2021-07-29', 25, 16, 40);
insert into garden (name, start_date, id, num_beds, user_id) values ('Norway Maple', '2022-01-18', 26, 2, 50);
insert into garden (name, start_date, id, num_beds, user_id) values ('Upham', '2021-05-25', 27, 7, 11);
insert into garden (name, start_date, id, num_beds, user_id) values ('Sommers', '2021-12-25', 28, 2, 44);
insert into garden (name, start_date, id, num_beds, user_id) values ('Golden Leaf', '2021-02-21', 29, 21, 38);
insert into garden (name, start_date, id, num_beds, user_id) values ('Prentice', '2020-08-14', 30, 29, 4);
insert into garden (name, start_date, id, num_beds, user_id) values ('Green Ridge', '2022-11-10', 31, 28, 46);
insert into garden (name, start_date, id, num_beds, user_id) values ('Bartelt', '2022-01-03', 32, 12, 11);
insert into garden (name, start_date, id, num_beds, user_id) values ('Redwing', '2021-01-10', 33, 28, 19);
insert into garden (name, start_date, id, num_beds, user_id) values ('Birchwood', '2022-04-13', 34, 26, 40);
insert into garden (name, start_date, id, num_beds, user_id) values ('Fremont', '2021-08-16', 35, 27, 15);
insert into garden (name, start_date, id, num_beds, user_id) values ('Center', '2022-11-29', 36, 27, 24);
insert into garden (name, start_date, id, num_beds, user_id) values ('International', '2020-09-30', 37, 26, 17);
insert into garden (name, start_date, id, num_beds, user_id) values ('Dakota', '2020-07-04', 38, 7, 4);
insert into garden (name, start_date, id, num_beds, user_id) values ('Scott', '2022-12-07', 39, 14, 44);
insert into garden (name, start_date, id, num_beds, user_id) values ('Macpherson', '2022-06-05', 40, 1, 3);
insert into garden (name, start_date, id, num_beds, user_id) values ('Glacier Hill', '2020-11-03', 41, 24, 29);
insert into garden (name, start_date, id, num_beds, user_id) values ('Kennedy', '2021-07-01', 42, 23, 22);
insert into garden (name, start_date, id, num_beds, user_id) values ('Anzinger', '2020-12-04', 43, 20, 35);
insert into garden (name, start_date, id, num_beds, user_id) values ('Bluejay', '2022-11-29', 44, 19, 17);
insert into garden (name, start_date, id, num_beds, user_id) values ('Hoepker', '2021-05-19', 45, 30, 47);
insert into garden (name, start_date, id, num_beds, user_id) values ('Glacier Hill', '2022-02-20', 46, 22, 26);
insert into garden (name, start_date, id, num_beds, user_id) values ('Quincy', '2021-02-27', 47, 7, 7);
insert into garden (name, start_date, id, num_beds, user_id) values ('Lukken', '2021-11-22', 48, 20, 30);
insert into garden (name, start_date, id, num_beds, user_id) values ('Buhler', '2021-01-19', 49, 19, 17);
insert into garden (name, start_date, id, num_beds, user_id) values ('Stuart', '2022-03-30', 50, 21, 14);
insert into garden (name, start_date, id, num_beds, user_id) values ('Brickson Park', '2022-04-16', 51, 6, 7);
insert into garden (name, start_date, id, num_beds, user_id) values ('Barnett', '2020-09-08', 52, 22, 46);
insert into garden (name, start_date, id, num_beds, user_id) values ('Mifflin', '2021-04-13', 53, 26, 43);
insert into garden (name, start_date, id, num_beds, user_id) values ('Hanover', '2021-05-20', 54, 2, 45);
insert into garden (name, start_date, id, num_beds, user_id) values ('Victoria', '2021-07-31', 55, 22, 44);
insert into garden (name, start_date, id, num_beds, user_id) values ('Kennedy', '2020-07-02', 56, 5, 4);
insert into garden (name, start_date, id, num_beds, user_id) values ('Northland', '2020-07-22', 57, 3, 36);
insert into garden (name, start_date, id, num_beds, user_id) values ('Crescent Oaks', '2021-10-14', 58, 17, 33);
insert into garden (name, start_date, id, num_beds, user_id) values ('Oakridge', '2021-12-09', 59, 20, 14);
insert into garden (name, start_date, id, num_beds, user_id) values ('Blue Bill Park', '2020-09-10', 60, 1, 15);
insert into garden (name, start_date, id, num_beds, user_id) values ('Arizona', '2021-05-30', 61, 24, 43);
insert into garden (name, start_date, id, num_beds, user_id) values ('Warbler', '2020-11-25', 62, 14, 5);
insert into garden (name, start_date, id, num_beds, user_id) values ('Meadow Ridge', '2022-02-08', 63, 21, 28);
insert into garden (name, start_date, id, num_beds, user_id) values ('Forest', '2020-07-06', 64, 5, 43);
insert into garden (name, start_date, id, num_beds, user_id) values ('Morning', '2022-03-07', 65, 1, 40);
insert into garden (name, start_date, id, num_beds, user_id) values ('Talisman', '2021-07-24', 66, 20, 12);
insert into garden (name, start_date, id, num_beds, user_id) values ('Dexter', '2020-12-14', 67, 15, 2);
insert into garden (name, start_date, id, num_beds, user_id) values ('Redwing', '2022-06-02', 68, 9, 34);
insert into garden (name, start_date, id, num_beds, user_id) values ('Stephen', '2022-12-08', 69, 30, 26);
insert into garden (name, start_date, id, num_beds, user_id) values ('Riverside', '2021-12-01', 70, 19, 8);
insert into garden (name, start_date, id, num_beds, user_id) values ('Golf Course', '2021-10-08', 71, 9, 17);
insert into garden (name, start_date, id, num_beds, user_id) values ('Lighthouse Bay', '2021-02-05', 72, 8, 42);
insert into garden (name, start_date, id, num_beds, user_id) values ('Mayer', '2021-09-15', 73, 3, 30);
insert into garden (name, start_date, id, num_beds, user_id) values ('Kensington', '2021-03-31', 74, 19, 4);
insert into garden (name, start_date, id, num_beds, user_id) values ('3rd', '2022-04-20', 75, 11, 24);
insert into garden (name, start_date, id, num_beds, user_id) values ('Moulton', '2020-09-25', 76, 19, 43);
insert into garden (name, start_date, id, num_beds, user_id) values ('Milwaukee', '2020-08-09', 77, 12, 28);
insert into garden (name, start_date, id, num_beds, user_id) values ('Charing Cross', '2022-09-03', 78, 4, 29);
insert into garden (name, start_date, id, num_beds, user_id) values ('Merrick', '2021-07-26', 79, 20, 35);
insert into garden (name, start_date, id, num_beds, user_id) values ('Harbort', '2021-07-27', 80, 30, 39);

CREATE TABLE plants(
    species Varchar(50) not null,
    id int AUTO_INCREMENT PRIMARY KEY,
    plant_date DATE,
    height int,
    bed_num int,
    rec_water_freq int,
    rec_water_amount int,
    garden_id int not null,
    FOREIGN KEY (garden_id) references garden(ID) ON UPDATE CASCADE);

insert into plants (species, id, plant_date, height, bed_num, rec_water_freq, rec_water_amount, garden_id) values ('Sagebrush Phlox', 1, '2021-07-08', 10, 12, 18, 17, 20);
insert into plants (species, id, plant_date, height, bed_num, rec_water_freq, rec_water_amount, garden_id) values ('Lemmon''s Cinquefoil', 2, '2022-05-01', 97, 3, 6, 9, 59);
insert into plants (species, id, plant_date, height, bed_num, rec_water_freq, rec_water_amount, garden_id) values ('Haya Blanca', 3, '2020-03-06', 45, 6, 7, 26, 14);
insert into plants (species, id, plant_date, height, bed_num, rec_water_freq, rec_water_amount, garden_id) values ('Canyon Gooseberry', 4, '2020-09-02', 12, 30, 4, 29, 74);
insert into plants (species, id, plant_date, height, bed_num, rec_water_freq, rec_water_amount, garden_id) values ('Dwarf Mountain Cinquefoil', 5, '2019-11-17', 39, 19, 13, 22, 13);
insert into plants (species, id, plant_date, height, bed_num, rec_water_freq, rec_water_amount, garden_id) values ('Rinodina Lichen', 6, '2020-02-03', 17, 14, 14, 14, 46);
insert into plants (species, id, plant_date, height, bed_num, rec_water_freq, rec_water_amount, garden_id) values ('Malabar Kino', 7, '2021-06-28', 70, 17, 5, 28, 12);
insert into plants (species, id, plant_date, height, bed_num, rec_water_freq, rec_water_amount, garden_id) values ('Red River Scaleseed', 8, '2020-11-18', 100, 3, 1, 5, 56);
insert into plants (species, id, plant_date, height, bed_num, rec_water_freq, rec_water_amount, garden_id) values ('Western Red Columbine', 9, '2019-11-05', 99, 21, 11, 29, 40);
insert into plants (species, id, plant_date, height, bed_num, rec_water_freq, rec_water_amount, garden_id) values ('Monterey Cypress', 10, '2019-04-09', 61, 9, 18, 30, 73);
insert into plants (species, id, plant_date, height, bed_num, rec_water_freq, rec_water_amount, garden_id) values ('Chinese-quince', 11, '2022-05-28', 88, 21, 17, 27, 35);
insert into plants (species, id, plant_date, height, bed_num, rec_water_freq, rec_water_amount, garden_id) values ('Largeleaf Geigertree', 12, '2021-07-24', 76, 30, 14, 5, 80);
insert into plants (species, id, plant_date, height, bed_num, rec_water_freq, rec_water_amount, garden_id) values ('Intermountain Rubberweed', 13, '2022-06-01', 27, 13, 12, 13, 50);
insert into plants (species, id, plant_date, height, bed_num, rec_water_freq, rec_water_amount, garden_id) values ('Philodendron', 14, '2019-09-24', 64, 21, 3, 27, 10);
insert into plants (species, id, plant_date, height, bed_num, rec_water_freq, rec_water_amount, garden_id) values ('Bird Clover', 15, '2020-07-03', 68, 13, 1, 17, 66);
insert into plants (species, id, plant_date, height, bed_num, rec_water_freq, rec_water_amount, garden_id) values ('Hybrid Hickory', 16, '2020-02-29', 37, 5, 19, 8, 8);
insert into plants (species, id, plant_date, height, bed_num, rec_water_freq, rec_water_amount, garden_id) values ('Ravine Sedge', 17, '2021-11-10', 61, 29, 12, 17, 31);
insert into plants (species, id, plant_date, height, bed_num, rec_water_freq, rec_water_amount, garden_id) values ('Funeral Mountain Milkvetch', 18, '2022-05-16', 4, 10, 9, 13, 55);
insert into plants (species, id, plant_date, height, bed_num, rec_water_freq, rec_water_amount, garden_id) values ('Western Rush', 19, '2022-09-21', 27, 19, 1, 23, 13);
insert into plants (species, id, plant_date, height, bed_num, rec_water_freq, rec_water_amount, garden_id) values ('Manketti', 20, '2020-05-31', 39, 14, 15, 15, 46);
insert into plants (species, id, plant_date, height, bed_num, rec_water_freq, rec_water_amount, garden_id) values ('Bighead Knapweed', 21, '2022-09-08', 45, 4, 19, 2, 27);
insert into plants (species, id, plant_date, height, bed_num, rec_water_freq, rec_water_amount, garden_id) values ('Funaria Moss', 22, '2019-05-17', 27, 8, 17, 17, 39);
insert into plants (species, id, plant_date, height, bed_num, rec_water_freq, rec_water_amount, garden_id) values ('Tundra Warnstorfia Moss', 23, '2021-06-04', 23, 26, 10, 4, 63);
insert into plants (species, id, plant_date, height, bed_num, rec_water_freq, rec_water_amount, garden_id) values ('Evergreen Rose', 24, '2021-09-25', 74, 21, 4, 28, 40);
insert into plants (species, id, plant_date, height, bed_num, rec_water_freq, rec_water_amount, garden_id) values ('Snowplant', 25, '2020-06-21', 49, 13, 5, 9, 66);
insert into plants (species, id, plant_date, height, bed_num, rec_water_freq, rec_water_amount, garden_id) values ('Tufted Yellow Woodsorrel', 26, '2020-06-04', 4, 29, 16, 7, 31);
insert into plants (species, id, plant_date, height, bed_num, rec_water_freq, rec_water_amount, garden_id) values ('Marginate Splashzone Moss', 27, '2022-10-10', 3, 29, 3, 3, 43);
insert into plants (species, id, plant_date, height, bed_num, rec_water_freq, rec_water_amount, garden_id) values ('African Finger Millet', 28, '2020-03-03', 7, 19, 9, 12, 24);
insert into plants (species, id, plant_date, height, bed_num, rec_water_freq, rec_water_amount, garden_id) values ('Spreading Woodfern', 29, '2022-03-20', 66, 29, 1, 23, 44);
insert into plants (species, id, plant_date, height, bed_num, rec_water_freq, rec_water_amount, garden_id) values ('Staghorn Sumac', 30, '2020-08-29', 82, 3, 5, 13, 67);
insert into plants (species, id, plant_date, height, bed_num, rec_water_freq, rec_water_amount, garden_id) values ('Noble Yarrow', 31, '2022-11-17', 94, 10, 8, 14, 22);
insert into plants (species, id, plant_date, height, bed_num, rec_water_freq, rec_water_amount, garden_id) values ('Buffalo Clover', 32, '2019-08-15', 4, 18, 7, 30, 19);
insert into plants (species, id, plant_date, height, bed_num, rec_water_freq, rec_water_amount, garden_id) values ('Stigmidium Lichen', 33, '2020-09-27', 31, 14, 20, 10, 68);
insert into plants (species, id, plant_date, height, bed_num, rec_water_freq, rec_water_amount, garden_id) values ('Jusillo', 34, '2021-05-16', 63, 10, 20, 20, 51);
insert into plants (species, id, plant_date, height, bed_num, rec_water_freq, rec_water_amount, garden_id) values ('Hispaniolan Spleenwort', 35, '2021-03-22', 100, 3, 12, 5, 59);
insert into plants (species, id, plant_date, height, bed_num, rec_water_freq, rec_water_amount, garden_id) values ('Yerba De Cabra', 36, '2022-04-14', 14, 7, 4, 24, 45);
insert into plants (species, id, plant_date, height, bed_num, rec_water_freq, rec_water_amount, garden_id) values ('Hawai''i Pilo Kea', 37, '2021-08-22', 28, 21, 16, 25, 35);
insert into plants (species, id, plant_date, height, bed_num, rec_water_freq, rec_water_amount, garden_id) values ('Palmer Evening Primrose', 38, '2019-07-07', 80, 10, 1, 3, 9);
insert into plants (species, id, plant_date, height, bed_num, rec_water_freq, rec_water_amount, garden_id) values ('Fetid Passionflower', 39, '2020-05-20', 28, 30, 11, 14, 60);
insert into plants (species, id, plant_date, height, bed_num, rec_water_freq, rec_water_amount, garden_id) values ('Nevada Rockdaisy', 40, '2022-08-15', 73, 11, 11, 7, 33);
insert into plants (species, id, plant_date, height, bed_num, rec_water_freq, rec_water_amount, garden_id) values ('Myrtleleaf Peperomia', 41, '2021-12-16', 68, 29, 13, 1, 43);
insert into plants (species, id, plant_date, height, bed_num, rec_water_freq, rec_water_amount, garden_id) values ('Spirea', 42, '2022-08-22', 12, 7, 14, 2, 70);
insert into plants (species, id, plant_date, height, bed_num, rec_water_freq, rec_water_amount, garden_id) values ('Palespike Lobelia', 43, '2020-04-04', 31, 7, 6, 12, 38);
insert into plants (species, id, plant_date, height, bed_num, rec_water_freq, rec_water_amount, garden_id) values ('Taiwanese Photinia', 44, '2020-01-20', 59, 7, 1, 21, 45);
insert into plants (species, id, plant_date, height, bed_num, rec_water_freq, rec_water_amount, garden_id) values ('Clarkton Hawthorn', 45, '2020-06-02', 76, 16, 5, 2, 77);
insert into plants (species, id, plant_date, height, bed_num, rec_water_freq, rec_water_amount, garden_id) values ('Nechamandra', 46, '2019-10-06', 22, 10, 15, 30, 51);
insert into plants (species, id, plant_date, height, bed_num, rec_water_freq, rec_water_amount, garden_id) values ('Widewing Springparsley', 47, '2021-02-07', 98, 28, 12, 25, 79);
insert into plants (species, id, plant_date, height, bed_num, rec_water_freq, rec_water_amount, garden_id) values ('Broadleaf Cattail', 48, '2021-03-24', 40, 18, 12, 8, 19);
insert into plants (species, id, plant_date, height, bed_num, rec_water_freq, rec_water_amount, garden_id) values ('Mosquito Script Lichen', 49, '2021-06-17', 56, 13, 8, 27, 4);
insert into plants (species, id, plant_date, height, bed_num, rec_water_freq, rec_water_amount, garden_id) values ('Silky Lupine', 50, '2019-07-24', 14, 6, 19, 20, 16);
insert into plants (species, id, plant_date, height, bed_num, rec_water_freq, rec_water_amount, garden_id) values ('Heather', 51, '2020-05-23', 90, 14, 8, 13, 17);
insert into plants (species, id, plant_date, height, bed_num, rec_water_freq, rec_water_amount, garden_id) values ('Mckelvey''s Century Plant', 52, '2021-04-25', 93, 7, 20, 25, 38);
insert into plants (species, id, plant_date, height, bed_num, rec_water_freq, rec_water_amount, garden_id) values ('Buddlejaleaf Viburnum', 53, '2022-10-21', 4, 10, 18, 28, 51);
insert into plants (species, id, plant_date, height, bed_num, rec_water_freq, rec_water_amount, garden_id) values ('Hornwort', 54, '2021-08-24', 43, 5, 17, 2, 8);
insert into plants (species, id, plant_date, height, bed_num, rec_water_freq, rec_water_amount, garden_id) values ('Weak Saxifrage', 55, '2020-04-05', 60, 7, 8, 7, 45);
insert into plants (species, id, plant_date, height, bed_num, rec_water_freq, rec_water_amount, garden_id) values ('Peck''s Indian Paintbrush', 56, '2020-09-08', 15, 29, 1, 26, 31);
insert into plants (species, id, plant_date, height, bed_num, rec_water_freq, rec_water_amount, garden_id) values ('Oregon Milkvetch', 57, '2021-10-17', 51, 16, 1, 28, 36);
insert into plants (species, id, plant_date, height, bed_num, rec_water_freq, rec_water_amount, garden_id) values ('Lyngbye''s Sedge', 58, '2022-11-03', 16, 16, 18, 18, 34);
insert into plants (species, id, plant_date, height, bed_num, rec_water_freq, rec_water_amount, garden_id) values ('Small White Violet', 59, '2019-08-26', 80, 5, 15, 28, 49);
insert into plants (species, id, plant_date, height, bed_num, rec_water_freq, rec_water_amount, garden_id) values ('Kern Buckwheat', 60, '2020-07-13', 56, 6, 10, 19, 15);
insert into plants (species, id, plant_date, height, bed_num, rec_water_freq, rec_water_amount, garden_id) values ('Campylopus Moss', 61, '2021-06-30', 70, 18, 14, 29, 62);
insert into plants (species, id, plant_date, height, bed_num, rec_water_freq, rec_water_amount, garden_id) values ('Trans-pecos Desert Goldenrod', 62, '2019-04-18', 84, 19, 6, 19, 61);
insert into plants (species, id, plant_date, height, bed_num, rec_water_freq, rec_water_amount, garden_id) values ('Hawai''ian Buttercup', 63, '2019-09-13', 43, 14, 1, 7, 68);
insert into plants (species, id, plant_date, height, bed_num, rec_water_freq, rec_water_amount, garden_id) values ('Hybrid Oak', 64, '2019-08-01', 84, 26, 3, 15, 63);
insert into plants (species, id, plant_date, height, bed_num, rec_water_freq, rec_water_amount, garden_id) values ('Larkdaisy', 65, '2021-05-27', 62, 18, 5, 19, 62);
insert into plants (species, id, plant_date, height, bed_num, rec_water_freq, rec_water_amount, garden_id) values ('Northern Ryegrass', 66, '2021-12-28', 13, 1, 10, 11, 58);
insert into plants (species, id, plant_date, height, bed_num, rec_water_freq, rec_water_amount, garden_id) values ('Tawny Pea', 67, '2020-04-12', 77, 18, 1, 29, 30);
insert into plants (species, id, plant_date, height, bed_num, rec_water_freq, rec_water_amount, garden_id) values ('Grape Hyacinth', 68, '2020-11-05', 5, 18, 14, 29, 19);
insert into plants (species, id, plant_date, height, bed_num, rec_water_freq, rec_water_amount, garden_id) values ('Virginia Pinweed', 69, '2021-09-18', 15, 1, 14, 29, 76);
insert into plants (species, id, plant_date, height, bed_num, rec_water_freq, rec_water_amount, garden_id) values ('Mexican Cancer-root', 70, '2022-01-26', 96, 10, 9, 17, 22);
insert into plants (species, id, plant_date, height, bed_num, rec_water_freq, rec_water_amount, garden_id) values ('Tropical Bog Orchid', 71, '2019-06-20', 66, 8, 12, 22, 32);
insert into plants (species, id, plant_date, height, bed_num, rec_water_freq, rec_water_amount, garden_id) values ('Longleaf Glorytree', 72, '2021-05-02', 3, 10, 18, 30, 55);
insert into plants (species, id, plant_date, height, bed_num, rec_water_freq, rec_water_amount, garden_id) values ('Basindaisy', 73, '2021-09-23', 18, 23, 3, 28, 7);
insert into plants (species, id, plant_date, height, bed_num, rec_water_freq, rec_water_amount, garden_id) values ('Padre''s Shootingstar', 74, '2022-11-10', 55, 18, 14, 26, 30);
insert into plants (species, id, plant_date, height, bed_num, rec_water_freq, rec_water_amount, garden_id) values ('Newberry''s Milkvetch', 75, '2020-06-08', 93, 29, 3, 18, 44);
insert into plants (species, id, plant_date, height, bed_num, rec_water_freq, rec_water_amount, garden_id) values ('Wright''s Waternymph', 76, '2021-09-11', 23, 23, 18, 2, 7);
insert into plants (species, id, plant_date, height, bed_num, rec_water_freq, rec_water_amount, garden_id) values ('Redsepal Evening Primrose', 77, '2022-06-19', 45, 4, 5, 10, 65);
insert into plants (species, id, plant_date, height, bed_num, rec_water_freq, rec_water_amount, garden_id) values ('Star Milkvine', 78, '2021-05-03', 88, 29, 1, 4, 31);
insert into plants (species, id, plant_date, height, bed_num, rec_water_freq, rec_water_amount, garden_id) values ('Small''s Purslane', 79, '2020-08-01', 7, 1, 9, 8, 18);
insert into plants (species, id, plant_date, height, bed_num, rec_water_freq, rec_water_amount, garden_id) values ('Shortleaf Rose Gentian', 80, '2022-04-16', 7, 30, 3, 10, 74);
insert into plants (species, id, plant_date, height, bed_num, rec_water_freq, rec_water_amount, garden_id) values ('Temblor Range Clarkia', 81, '2021-12-09', 98, 14, 18, 15, 46);
insert into plants (species, id, plant_date, height, bed_num, rec_water_freq, rec_water_amount, garden_id) values ('Rockyplains Dwarf Morning-glory', 82, '2020-03-19', 76, 10, 15, 9, 9);
insert into plants (species, id, plant_date, height, bed_num, rec_water_freq, rec_water_amount, garden_id) values ('Pyxine Lichen', 83, '2020-12-15', 75, 7, 1, 11, 70);
insert into plants (species, id, plant_date, height, bed_num, rec_water_freq, rec_water_amount, garden_id) values ('Algerian Sea Lavender', 84, '2022-10-20', 32, 14, 16, 25, 68);
insert into plants (species, id, plant_date, height, bed_num, rec_water_freq, rec_water_amount, garden_id) values ('Orange Lichen', 85, '2022-01-01', 52, 4, 17, 16, 65);
insert into plants (species, id, plant_date, height, bed_num, rec_water_freq, rec_water_amount, garden_id) values ('Chaparral Bird''s-foot Trefoil', 86, '2020-01-30', 53, 30, 10, 1, 80);
insert into plants (species, id, plant_date, height, bed_num, rec_water_freq, rec_water_amount, garden_id) values ('Lepuropetalon', 87, '2019-11-24', 11, 21, 15, 22, 10);
insert into plants (species, id, plant_date, height, bed_num, rec_water_freq, rec_water_amount, garden_id) values ('Rio Chama Blazingstar', 88, '2020-07-09', 71, 28, 14, 11, 52);
insert into plants (species, id, plant_date, height, bed_num, rec_water_freq, rec_water_amount, garden_id) values ('Chilean Waterwort', 89, '2021-04-05', 96, 30, 12, 24, 28);
insert into plants (species, id, plant_date, height, bed_num, rec_water_freq, rec_water_amount, garden_id) values ('Greenleaf Tuckermannopsis Lichen', 90, '2021-05-13', 48, 4, 7, 27, 65);
insert into plants (species, id, plant_date, height, bed_num, rec_water_freq, rec_water_amount, garden_id) values ('Kauna''oa', 91, '2020-09-22', 11, 21, 12, 15, 35);
insert into plants (species, id, plant_date, height, bed_num, rec_water_freq, rec_water_amount, garden_id) values ('Smokebush', 92, '2020-02-23', 51, 11, 12, 11, 33);
insert into plants (species, id, plant_date, height, bed_num, rec_water_freq, rec_water_amount, garden_id) values ('Lodgepole Lupine', 93, '2021-04-19', 70, 13, 18, 3, 4);
insert into plants (species, id, plant_date, height, bed_num, rec_water_freq, rec_water_amount, garden_id) values ('Foxtail', 94, '2020-04-18', 77, 7, 16, 5, 38);
insert into plants (species, id, plant_date, height, bed_num, rec_water_freq, rec_water_amount, garden_id) values ('Shaggy Blazing Star', 95, '2020-07-28', 16, 13, 5, 2, 3);
insert into plants (species, id, plant_date, height, bed_num, rec_water_freq, rec_water_amount, garden_id) values ('Beach Suncup', 96, '2022-04-25', 10, 3, 11, 30, 59);
insert into plants (species, id, plant_date, height, bed_num, rec_water_freq, rec_water_amount, garden_id) values ('Hazel Alder', 97, '2021-03-01', 74, 21, 15, 14, 40);
insert into plants (species, id, plant_date, height, bed_num, rec_water_freq, rec_water_amount, garden_id) values ('Common Sweetleaf', 98, '2021-02-28', 13, 6, 13, 9, 16);
insert into plants (species, id, plant_date, height, bed_num, rec_water_freq, rec_water_amount, garden_id) values ('Buell Park Phacelia', 99, '2021-09-28', 40, 18, 6, 25, 19);
insert into plants (species, id, plant_date, height, bed_num, rec_water_freq, rec_water_amount, garden_id) values ('Dot Lichen', 100, '2021-04-24', 54, 30, 5, 29, 2);
insert into plants (species, id, plant_date, height, bed_num, rec_water_freq, rec_water_amount, garden_id) values ('Stolonbearing Hawthorn', 101, '2021-07-06', 97, 21, 10, 24, 47);
insert into plants (species, id, plant_date, height, bed_num, rec_water_freq, rec_water_amount, garden_id) values ('Uinta Ragwort', 102, '2022-01-11', 85, 6, 14, 4, 14);
insert into plants (species, id, plant_date, height, bed_num, rec_water_freq, rec_water_amount, garden_id) values ('Dicranodontium Moss', 103, '2022-11-25', 72, 5, 20, 1, 8);
insert into plants (species, id, plant_date, height, bed_num, rec_water_freq, rec_water_amount, garden_id) values ('Orangefruit Horse-gentian', 104, '2022-02-15', 77, 16, 14, 18, 34);
insert into plants (species, id, plant_date, height, bed_num, rec_water_freq, rec_water_amount, garden_id) values ('Oxytenanthera', 105, '2021-02-05', 93, 11, 18, 29, 21);
insert into plants (species, id, plant_date, height, bed_num, rec_water_freq, rec_water_amount, garden_id) values ('Tower Rockcress', 106, '2022-09-02', 59, 12, 11, 2, 20);
insert into plants (species, id, plant_date, height, bed_num, rec_water_freq, rec_water_amount, garden_id) values ('Davis'' Fleabane', 107, '2020-06-22', 45, 23, 6, 26, 75);
insert into plants (species, id, plant_date, height, bed_num, rec_water_freq, rec_water_amount, garden_id) values ('Mauna Loa Beggarticks', 108, '2021-01-07', 76, 29, 11, 2, 43);
insert into plants (species, id, plant_date, height, bed_num, rec_water_freq, rec_water_amount, garden_id) values ('Halodule', 109, '2019-11-01', 6, 21, 16, 18, 47);
insert into plants (species, id, plant_date, height, bed_num, rec_water_freq, rec_water_amount, garden_id) values ('Chisos Mountain Brickellbush', 110, '2022-07-01', 57, 16, 8, 23, 34);
insert into plants (species, id, plant_date, height, bed_num, rec_water_freq, rec_water_amount, garden_id) values ('Bloodstain Lichen', 111, '2019-08-13', 43, 30, 7, 15, 74);
insert into plants (species, id, plant_date, height, bed_num, rec_water_freq, rec_water_amount, garden_id) values ('Chilean Jessamine', 112, '2019-05-14', 54, 16, 1, 3, 41);
insert into plants (species, id, plant_date, height, bed_num, rec_water_freq, rec_water_amount, garden_id) values ('Timber Milkvetch', 113, '2022-01-18', 15, 22, 20, 24, 57);
insert into plants (species, id, plant_date, height, bed_num, rec_water_freq, rec_water_amount, garden_id) values ('Rupturewort', 114, '2020-03-14', 52, 3, 17, 12, 67);
insert into plants (species, id, plant_date, height, bed_num, rec_water_freq, rec_water_amount, garden_id) values ('Sarea Lichen', 115, '2019-11-23', 1, 10, 12, 11, 55);
insert into plants (species, id, plant_date, height, bed_num, rec_water_freq, rec_water_amount, garden_id) values ('European Stickseed', 116, '2021-03-04', 12, 21, 17, 14, 35);
insert into plants (species, id, plant_date, height, bed_num, rec_water_freq, rec_water_amount, garden_id) values ('Broadleaf Monkeyflower', 117, '2019-07-16', 3, 10, 20, 15, 22);
insert into plants (species, id, plant_date, height, bed_num, rec_water_freq, rec_water_amount, garden_id) values ('Pine Barren Deathcamas', 118, '2021-06-01', 93, 30, 1, 14, 60);
insert into plants (species, id, plant_date, height, bed_num, rec_water_freq, rec_water_amount, garden_id) values ('Largeflower Yellow False Foxglove', 119, '2021-08-18', 58, 5, 10, 10, 49);
insert into plants (species, id, plant_date, height, bed_num, rec_water_freq, rec_water_amount, garden_id) values ('Twoleaf Sensitive Pea', 120, '2021-08-08', 90, 19, 16, 7, 61);
insert into plants (species, id, plant_date, height, bed_num, rec_water_freq, rec_water_amount, garden_id) values ('Agyrium Lichen', 121, '2021-05-02', 81, 7, 2, 12, 45);
insert into plants (species, id, plant_date, height, bed_num, rec_water_freq, rec_water_amount, garden_id) values ('Cleveland''s Bush Monkeyflower', 122, '2022-06-04', 40, 28, 19, 21, 52);
insert into plants (species, id, plant_date, height, bed_num, rec_water_freq, rec_water_amount, garden_id) values ('Greenland Crabseye Lichen', 123, '2021-11-20', 14, 13, 4, 14, 4);
insert into plants (species, id, plant_date, height, bed_num, rec_water_freq, rec_water_amount, garden_id) values ('Bushy Bluestem', 124, '2019-06-10', 19, 19, 20, 28, 61);
insert into plants (species, id, plant_date, height, bed_num, rec_water_freq, rec_water_amount, garden_id) values ('Yellow Trumpetbush', 125, '2022-01-04', 28, 24, 7, 5, 53);
insert into plants (species, id, plant_date, height, bed_num, rec_water_freq, rec_water_amount, garden_id) values ('Pore Lichen', 126, '2020-04-23', 55, 3, 1, 7, 67);
insert into plants (species, id, plant_date, height, bed_num, rec_water_freq, rec_water_amount, garden_id) values ('Bigseed Alfalfa Dodder', 127, '2020-12-05', 76, 7, 5, 9, 45);
insert into plants (species, id, plant_date, height, bed_num, rec_water_freq, rec_water_amount, garden_id) values ('Glademallow', 128, '2022-09-03', 25, 29, 11, 11, 43);
insert into plants (species, id, plant_date, height, bed_num, rec_water_freq, rec_water_amount, garden_id) values ('Deadly Nightshade', 129, '2019-11-17', 93, 14, 2, 9, 68);
insert into plants (species, id, plant_date, height, bed_num, rec_water_freq, rec_water_amount, garden_id) values ('Huckleberry Oak', 130, '2019-05-21', 75, 21, 6, 25, 10);
insert into plants (species, id, plant_date, height, bed_num, rec_water_freq, rec_water_amount, garden_id) values ('Darrow''s Flavopunctelia Lichen', 131, '2019-07-27', 20, 8, 5, 21, 39);
insert into plants (species, id, plant_date, height, bed_num, rec_water_freq, rec_water_amount, garden_id) values ('Southern Succisella', 132, '2022-04-17', 4, 14, 15, 14, 17);
insert into plants (species, id, plant_date, height, bed_num, rec_water_freq, rec_water_amount, garden_id) values ('Gomidesia', 133, '2022-07-16', 41, 29, 18, 24, 44);
insert into plants (species, id, plant_date, height, bed_num, rec_water_freq, rec_water_amount, garden_id) values ('Creeping Spleenwort', 134, '2019-06-13', 28, 12, 10, 25, 20);
insert into plants (species, id, plant_date, height, bed_num, rec_water_freq, rec_water_amount, garden_id) values ('Cartilage Lichen', 135, '2020-09-28', 43, 14, 2, 6, 68);
insert into plants (species, id, plant_date, height, bed_num, rec_water_freq, rec_water_amount, garden_id) values ('Lesser Trema', 136, '2019-04-16', 88, 14, 18, 12, 68);
insert into plants (species, id, plant_date, height, bed_num, rec_water_freq, rec_water_amount, garden_id) values ('Oblongfruit Serviceberry', 137, '2021-08-23', 45, 21, 9, 28, 10);
insert into plants (species, id, plant_date, height, bed_num, rec_water_freq, rec_water_amount, garden_id) values ('Lunania', 138, '2020-08-13', 70, 28, 17, 5, 1);
insert into plants (species, id, plant_date, height, bed_num, rec_water_freq, rec_water_amount, garden_id) values ('Fissidens Moss', 139, '2020-02-18', 91, 7, 5, 16, 45);
insert into plants (species, id, plant_date, height, bed_num, rec_water_freq, rec_water_amount, garden_id) values ('False Mannagrass', 140, '2020-06-05', 30, 6, 4, 14, 5);
insert into plants (species, id, plant_date, height, bed_num, rec_water_freq, rec_water_amount, garden_id) values ('Slender Woolly Buckwheat', 141, '2019-11-07', 58, 28, 2, 10, 26);
insert into plants (species, id, plant_date, height, bed_num, rec_water_freq, rec_water_amount, garden_id) values ('Umbrella Plant', 142, '2020-11-07', 40, 9, 9, 26, 73);
insert into plants (species, id, plant_date, height, bed_num, rec_water_freq, rec_water_amount, garden_id) values ('Bur Grass', 143, '2022-11-22', 28, 7, 13, 23, 70);
insert into plants (species, id, plant_date, height, bed_num, rec_water_freq, rec_water_amount, garden_id) values ('Darkbrown Sedge', 144, '2021-08-29', 49, 5, 13, 26, 8);
insert into plants (species, id, plant_date, height, bed_num, rec_water_freq, rec_water_amount, garden_id) values ('Evermann''s Lupine', 145, '2021-05-12', 35, 14, 8, 7, 68);
insert into plants (species, id, plant_date, height, bed_num, rec_water_freq, rec_water_amount, garden_id) values ('Trinity Mountain Rockcress', 146, '2020-07-28', 78, 20, 16, 19, 54);
insert into plants (species, id, plant_date, height, bed_num, rec_water_freq, rec_water_amount, garden_id) values ('Hansen''s Spikemoss', 147, '2020-03-14', 95, 19, 18, 11, 61);
insert into plants (species, id, plant_date, height, bed_num, rec_water_freq, rec_water_amount, garden_id) values ('Purple Mombin', 148, '2019-10-14', 49, 29, 14, 20, 44);
insert into plants (species, id, plant_date, height, bed_num, rec_water_freq, rec_water_amount, garden_id) values ('Jesuit''s Bark', 149, '2022-11-06', 82, 29, 20, 29, 44);
insert into plants (species, id, plant_date, height, bed_num, rec_water_freq, rec_water_amount, garden_id) values ('Milkbark', 150, '2020-11-21', 100, 20, 15, 11, 54);
insert into plants (species, id, plant_date, height, bed_num, rec_water_freq, rec_water_amount, garden_id) values ('Shield Lichen', 151, '2019-08-05', 60, 12, 16, 12, 20);
insert into plants (species, id, plant_date, height, bed_num, rec_water_freq, rec_water_amount, garden_id) values ('Reimar Grass', 152, '2019-12-21', 61, 14, 15, 18, 68);
insert into plants (species, id, plant_date, height, bed_num, rec_water_freq, rec_water_amount, garden_id) values ('Phanerophlebia', 153, '2022-04-28', 22, 28, 17, 25, 1);
insert into plants (species, id, plant_date, height, bed_num, rec_water_freq, rec_water_amount, garden_id) values ('Pale False Mannagrass', 154, '2020-03-16', 89, 4, 9, 24, 27);
insert into plants (species, id, plant_date, height, bed_num, rec_water_freq, rec_water_amount, garden_id) values ('Black Peppermint', 155, '2021-09-20', 32, 28, 8, 7, 79);
insert into plants (species, id, plant_date, height, bed_num, rec_water_freq, rec_water_amount, garden_id) values ('Wahlenberg''s Oncophorus Moss', 156, '2021-09-20', 60, 11, 9, 26, 21);
insert into plants (species, id, plant_date, height, bed_num, rec_water_freq, rec_water_amount, garden_id) values ('Big Yellow Velvetleaf', 157, '2020-01-19', 61, 20, 13, 22, 11);
insert into plants (species, id, plant_date, height, bed_num, rec_water_freq, rec_water_amount, garden_id) values ('Dudley''s Rush', 158, '2021-11-22', 60, 16, 11, 11, 77);
insert into plants (species, id, plant_date, height, bed_num, rec_water_freq, rec_water_amount, garden_id) values ('Currant', 159, '2019-04-21', 85, 13, 1, 3, 3);
insert into plants (species, id, plant_date, height, bed_num, rec_water_freq, rec_water_amount, garden_id) values ('Mountain Paper Birch', 160, '2021-12-27', 19, 1, 8, 4, 76);
insert into plants (species, id, plant_date, height, bed_num, rec_water_freq, rec_water_amount, garden_id) values ('Palo De Hueso', 161, '2020-06-09', 16, 4, 12, 7, 65);
insert into plants (species, id, plant_date, height, bed_num, rec_water_freq, rec_water_amount, garden_id) values ('Gorman''s Dwarf-primrose', 162, '2019-08-21', 11, 16, 11, 17, 77);
insert into plants (species, id, plant_date, height, bed_num, rec_water_freq, rec_water_amount, garden_id) values ('Fremont''s Mahonia', 163, '2021-02-15', 51, 13, 3, 12, 50);
insert into plants (species, id, plant_date, height, bed_num, rec_water_freq, rec_water_amount, garden_id) values ('Alaska Curved Woodrush', 164, '2020-10-19', 98, 13, 4, 1, 3);
insert into plants (species, id, plant_date, height, bed_num, rec_water_freq, rec_water_amount, garden_id) values ('Bestia Moss', 165, '2022-09-26', 84, 13, 3, 8, 4);
insert into plants (species, id, plant_date, height, bed_num, rec_water_freq, rec_water_amount, garden_id) values ('Yellow Wild Indigo', 166, '2022-05-03', 83, 10, 5, 12, 22);
insert into plants (species, id, plant_date, height, bed_num, rec_water_freq, rec_water_amount, garden_id) values ('Tarweed', 167, '2021-02-07', 26, 8, 14, 11, 32);
insert into plants (species, id, plant_date, height, bed_num, rec_water_freq, rec_water_amount, garden_id) values ('Lace Hedgehog Cactus', 168, '2022-08-28', 36, 6, 9, 25, 15);
insert into plants (species, id, plant_date, height, bed_num, rec_water_freq, rec_water_amount, garden_id) values ('Trans-pecos Honeysweet', 169, '2019-07-21', 89, 28, 3, 27, 52);
insert into plants (species, id, plant_date, height, bed_num, rec_water_freq, rec_water_amount, garden_id) values ('Link''s Maiden Fern', 170, '2021-01-10', 26, 4, 13, 13, 27);
insert into plants (species, id, plant_date, height, bed_num, rec_water_freq, rec_water_amount, garden_id) values ('European Hawkweed', 171, '2019-04-08', 32, 13, 4, 13, 4);
insert into plants (species, id, plant_date, height, bed_num, rec_water_freq, rec_water_amount, garden_id) values ('Illinois Pinweed', 172, '2021-08-20', 25, 18, 16, 26, 19);
insert into plants (species, id, plant_date, height, bed_num, rec_water_freq, rec_water_amount, garden_id) values ('Pricklypear', 173, '2021-04-03', 87, 18, 16, 29, 62);
insert into plants (species, id, plant_date, height, bed_num, rec_water_freq, rec_water_amount, garden_id) values ('Fivefingers', 174, '2020-05-04', 35, 16, 9, 21, 78);
insert into plants (species, id, plant_date, height, bed_num, rec_water_freq, rec_water_amount, garden_id) values ('Pauper Milkvetch', 175, '2021-06-25', 94, 30, 2, 24, 28);
insert into plants (species, id, plant_date, height, bed_num, rec_water_freq, rec_water_amount, garden_id) values ('Phloxleaf Bedstraw', 176, '2021-03-04', 49, 14, 3, 13, 68);
insert into plants (species, id, plant_date, height, bed_num, rec_water_freq, rec_water_amount, garden_id) values ('Bolander''s Pohlia Moss', 177, '2020-12-06', 5, 4, 20, 20, 27);
insert into plants (species, id, plant_date, height, bed_num, rec_water_freq, rec_water_amount, garden_id) values ('Argentine Fingergrass', 178, '2022-08-02', 15, 1, 17, 25, 58);
insert into plants (species, id, plant_date, height, bed_num, rec_water_freq, rec_water_amount, garden_id) values ('White Lobelia', 179, '2021-03-29', 31, 30, 4, 15, 28);
insert into plants (species, id, plant_date, height, bed_num, rec_water_freq, rec_water_amount, garden_id) values ('Table Mountain Pine', 180, '2022-06-07', 62, 19, 7, 30, 37);
insert into plants (species, id, plant_date, height, bed_num, rec_water_freq, rec_water_amount, garden_id) values ('Map Lichen', 181, '2021-09-14', 80, 19, 20, 23, 61);
insert into plants (species, id, plant_date, height, bed_num, rec_water_freq, rec_water_amount, garden_id) values ('Woodland Islandfern', 182, '2021-05-08', 79, 8, 19, 24, 6);
insert into plants (species, id, plant_date, height, bed_num, rec_water_freq, rec_water_amount, garden_id) values ('Bryonora Lichen', 183, '2021-09-12', 89, 30, 1, 5, 60);
insert into plants (species, id, plant_date, height, bed_num, rec_water_freq, rec_water_amount, garden_id) values ('Nasturtium', 184, '2022-05-03', 26, 30, 20, 26, 80);
insert into plants (species, id, plant_date, height, bed_num, rec_water_freq, rec_water_amount, garden_id) values ('Poison Sanicle', 185, '2020-09-01', 86, 3, 5, 25, 59);
insert into plants (species, id, plant_date, height, bed_num, rec_water_freq, rec_water_amount, garden_id) values ('Cutleaf Groundcherry', 186, '2020-06-15', 83, 13, 8, 30, 3);
insert into plants (species, id, plant_date, height, bed_num, rec_water_freq, rec_water_amount, garden_id) values ('Burn Nose', 187, '2022-05-13', 42, 19, 19, 25, 25);
insert into plants (species, id, plant_date, height, bed_num, rec_water_freq, rec_water_amount, garden_id) values ('Babington''s Graphina Lichen', 188, '2022-03-21', 61, 18, 9, 22, 30);
insert into plants (species, id, plant_date, height, bed_num, rec_water_freq, rec_water_amount, garden_id) values ('Oleander', 189, '2019-11-03', 2, 3, 13, 24, 59);
insert into plants (species, id, plant_date, height, bed_num, rec_water_freq, rec_water_amount, garden_id) values ('West Indian Woodsorrel', 190, '2019-06-24', 52, 5, 9, 12, 49);
insert into plants (species, id, plant_date, height, bed_num, rec_water_freq, rec_water_amount, garden_id) values ('Harford''s Tree Poppy', 191, '2019-08-27', 91, 1, 12, 17, 71);
insert into plants (species, id, plant_date, height, bed_num, rec_water_freq, rec_water_amount, garden_id) values ('Pineneedle Milkweed', 192, '2020-07-19', 15, 13, 13, 28, 50);
insert into plants (species, id, plant_date, height, bed_num, rec_water_freq, rec_water_amount, garden_id) values ('Confederate Bulbothrix Lichen', 193, '2021-05-12', 74, 3, 15, 20, 67);
insert into plants (species, id, plant_date, height, bed_num, rec_water_freq, rec_water_amount, garden_id) values ('Deam''s Threeseed Mercury', 194, '2022-07-14', 83, 19, 17, 26, 72);
insert into plants (species, id, plant_date, height, bed_num, rec_water_freq, rec_water_amount, garden_id) values ('Kaibab Bladderpod', 195, '2021-12-07', 44, 13, 4, 19, 4);
insert into plants (species, id, plant_date, height, bed_num, rec_water_freq, rec_water_amount, garden_id) values ('Checker Lily', 196, '2021-02-01', 9, 6, 14, 22, 16);
insert into plants (species, id, plant_date, height, bed_num, rec_water_freq, rec_water_amount, garden_id) values ('Douglas-fir', 197, '2022-06-21', 8, 3, 2, 11, 56);
insert into plants (species, id, plant_date, height, bed_num, rec_water_freq, rec_water_amount, garden_id) values ('Inyo Biscuitroot', 198, '2021-04-22', 69, 23, 1, 19, 75);
insert into plants (species, id, plant_date, height, bed_num, rec_water_freq, rec_water_amount, garden_id) values ('Fivepetal Leaf-flower', 199, '2020-04-19', 36, 20, 11, 21, 54);
insert into plants (species, id, plant_date, height, bed_num, rec_water_freq, rec_water_amount, garden_id) values ('Tweedy''s Milkvetch', 200, '2021-03-17', 53, 2, 4, 29, 42);
insert into plants (species, id, plant_date, height, bed_num, rec_water_freq, rec_water_amount, garden_id) values ('Old Wood Rimmed Lichen', 201, '2022-10-18', 17, 6, 2, 6, 15);
insert into plants (species, id, plant_date, height, bed_num, rec_water_freq, rec_water_amount, garden_id) values ('Wedgescale Saltbush', 202, '2019-06-19', 13, 6, 6, 12, 5);
insert into plants (species, id, plant_date, height, bed_num, rec_water_freq, rec_water_amount, garden_id) values ('Bird''s-foot Trefoil', 203, '2022-09-10', 83, 19, 16, 6, 61);
insert into plants (species, id, plant_date, height, bed_num, rec_water_freq, rec_water_amount, garden_id) values ('Gairdner''s Yampah', 204, '2019-08-02', 84, 19, 18, 19, 37);
insert into plants (species, id, plant_date, height, bed_num, rec_water_freq, rec_water_amount, garden_id) values ('Chinese Soapberry', 205, '2020-03-03', 30, 3, 5, 15, 56);
insert into plants (species, id, plant_date, height, bed_num, rec_water_freq, rec_water_amount, garden_id) values ('Hybrid Oak', 206, '2021-05-05', 78, 28, 14, 16, 52);
insert into plants (species, id, plant_date, height, bed_num, rec_water_freq, rec_water_amount, garden_id) values ('Common Bugseed', 207, '2021-11-11', 48, 1, 9, 11, 58);
insert into plants (species, id, plant_date, height, bed_num, rec_water_freq, rec_water_amount, garden_id) values ('Wart Lichen', 208, '2021-06-25', 60, 23, 4, 27, 75);
insert into plants (species, id, plant_date, height, bed_num, rec_water_freq, rec_water_amount, garden_id) values ('Caribbean Crabgrass', 209, '2021-04-20', 83, 21, 9, 4, 10);
insert into plants (species, id, plant_date, height, bed_num, rec_water_freq, rec_water_amount, garden_id) values ('Sierra Nakedwood', 210, '2020-08-03', 58, 15, 20, 14, 64);
insert into plants (species, id, plant_date, height, bed_num, rec_water_freq, rec_water_amount, garden_id) values ('White Fishhook Cactus', 211, '2022-04-08', 73, 30, 8, 11, 28);
insert into plants (species, id, plant_date, height, bed_num, rec_water_freq, rec_water_amount, garden_id) values ('Apache Pine', 212, '2021-04-18', 38, 18, 2, 7, 30);
insert into plants (species, id, plant_date, height, bed_num, rec_water_freq, rec_water_amount, garden_id) values ('Beardless Wildrye', 213, '2020-02-16', 57, 7, 7, 24, 38);
insert into plants (species, id, plant_date, height, bed_num, rec_water_freq, rec_water_amount, garden_id) values ('Pohaku Cyanea', 214, '2020-08-08', 64, 1, 12, 8, 76);
insert into plants (species, id, plant_date, height, bed_num, rec_water_freq, rec_water_amount, garden_id) values ('Asian Watergrass', 215, '2020-07-09', 12, 21, 3, 19, 40);
insert into plants (species, id, plant_date, height, bed_num, rec_water_freq, rec_water_amount, garden_id) values ('Largeflower Fairybells', 216, '2021-04-20', 79, 30, 17, 28, 28);
insert into plants (species, id, plant_date, height, bed_num, rec_water_freq, rec_water_amount, garden_id) values ('Tarwi', 217, '2020-02-27', 30, 21, 20, 12, 10);
insert into plants (species, id, plant_date, height, bed_num, rec_water_freq, rec_water_amount, garden_id) values ('Spiked Hoarypea', 218, '2020-12-03', 10, 1, 2, 17, 58);
insert into plants (species, id, plant_date, height, bed_num, rec_water_freq, rec_water_amount, garden_id) values ('Coral Orange Lichen', 219, '2020-12-21', 79, 19, 6, 30, 61);
insert into plants (species, id, plant_date, height, bed_num, rec_water_freq, rec_water_amount, garden_id) values ('African Locust Bean', 220, '2020-05-21', 37, 12, 6, 20, 20);
insert into plants (species, id, plant_date, height, bed_num, rec_water_freq, rec_water_amount, garden_id) values ('Dwarf Snapdragon', 221, '2022-06-21', 77, 26, 2, 12, 63);
insert into plants (species, id, plant_date, height, bed_num, rec_water_freq, rec_water_amount, garden_id) values ('Eucalyptus', 222, '2021-10-10', 28, 30, 10, 22, 2);
insert into plants (species, id, plant_date, height, bed_num, rec_water_freq, rec_water_amount, garden_id) values ('Elliptical Buttercup', 223, '2021-07-05', 71, 13, 3, 29, 3);
insert into plants (species, id, plant_date, height, bed_num, rec_water_freq, rec_water_amount, garden_id) values ('Limestone Glade Milkvetch', 224, '2022-10-02', 12, 1, 19, 7, 71);
insert into plants (species, id, plant_date, height, bed_num, rec_water_freq, rec_water_amount, garden_id) values ('Western False Dragonhead', 225, '2021-08-02', 20, 6, 4, 26, 5);
insert into plants (species, id, plant_date, height, bed_num, rec_water_freq, rec_water_amount, garden_id) values ('Palomar Monkeyflower', 226, '2020-02-27', 16, 1, 9, 25, 18);
insert into plants (species, id, plant_date, height, bed_num, rec_water_freq, rec_water_amount, garden_id) values ('Hempnettle', 227, '2022-05-23', 63, 30, 16, 12, 2);
insert into plants (species, id, plant_date, height, bed_num, rec_water_freq, rec_water_amount, garden_id) values ('Oahu Riverhemp', 228, '2020-03-02', 58, 21, 18, 8, 40);
insert into plants (species, id, plant_date, height, bed_num, rec_water_freq, rec_water_amount, garden_id) values ('Sampson''s Snakeroot', 229, '2021-07-28', 21, 4, 17, 23, 65);
insert into plants (species, id, plant_date, height, bed_num, rec_water_freq, rec_water_amount, garden_id) values ('Schmidt''s Xanthoparmelia Lichen', 230, '2020-05-12', 28, 6, 12, 10, 5);
insert into plants (species, id, plant_date, height, bed_num, rec_water_freq, rec_water_amount, garden_id) values ('Smooth Alkaligrass', 231, '2021-03-20', 78, 10, 7, 11, 55);
insert into plants (species, id, plant_date, height, bed_num, rec_water_freq, rec_water_amount, garden_id) values ('Menzies'' Fiddleneck', 232, '2019-11-12', 52, 13, 6, 22, 3);
insert into plants (species, id, plant_date, height, bed_num, rec_water_freq, rec_water_amount, garden_id) values ('Flatsedge', 233, '2019-06-08', 80, 20, 1, 7, 54);
insert into plants (species, id, plant_date, height, bed_num, rec_water_freq, rec_water_amount, garden_id) values ('Tufted Wallaby Grass', 234, '2019-12-28', 22, 30, 5, 28, 60);
insert into plants (species, id, plant_date, height, bed_num, rec_water_freq, rec_water_amount, garden_id) values ('Oriental Vessel Fern', 235, '2022-04-23', 78, 16, 1, 22, 77);
insert into plants (species, id, plant_date, height, bed_num, rec_water_freq, rec_water_amount, garden_id) values ('Rio Grande Greenthread', 236, '2019-11-13', 85, 16, 6, 20, 78);
insert into plants (species, id, plant_date, height, bed_num, rec_water_freq, rec_water_amount, garden_id) values ('Polynesian ''ohe', 237, '2021-07-06', 63, 10, 3, 12, 22);
insert into plants (species, id, plant_date, height, bed_num, rec_water_freq, rec_water_amount, garden_id) values ('Paradisetree', 238, '2022-01-22', 94, 10, 11, 8, 22);
insert into plants (species, id, plant_date, height, bed_num, rec_water_freq, rec_water_amount, garden_id) values ('Yerba De Cabra', 239, '2021-03-05', 18, 14, 4, 8, 68);
insert into plants (species, id, plant_date, height, bed_num, rec_water_freq, rec_water_amount, garden_id) values ('Mormon Tea', 240, '2022-05-08', 41, 30, 19, 2, 80);
insert into plants (species, id, plant_date, height, bed_num, rec_water_freq, rec_water_amount, garden_id) values ('Bashful Bulrush', 241, '2019-12-12', 31, 20, 13, 27, 11);
insert into plants (species, id, plant_date, height, bed_num, rec_water_freq, rec_water_amount, garden_id) values ('Tropical Flatsedge', 242, '2022-07-21', 81, 20, 13, 27, 11);
insert into plants (species, id, plant_date, height, bed_num, rec_water_freq, rec_water_amount, garden_id) values ('Castalis', 243, '2019-10-30', 72, 19, 9, 8, 72);
insert into plants (species, id, plant_date, height, bed_num, rec_water_freq, rec_water_amount, garden_id) values ('Largeflower Yellow False Foxglove', 244, '2021-03-15', 4, 3, 17, 3, 59);
insert into plants (species, id, plant_date, height, bed_num, rec_water_freq, rec_water_amount, garden_id) values ('Torrey''s Blue Eyed Mary', 245, '2021-12-06', 16, 28, 9, 24, 1);
insert into plants (species, id, plant_date, height, bed_num, rec_water_freq, rec_water_amount, garden_id) values ('White Leadtree', 246, '2022-05-07', 5, 23, 6, 2, 75);
insert into plants (species, id, plant_date, height, bed_num, rec_water_freq, rec_water_amount, garden_id) values ('Algarrobo Negro', 247, '2019-10-28', 27, 16, 5, 15, 78);
insert into plants (species, id, plant_date, height, bed_num, rec_water_freq, rec_water_amount, garden_id) values ('Cottontop Cactus', 248, '2020-04-24', 54, 16, 19, 8, 78);
insert into plants (species, id, plant_date, height, bed_num, rec_water_freq, rec_water_amount, garden_id) values ('Georgia Rush', 249, '2021-02-23', 18, 19, 19, 21, 25);
insert into plants (species, id, plant_date, height, bed_num, rec_water_freq, rec_water_amount, garden_id) values ('Lozano''s False Indianmallow', 250, '2022-10-09', 82, 6, 8, 25, 16);
insert into plants (species, id, plant_date, height, bed_num, rec_water_freq, rec_water_amount, garden_id) values ('Green Orchid', 251, '2022-10-20', 92, 26, 15, 25, 63);
insert into plants (species, id, plant_date, height, bed_num, rec_water_freq, rec_water_amount, garden_id) values ('Wooton''s Holdback', 252, '2020-10-14', 30, 20, 4, 19, 54);
insert into plants (species, id, plant_date, height, bed_num, rec_water_freq, rec_water_amount, garden_id) values ('Lace Grass', 253, '2021-11-11', 75, 30, 5, 14, 28);
insert into plants (species, id, plant_date, height, bed_num, rec_water_freq, rec_water_amount, garden_id) values ('Bariaco', 254, '2022-02-18', 29, 7, 11, 5, 70);
insert into plants (species, id, plant_date, height, bed_num, rec_water_freq, rec_water_amount, garden_id) values ('Swallen''s Needlegrass', 255, '2022-02-19', 88, 4, 7, 11, 65);
insert into plants (species, id, plant_date, height, bed_num, rec_water_freq, rec_water_amount, garden_id) values ('Hypopterygium Moss', 256, '2021-10-29', 52, 1, 16, 15, 18);
insert into plants (species, id, plant_date, height, bed_num, rec_water_freq, rec_water_amount, garden_id) values ('Berlandier''s Lobelia', 257, '2022-05-15', 33, 12, 1, 16, 20);
insert into plants (species, id, plant_date, height, bed_num, rec_water_freq, rec_water_amount, garden_id) values ('Rufous Bulrush', 258, '2020-08-21', 34, 13, 14, 10, 50);
insert into plants (species, id, plant_date, height, bed_num, rec_water_freq, rec_water_amount, garden_id) values ('Griffiths'' Saltbush', 259, '2021-12-03', 43, 30, 19, 20, 74);
insert into plants (species, id, plant_date, height, bed_num, rec_water_freq, rec_water_amount, garden_id) values ('Edwards Plateau Hoarypea', 260, '2019-12-21', 62, 10, 11, 9, 51);
insert into plants (species, id, plant_date, height, bed_num, rec_water_freq, rec_water_amount, garden_id) values ('Eastwood''s Goldenbush', 261, '2022-11-06', 10, 18, 7, 21, 19);
insert into plants (species, id, plant_date, height, bed_num, rec_water_freq, rec_water_amount, garden_id) values ('Alpine Azalea', 262, '2021-04-25', 44, 9, 5, 12, 23);
insert into plants (species, id, plant_date, height, bed_num, rec_water_freq, rec_water_amount, garden_id) values ('Rough Indian Paintbrush', 263, '2021-01-23', 91, 10, 15, 9, 22);
insert into plants (species, id, plant_date, height, bed_num, rec_water_freq, rec_water_amount, garden_id) values ('Graceful Pouzolzsbush', 264, '2020-01-14', 21, 29, 2, 13, 31);
insert into plants (species, id, plant_date, height, bed_num, rec_water_freq, rec_water_amount, garden_id) values ('Pondweed', 265, '2020-11-01', 7, 20, 4, 7, 11);
insert into plants (species, id, plant_date, height, bed_num, rec_water_freq, rec_water_amount, garden_id) values ('Eaton''s Aster', 266, '2019-04-15', 77, 11, 20, 26, 21);
insert into plants (species, id, plant_date, height, bed_num, rec_water_freq, rec_water_amount, garden_id) values ('Capillary Hairsedge', 267, '2020-12-21', 58, 7, 2, 14, 45);
insert into plants (species, id, plant_date, height, bed_num, rec_water_freq, rec_water_amount, garden_id) values ('Rio Grande Saddlebush', 268, '2020-01-08', 93, 23, 12, 28, 7);
insert into plants (species, id, plant_date, height, bed_num, rec_water_freq, rec_water_amount, garden_id) values ('Glandular Rose', 269, '2021-07-28', 4, 26, 20, 9, 63);
insert into plants (species, id, plant_date, height, bed_num, rec_water_freq, rec_water_amount, garden_id) values ('Linearleaf Cyanea', 270, '2020-02-19', 60, 13, 6, 13, 4);
insert into plants (species, id, plant_date, height, bed_num, rec_water_freq, rec_water_amount, garden_id) values ('Bird-of-paradise', 271, '2020-03-18', 46, 29, 19, 14, 31);
insert into plants (species, id, plant_date, height, bed_num, rec_water_freq, rec_water_amount, garden_id) values ('Raup''s Fringedgentian', 272, '2022-07-16', 95, 22, 18, 17, 57);
insert into plants (species, id, plant_date, height, bed_num, rec_water_freq, rec_water_amount, garden_id) values ('Longleaf Phlox', 273, '2022-09-25', 88, 19, 20, 24, 61);
insert into plants (species, id, plant_date, height, bed_num, rec_water_freq, rec_water_amount, garden_id) values ('Sainfoin', 274, '2022-09-13', 88, 20, 1, 20, 11);
insert into plants (species, id, plant_date, height, bed_num, rec_water_freq, rec_water_amount, garden_id) values ('Red Maple', 275, '2020-05-24', 49, 29, 18, 23, 44);
insert into plants (species, id, plant_date, height, bed_num, rec_water_freq, rec_water_amount, garden_id) values ('Southern Quillwort', 276, '2019-07-13', 24, 20, 3, 10, 54);
insert into plants (species, id, plant_date, height, bed_num, rec_water_freq, rec_water_amount, garden_id) values ('Pseudoditrichum Moss', 277, '2021-06-06', 84, 8, 5, 4, 6);
insert into plants (species, id, plant_date, height, bed_num, rec_water_freq, rec_water_amount, garden_id) values ('''uiwi', 278, '2022-07-15', 35, 30, 4, 14, 80);
insert into plants (species, id, plant_date, height, bed_num, rec_water_freq, rec_water_amount, garden_id) values ('Holy Basil', 279, '2022-03-28', 36, 19, 12, 17, 24);
insert into plants (species, id, plant_date, height, bed_num, rec_water_freq, rec_water_amount, garden_id) values ('Kopa', 280, '2020-05-31', 41, 14, 20, 9, 46);
insert into plants (species, id, plant_date, height, bed_num, rec_water_freq, rec_water_amount, garden_id) values ('Halodule', 281, '2020-03-22', 22, 13, 20, 2, 3);
insert into plants (species, id, plant_date, height, bed_num, rec_water_freq, rec_water_amount, garden_id) values ('Poorjoe', 282, '2019-11-27', 91, 6, 13, 28, 16);
insert into plants (species, id, plant_date, height, bed_num, rec_water_freq, rec_water_amount, garden_id) values ('Puerto Rico Royal Palm', 283, '2022-09-16', 5, 9, 14, 16, 23);
insert into plants (species, id, plant_date, height, bed_num, rec_water_freq, rec_water_amount, garden_id) values ('Cluster Mallow', 284, '2019-10-03', 28, 4, 15, 21, 48);
insert into plants (species, id, plant_date, height, bed_num, rec_water_freq, rec_water_amount, garden_id) values ('Engelmann Oak', 285, '2019-05-19', 41, 15, 8, 7, 64);
insert into plants (species, id, plant_date, height, bed_num, rec_water_freq, rec_water_amount, garden_id) values ('Oxystylis', 286, '2019-05-14', 38, 10, 2, 1, 22);
insert into plants (species, id, plant_date, height, bed_num, rec_water_freq, rec_water_amount, garden_id) values ('Woollyfruit Desertparsley', 287, '2020-01-26', 46, 6, 17, 30, 15);
insert into plants (species, id, plant_date, height, bed_num, rec_water_freq, rec_water_amount, garden_id) values ('Uniola Flatsedge', 288, '2022-03-07', 27, 6, 18, 1, 16);
insert into plants (species, id, plant_date, height, bed_num, rec_water_freq, rec_water_amount, garden_id) values ('Bushy Goldentop', 289, '2020-03-30', 92, 16, 11, 20, 34);
insert into plants (species, id, plant_date, height, bed_num, rec_water_freq, rec_water_amount, garden_id) values ('Western Dwarf Mistletoe', 290, '2020-01-09', 84, 4, 12, 8, 27);
insert into plants (species, id, plant_date, height, bed_num, rec_water_freq, rec_water_amount, garden_id) values ('Withering Flatsedge', 291, '2021-03-01', 47, 26, 1, 20, 29);
insert into plants (species, id, plant_date, height, bed_num, rec_water_freq, rec_water_amount, garden_id) values ('Rosette Lichen', 292, '2021-02-22', 71, 9, 8, 25, 73);
insert into plants (species, id, plant_date, height, bed_num, rec_water_freq, rec_water_amount, garden_id) values ('Petiveria', 293, '2020-09-13', 61, 6, 2, 25, 16);
insert into plants (species, id, plant_date, height, bed_num, rec_water_freq, rec_water_amount, garden_id) values ('Rusty Staggerbush', 294, '2019-10-29', 94, 29, 11, 26, 31);
insert into plants (species, id, plant_date, height, bed_num, rec_water_freq, rec_water_amount, garden_id) values ('Pink Alumroot', 295, '2021-03-02', 28, 11, 13, 13, 33);
insert into plants (species, id, plant_date, height, bed_num, rec_water_freq, rec_water_amount, garden_id) values ('Filiform Hypnum Moss', 296, '2019-05-12', 23, 15, 13, 13, 64);
insert into plants (species, id, plant_date, height, bed_num, rec_water_freq, rec_water_amount, garden_id) values ('Cuban Dropseed', 297, '2022-07-09', 22, 16, 5, 3, 78);
insert into plants (species, id, plant_date, height, bed_num, rec_water_freq, rec_water_amount, garden_id) values ('Striped Hawksbeard', 298, '2022-05-19', 24, 8, 6, 16, 39);
insert into plants (species, id, plant_date, height, bed_num, rec_water_freq, rec_water_amount, garden_id) values ('Orthotrichum Moss', 299, '2021-06-29', 79, 26, 3, 22, 63);
insert into plants (species, id, plant_date, height, bed_num, rec_water_freq, rec_water_amount, garden_id) values ('Cabbage', 300, '2022-07-31', 52, 1, 11, 5, 18);
insert into plants (species, id, plant_date, height, bed_num, rec_water_freq, rec_water_amount, garden_id) values ('American Spongeplant', 301, '2022-06-09', 40, 8, 16, 21, 32);
insert into plants (species, id, plant_date, height, bed_num, rec_water_freq, rec_water_amount, garden_id) values ('Blackrodwood', 302, '2020-11-03', 30, 17, 14, 27, 12);
insert into plants (species, id, plant_date, height, bed_num, rec_water_freq, rec_water_amount, garden_id) values ('Downy Birch', 303, '2020-02-15', 36, 21, 14, 15, 10);
insert into plants (species, id, plant_date, height, bed_num, rec_water_freq, rec_water_amount, garden_id) values ('Oxyrhynchus', 304, '2021-12-04', 9, 7, 5, 19, 70);
insert into plants (species, id, plant_date, height, bed_num, rec_water_freq, rec_water_amount, garden_id) values ('Quartzite Rimmed Lichen', 305, '2022-11-16', 98, 9, 10, 27, 73);
insert into plants (species, id, plant_date, height, bed_num, rec_water_freq, rec_water_amount, garden_id) values ('Appalachian Blazing Star', 306, '2021-09-06', 73, 13, 4, 1, 4);
insert into plants (species, id, plant_date, height, bed_num, rec_water_freq, rec_water_amount, garden_id) values ('Dimpled Troutlily', 307, '2021-03-12', 46, 14, 3, 17, 17);
insert into plants (species, id, plant_date, height, bed_num, rec_water_freq, rec_water_amount, garden_id) values ('Low Scleropodium Moss', 308, '2021-01-28', 1, 14, 17, 24, 17);
insert into plants (species, id, plant_date, height, bed_num, rec_water_freq, rec_water_amount, garden_id) values ('Lecidea Lichen', 309, '2021-02-08', 63, 8, 3, 7, 6);
insert into plants (species, id, plant_date, height, bed_num, rec_water_freq, rec_water_amount, garden_id) values ('''ohi''a Ha', 310, '2019-09-30', 46, 16, 18, 28, 36);
insert into plants (species, id, plant_date, height, bed_num, rec_water_freq, rec_water_amount, garden_id) values ('Fragrant Cryptantha', 311, '2021-12-03', 11, 1, 2, 17, 76);
insert into plants (species, id, plant_date, height, bed_num, rec_water_freq, rec_water_amount, garden_id) values ('Longstyle Sweetroot', 312, '2019-07-19', 38, 6, 2, 20, 16);
insert into plants (species, id, plant_date, height, bed_num, rec_water_freq, rec_water_amount, garden_id) values ('Bastardsage', 313, '2020-03-21', 68, 3, 6, 18, 67);
insert into plants (species, id, plant_date, height, bed_num, rec_water_freq, rec_water_amount, garden_id) values ('Sola Pith Plant', 314, '2021-03-26', 54, 22, 6, 22, 57);
insert into plants (species, id, plant_date, height, bed_num, rec_water_freq, rec_water_amount, garden_id) values ('Robin Runaway', 315, '2019-12-02', 33, 6, 8, 24, 16);
insert into plants (species, id, plant_date, height, bed_num, rec_water_freq, rec_water_amount, garden_id) values ('Cow Vetch', 316, '2020-01-24', 24, 11, 15, 30, 33);
insert into plants (species, id, plant_date, height, bed_num, rec_water_freq, rec_water_amount, garden_id) values ('Padang Cassia', 317, '2019-06-28', 89, 13, 9, 21, 50);
insert into plants (species, id, plant_date, height, bed_num, rec_water_freq, rec_water_amount, garden_id) values ('Munro''s Cyanea', 318, '2020-07-27', 46, 24, 8, 26, 53);
insert into plants (species, id, plant_date, height, bed_num, rec_water_freq, rec_water_amount, garden_id) values ('Chalice Lichen', 319, '2022-05-22', 64, 10, 8, 27, 9);
insert into plants (species, id, plant_date, height, bed_num, rec_water_freq, rec_water_amount, garden_id) values ('False Coolwort', 320, '2021-12-26', 83, 9, 6, 28, 23);
insert into plants (species, id, plant_date, height, bed_num, rec_water_freq, rec_water_amount, garden_id) values ('Hyssopus', 321, '2019-05-12', 57, 18, 4, 14, 62);
insert into plants (species, id, plant_date, height, bed_num, rec_water_freq, rec_water_amount, garden_id) values ('Coccocarpia Lichen', 322, '2022-08-28', 100, 14, 2, 28, 17);
insert into plants (species, id, plant_date, height, bed_num, rec_water_freq, rec_water_amount, garden_id) values ('Lecidea Lichen', 323, '2019-11-22', 40, 21, 2, 14, 35);
insert into plants (species, id, plant_date, height, bed_num, rec_water_freq, rec_water_amount, garden_id) values ('Legousia', 324, '2022-08-10', 27, 16, 10, 20, 34);
insert into plants (species, id, plant_date, height, bed_num, rec_water_freq, rec_water_amount, garden_id) values ('Cabbage Palmetto', 325, '2021-01-21', 21, 19, 4, 7, 24);
insert into plants (species, id, plant_date, height, bed_num, rec_water_freq, rec_water_amount, garden_id) values ('Broadleaf Maidenhair', 326, '2022-03-01', 67, 14, 8, 21, 46);
insert into plants (species, id, plant_date, height, bed_num, rec_water_freq, rec_water_amount, garden_id) values ('''aiakanene', 327, '2022-05-02', 48, 30, 11, 15, 60);
insert into plants (species, id, plant_date, height, bed_num, rec_water_freq, rec_water_amount, garden_id) values ('Marsdenia', 328, '2022-04-23', 47, 23, 5, 7, 7);
insert into plants (species, id, plant_date, height, bed_num, rec_water_freq, rec_water_amount, garden_id) values ('Hawkweed', 329, '2022-06-21', 40, 8, 20, 11, 39);
insert into plants (species, id, plant_date, height, bed_num, rec_water_freq, rec_water_amount, garden_id) values ('Golden Violet', 330, '2021-07-17', 28, 29, 6, 28, 31);
insert into plants (species, id, plant_date, height, bed_num, rec_water_freq, rec_water_amount, garden_id) values ('Common Alplily', 331, '2021-12-07', 36, 9, 18, 29, 23);
insert into plants (species, id, plant_date, height, bed_num, rec_water_freq, rec_water_amount, garden_id) values ('Yellow Indian Paintbrush', 332, '2021-10-07', 40, 23, 4, 14, 75);
insert into plants (species, id, plant_date, height, bed_num, rec_water_freq, rec_water_amount, garden_id) values ('Drug Snowbell', 333, '2020-09-21', 79, 9, 16, 27, 23);
insert into plants (species, id, plant_date, height, bed_num, rec_water_freq, rec_water_amount, garden_id) values ('Gypsum Threeawn', 334, '2020-05-30', 20, 30, 14, 30, 60);
insert into plants (species, id, plant_date, height, bed_num, rec_water_freq, rec_water_amount, garden_id) values ('Mock Vervain', 335, '2019-08-31', 31, 14, 14, 3, 68);
insert into plants (species, id, plant_date, height, bed_num, rec_water_freq, rec_water_amount, garden_id) values ('Water Arum', 336, '2022-06-22', 78, 3, 10, 21, 67);
insert into plants (species, id, plant_date, height, bed_num, rec_water_freq, rec_water_amount, garden_id) values ('Cup Lichen', 337, '2022-10-22', 71, 19, 16, 24, 25);
insert into plants (species, id, plant_date, height, bed_num, rec_water_freq, rec_water_amount, garden_id) values ('Schlegelia', 338, '2020-01-08', 67, 7, 10, 29, 70);
insert into plants (species, id, plant_date, height, bed_num, rec_water_freq, rec_water_amount, garden_id) values ('Creeping Meadow Foxtail', 339, '2021-07-06', 70, 19, 2, 18, 72);
insert into plants (species, id, plant_date, height, bed_num, rec_water_freq, rec_water_amount, garden_id) values ('Northern Bugleweed', 340, '2021-05-14', 52, 16, 4, 25, 78);
insert into plants (species, id, plant_date, height, bed_num, rec_water_freq, rec_water_amount, garden_id) values ('Grassland Beggarticks', 341, '2022-01-08', 31, 19, 2, 8, 24);
insert into plants (species, id, plant_date, height, bed_num, rec_water_freq, rec_water_amount, garden_id) values ('Hydnocarpus', 342, '2020-05-06', 79, 16, 20, 29, 41);
insert into plants (species, id, plant_date, height, bed_num, rec_water_freq, rec_water_amount, garden_id) values ('Buchanania', 343, '2020-08-25', 63, 20, 9, 13, 54);
insert into plants (species, id, plant_date, height, bed_num, rec_water_freq, rec_water_amount, garden_id) values ('Michigan Lily', 344, '2021-04-23', 89, 16, 17, 29, 41);
insert into plants (species, id, plant_date, height, bed_num, rec_water_freq, rec_water_amount, garden_id) values ('Saltugilia', 345, '2019-04-05', 51, 6, 11, 21, 5);
insert into plants (species, id, plant_date, height, bed_num, rec_water_freq, rec_water_amount, garden_id) values ('Dot Lichen', 346, '2021-01-23', 88, 26, 3, 10, 63);
insert into plants (species, id, plant_date, height, bed_num, rec_water_freq, rec_water_amount, garden_id) values ('Golden Pricklypoppy', 347, '2022-09-07', 75, 21, 4, 11, 47);
insert into plants (species, id, plant_date, height, bed_num, rec_water_freq, rec_water_amount, garden_id) values ('Hasse''s Lecania Lichen', 348, '2020-02-13', 96, 29, 7, 7, 31);
insert into plants (species, id, plant_date, height, bed_num, rec_water_freq, rec_water_amount, garden_id) values ('New Mexico Fanpetals', 349, '2022-03-23', 82, 12, 3, 3, 20);
insert into plants (species, id, plant_date, height, bed_num, rec_water_freq, rec_water_amount, garden_id) values ('Lady''s Tresses', 350, '2022-09-04', 78, 16, 17, 7, 77);
insert into plants (species, id, plant_date, height, bed_num, rec_water_freq, rec_water_amount, garden_id) values ('Tropical Girdlepod', 351, '2021-10-30', 95, 7, 15, 25, 45);
insert into plants (species, id, plant_date, height, bed_num, rec_water_freq, rec_water_amount, garden_id) values ('Red Hickory', 352, '2022-01-23', 90, 2, 20, 11, 42);
insert into plants (species, id, plant_date, height, bed_num, rec_water_freq, rec_water_amount, garden_id) values ('Newberry''s Milkvetch', 353, '2021-08-25', 73, 22, 18, 14, 57);
insert into plants (species, id, plant_date, height, bed_num, rec_water_freq, rec_water_amount, garden_id) values ('Bear''s Breech', 354, '2022-12-08', 48, 28, 16, 28, 1);
insert into plants (species, id, plant_date, height, bed_num, rec_water_freq, rec_water_amount, garden_id) values ('Shortleaf Alpinegold', 355, '2022-01-21', 3, 16, 12, 7, 77);
insert into plants (species, id, plant_date, height, bed_num, rec_water_freq, rec_water_amount, garden_id) values ('Yukon Sedge', 356, '2019-04-23', 18, 11, 9, 15, 21);
insert into plants (species, id, plant_date, height, bed_num, rec_water_freq, rec_water_amount, garden_id) values ('Pachysandra', 357, '2019-04-19', 35, 9, 15, 7, 73);
insert into plants (species, id, plant_date, height, bed_num, rec_water_freq, rec_water_amount, garden_id) values ('Bladdernut', 358, '2021-12-11', 87, 26, 2, 22, 63);
insert into plants (species, id, plant_date, height, bed_num, rec_water_freq, rec_water_amount, garden_id) values ('Diablo Hareleaf', 359, '2020-09-15', 21, 28, 2, 24, 1);
insert into plants (species, id, plant_date, height, bed_num, rec_water_freq, rec_water_amount, garden_id) values ('Addison''s Rosette Grass', 360, '2019-07-13', 93, 10, 3, 24, 22);
insert into plants (species, id, plant_date, height, bed_num, rec_water_freq, rec_water_amount, garden_id) values ('Tall Fleabane', 361, '2021-06-11', 62, 19, 9, 26, 24);
insert into plants (species, id, plant_date, height, bed_num, rec_water_freq, rec_water_amount, garden_id) values ('Hawthorn', 362, '2019-05-05', 74, 20, 8, 28, 54);
insert into plants (species, id, plant_date, height, bed_num, rec_water_freq, rec_water_amount, garden_id) values ('Lanai Islandmint', 363, '2020-05-22', 70, 16, 18, 8, 78);
insert into plants (species, id, plant_date, height, bed_num, rec_water_freq, rec_water_amount, garden_id) values ('Dark Raspberry', 364, '2020-08-19', 9, 19, 2, 12, 72);
insert into plants (species, id, plant_date, height, bed_num, rec_water_freq, rec_water_amount, garden_id) values ('Tall Woolly Buckwheat', 365, '2022-04-03', 46, 14, 14, 11, 17);
insert into plants (species, id, plant_date, height, bed_num, rec_water_freq, rec_water_amount, garden_id) values ('''ohi''a Lehua', 366, '2019-04-16', 71, 26, 1, 6, 63);
insert into plants (species, id, plant_date, height, bed_num, rec_water_freq, rec_water_amount, garden_id) values ('Longgland Orchid', 367, '2021-02-12', 48, 26, 10, 7, 29);
insert into plants (species, id, plant_date, height, bed_num, rec_water_freq, rec_water_amount, garden_id) values ('Del Norte Pea', 368, '2019-10-26', 47, 1, 19, 6, 71);
insert into plants (species, id, plant_date, height, bed_num, rec_water_freq, rec_water_amount, garden_id) values ('Brownfruit Rush', 369, '2020-02-28', 53, 4, 2, 14, 48);
insert into plants (species, id, plant_date, height, bed_num, rec_water_freq, rec_water_amount, garden_id) values ('Richardson''s Penstemon', 370, '2022-11-04', 50, 29, 9, 28, 43);
insert into plants (species, id, plant_date, height, bed_num, rec_water_freq, rec_water_amount, garden_id) values ('Buttecandle', 371, '2021-11-11', 44, 5, 14, 15, 8);
insert into plants (species, id, plant_date, height, bed_num, rec_water_freq, rec_water_amount, garden_id) values ('Paperbark-thorn', 372, '2021-10-03', 87, 28, 6, 21, 52);
insert into plants (species, id, plant_date, height, bed_num, rec_water_freq, rec_water_amount, garden_id) values ('Thymeleaf Sandwort', 373, '2021-12-27', 16, 6, 9, 6, 5);
insert into plants (species, id, plant_date, height, bed_num, rec_water_freq, rec_water_amount, garden_id) values ('Anisomeridium Lichen', 374, '2021-10-11', 11, 10, 6, 2, 9);
insert into plants (species, id, plant_date, height, bed_num, rec_water_freq, rec_water_amount, garden_id) values ('Aromatic Indian Breadroot', 375, '2021-11-22', 12, 30, 4, 27, 74);
insert into plants (species, id, plant_date, height, bed_num, rec_water_freq, rec_water_amount, garden_id) values ('Star Coccocarpia Lichen', 376, '2022-05-02', 15, 1, 12, 23, 76);
insert into plants (species, id, plant_date, height, bed_num, rec_water_freq, rec_water_amount, garden_id) values ('Buckley''s Dropseed', 377, '2022-09-02', 49, 19, 15, 30, 61);
insert into plants (species, id, plant_date, height, bed_num, rec_water_freq, rec_water_amount, garden_id) values ('Rydberg''s Golden Columbine', 378, '2021-10-30', 99, 26, 8, 26, 63);
insert into plants (species, id, plant_date, height, bed_num, rec_water_freq, rec_water_amount, garden_id) values ('Livermore Sandwort', 379, '2022-09-22', 30, 1, 9, 30, 18);
insert into plants (species, id, plant_date, height, bed_num, rec_water_freq, rec_water_amount, garden_id) values ('New Mexico False Yucca', 380, '2020-05-17', 65, 14, 13, 13, 17);
insert into plants (species, id, plant_date, height, bed_num, rec_water_freq, rec_water_amount, garden_id) values ('Arrabidaea', 381, '2019-05-24', 76, 16, 20, 2, 77);
insert into plants (species, id, plant_date, height, bed_num, rec_water_freq, rec_water_amount, garden_id) values ('Roundleaf Thoroughwort', 382, '2021-08-29', 80, 9, 19, 9, 23);
insert into plants (species, id, plant_date, height, bed_num, rec_water_freq, rec_water_amount, garden_id) values ('Eastwood''s Manzanita', 383, '2020-09-13', 40, 21, 9, 1, 35);
insert into plants (species, id, plant_date, height, bed_num, rec_water_freq, rec_water_amount, garden_id) values ('Twistedstalk', 384, '2019-12-29', 35, 18, 8, 5, 62);
insert into plants (species, id, plant_date, height, bed_num, rec_water_freq, rec_water_amount, garden_id) values ('Mile A Minute Vine', 385, '2020-07-12', 14, 8, 1, 15, 39);
insert into plants (species, id, plant_date, height, bed_num, rec_water_freq, rec_water_amount, garden_id) values ('Fernleaf False Candytuft', 386, '2020-02-05', 9, 20, 12, 11, 54);
insert into plants (species, id, plant_date, height, bed_num, rec_water_freq, rec_water_amount, garden_id) values ('Trans-pecos Sea Lavender', 387, '2022-08-22', 2, 24, 12, 26, 53);
insert into plants (species, id, plant_date, height, bed_num, rec_water_freq, rec_water_amount, garden_id) values ('Cucamonga Manroot', 388, '2020-02-26', 74, 19, 12, 10, 24);
insert into plants (species, id, plant_date, height, bed_num, rec_water_freq, rec_water_amount, garden_id) values ('Gravelweed', 389, '2021-12-05', 59, 13, 7, 14, 3);
insert into plants (species, id, plant_date, height, bed_num, rec_water_freq, rec_water_amount, garden_id) values ('Tenterfield Woollybutt', 390, '2019-10-04', 27, 7, 11, 10, 45);
insert into plants (species, id, plant_date, height, bed_num, rec_water_freq, rec_water_amount, garden_id) values ('Indian Woodapple', 391, '2020-08-07', 49, 4, 15, 15, 48);
insert into plants (species, id, plant_date, height, bed_num, rec_water_freq, rec_water_amount, garden_id) values ('Creeping Zinnia', 392, '2020-06-09', 74, 16, 10, 9, 34);
insert into plants (species, id, plant_date, height, bed_num, rec_water_freq, rec_water_amount, garden_id) values ('Feathered Mosquitofern', 393, '2022-02-09', 33, 11, 19, 5, 21);
insert into plants (species, id, plant_date, height, bed_num, rec_water_freq, rec_water_amount, garden_id) values ('Globe Dot Lichen', 394, '2022-01-10', 53, 7, 20, 6, 70);
insert into plants (species, id, plant_date, height, bed_num, rec_water_freq, rec_water_amount, garden_id) values ('Coenogonium Lichen', 395, '2020-03-24', 70, 9, 3, 6, 23);
insert into plants (species, id, plant_date, height, bed_num, rec_water_freq, rec_water_amount, garden_id) values ('Woolly Senna', 396, '2022-12-02', 21, 1, 1, 25, 18);
insert into plants (species, id, plant_date, height, bed_num, rec_water_freq, rec_water_amount, garden_id) values ('Louisiana Catchfly', 397, '2022-10-28', 30, 28, 14, 14, 1);
insert into plants (species, id, plant_date, height, bed_num, rec_water_freq, rec_water_amount, garden_id) values ('Saffron-flowered Lupine', 398, '2022-11-11', 2, 30, 5, 21, 60);
insert into plants (species, id, plant_date, height, bed_num, rec_water_freq, rec_water_amount, garden_id) values ('Coppery St. Johnswort', 399, '2019-11-14', 34, 8, 2, 5, 32);
insert into plants (species, id, plant_date, height, bed_num, rec_water_freq, rec_water_amount, garden_id) values ('Mojave Phacelia', 400, '2021-02-09', 99, 19, 12, 17, 25);
insert into plants (species, id, plant_date, height, bed_num, rec_water_freq, rec_water_amount, garden_id) values ('Neofuscelia Lichen', 401, '2019-04-27', 62, 19, 3, 28, 24);
insert into plants (species, id, plant_date, height, bed_num, rec_water_freq, rec_water_amount, garden_id) values ('Yellow Himalayan Raspberry', 402, '2019-07-01', 21, 4, 17, 26, 48);
insert into plants (species, id, plant_date, height, bed_num, rec_water_freq, rec_water_amount, garden_id) values ('Pore Lichen', 403, '2019-07-31', 67, 1, 15, 13, 18);
insert into plants (species, id, plant_date, height, bed_num, rec_water_freq, rec_water_amount, garden_id) values ('Hound''s Tongue', 404, '2021-02-23', 83, 10, 14, 14, 9);
insert into plants (species, id, plant_date, height, bed_num, rec_water_freq, rec_water_amount, garden_id) values ('Spiral Ditchgrass', 405, '2019-06-11', 85, 12, 12, 2, 20);
insert into plants (species, id, plant_date, height, bed_num, rec_water_freq, rec_water_amount, garden_id) values ('Mceldowney''s Cyanea', 406, '2020-12-01', 2, 30, 7, 12, 80);
insert into plants (species, id, plant_date, height, bed_num, rec_water_freq, rec_water_amount, garden_id) values ('San Luis Obispo Nightshade', 407, '2021-05-09', 17, 16, 12, 20, 77);
insert into plants (species, id, plant_date, height, bed_num, rec_water_freq, rec_water_amount, garden_id) values ('Spiked False Mannagrass', 408, '2022-03-17', 71, 16, 16, 7, 77);
insert into plants (species, id, plant_date, height, bed_num, rec_water_freq, rec_water_amount, garden_id) values ('Ophir Pass Rockcress', 409, '2022-01-13', 18, 9, 19, 30, 23);
insert into plants (species, id, plant_date, height, bed_num, rec_water_freq, rec_water_amount, garden_id) values ('Coastal Plain Dawnflower', 410, '2021-07-30', 75, 18, 8, 29, 62);
insert into plants (species, id, plant_date, height, bed_num, rec_water_freq, rec_water_amount, garden_id) values ('Higuerito', 411, '2020-01-27', 45, 29, 9, 17, 31);
insert into plants (species, id, plant_date, height, bed_num, rec_water_freq, rec_water_amount, garden_id) values ('Pale Grasspink', 412, '2019-08-09', 92, 8, 10, 25, 39);
insert into plants (species, id, plant_date, height, bed_num, rec_water_freq, rec_water_amount, garden_id) values ('Eucalyptus', 413, '2022-11-29', 86, 16, 1, 23, 77);
insert into plants (species, id, plant_date, height, bed_num, rec_water_freq, rec_water_amount, garden_id) values ('Montanoa', 414, '2019-11-04', 2, 10, 7, 10, 9);
insert into plants (species, id, plant_date, height, bed_num, rec_water_freq, rec_water_amount, garden_id) values ('Missouri Gourd', 415, '2022-11-10', 12, 26, 19, 14, 63);
insert into plants (species, id, plant_date, height, bed_num, rec_water_freq, rec_water_amount, garden_id) values ('Oregon Crabseye Lichen', 416, '2020-03-13', 44, 22, 14, 4, 57);
insert into plants (species, id, plant_date, height, bed_num, rec_water_freq, rec_water_amount, garden_id) values ('Pacific Fescue', 417, '2022-05-02', 27, 12, 6, 17, 20);
insert into plants (species, id, plant_date, height, bed_num, rec_water_freq, rec_water_amount, garden_id) values ('Sarcographa Lichen', 418, '2020-01-15', 21, 13, 4, 13, 4);
insert into plants (species, id, plant_date, height, bed_num, rec_water_freq, rec_water_amount, garden_id) values ('Echinopsis', 419, '2020-11-01', 20, 15, 6, 28, 64);
insert into plants (species, id, plant_date, height, bed_num, rec_water_freq, rec_water_amount, garden_id) values ('Daisybush', 420, '2020-01-18', 72, 1, 10, 19, 58);
insert into plants (species, id, plant_date, height, bed_num, rec_water_freq, rec_water_amount, garden_id) values ('Drummond''s Cinquefoil', 421, '2019-12-05', 33, 11, 18, 30, 21);
insert into plants (species, id, plant_date, height, bed_num, rec_water_freq, rec_water_amount, garden_id) values ('Singapore Graveyard Flower', 422, '2020-06-10', 6, 9, 4, 11, 73);
insert into plants (species, id, plant_date, height, bed_num, rec_water_freq, rec_water_amount, garden_id) values ('Arrowfeather Threeawn', 423, '2019-08-26', 64, 28, 11, 27, 79);
insert into plants (species, id, plant_date, height, bed_num, rec_water_freq, rec_water_amount, garden_id) values ('Coastal Larkspur', 424, '2020-04-10', 84, 28, 1, 13, 26);
insert into plants (species, id, plant_date, height, bed_num, rec_water_freq, rec_water_amount, garden_id) values ('Nihoa Pritchardia', 425, '2021-06-20', 24, 30, 6, 22, 74);
insert into plants (species, id, plant_date, height, bed_num, rec_water_freq, rec_water_amount, garden_id) values ('Schott''s Stickpea', 426, '2022-09-30', 89, 21, 13, 23, 47);
insert into plants (species, id, plant_date, height, bed_num, rec_water_freq, rec_water_amount, garden_id) values ('Bracted Lousewort', 427, '2021-06-17', 77, 11, 20, 27, 33);
insert into plants (species, id, plant_date, height, bed_num, rec_water_freq, rec_water_amount, garden_id) values ('Trans-pecos Tansyaster', 428, '2022-08-13', 24, 18, 3, 25, 62);
insert into plants (species, id, plant_date, height, bed_num, rec_water_freq, rec_water_amount, garden_id) values ('Penthorum', 429, '2019-07-23', 40, 18, 14, 14, 30);
insert into plants (species, id, plant_date, height, bed_num, rec_water_freq, rec_water_amount, garden_id) values ('Spiked Beaksedge', 430, '2019-06-15', 22, 23, 18, 3, 75);
insert into plants (species, id, plant_date, height, bed_num, rec_water_freq, rec_water_amount, garden_id) values ('Lanceleaf Blanketflower', 431, '2020-03-29', 73, 4, 1, 29, 48);
insert into plants (species, id, plant_date, height, bed_num, rec_water_freq, rec_water_amount, garden_id) values ('Mexican Primrose-willow', 432, '2021-10-26', 5, 15, 7, 20, 64);
insert into plants (species, id, plant_date, height, bed_num, rec_water_freq, rec_water_amount, garden_id) values ('Eopyrenula Lichen', 433, '2021-03-18', 72, 30, 16, 7, 60);
insert into plants (species, id, plant_date, height, bed_num, rec_water_freq, rec_water_amount, garden_id) values ('Canby''s Licorice-root', 434, '2021-06-24', 61, 20, 20, 24, 54);
insert into plants (species, id, plant_date, height, bed_num, rec_water_freq, rec_water_amount, garden_id) values ('Bitter Yam', 435, '2020-01-11', 36, 9, 2, 25, 73);
insert into plants (species, id, plant_date, height, bed_num, rec_water_freq, rec_water_amount, garden_id) values ('Little Larkspur', 436, '2020-03-23', 69, 10, 12, 15, 51);
insert into plants (species, id, plant_date, height, bed_num, rec_water_freq, rec_water_amount, garden_id) values ('Hybrid Willow', 437, '2020-12-29', 86, 29, 9, 6, 44);
insert into plants (species, id, plant_date, height, bed_num, rec_water_freq, rec_water_amount, garden_id) values ('Loch Lomond Eryngo', 438, '2022-01-05', 87, 2, 5, 20, 42);
insert into plants (species, id, plant_date, height, bed_num, rec_water_freq, rec_water_amount, garden_id) values ('Trachybryum Moss', 439, '2019-11-03', 26, 30, 16, 7, 60);
insert into plants (species, id, plant_date, height, bed_num, rec_water_freq, rec_water_amount, garden_id) values ('Mangrove', 440, '2020-11-10', 21, 8, 7, 9, 32);
insert into plants (species, id, plant_date, height, bed_num, rec_water_freq, rec_water_amount, garden_id) values ('Baillonella', 441, '2020-07-21', 100, 10, 8, 17, 51);
insert into plants (species, id, plant_date, height, bed_num, rec_water_freq, rec_water_amount, garden_id) values ('Ambiguous Ditrichum Moss', 442, '2022-01-25', 1, 13, 19, 26, 50);
insert into plants (species, id, plant_date, height, bed_num, rec_water_freq, rec_water_amount, garden_id) values ('Lemmon''s Sage', 443, '2021-07-11', 94, 14, 19, 30, 46);
insert into plants (species, id, plant_date, height, bed_num, rec_water_freq, rec_water_amount, garden_id) values ('St. Thomas Lidpod', 444, '2021-08-24', 32, 30, 15, 2, 28);
insert into plants (species, id, plant_date, height, bed_num, rec_water_freq, rec_water_amount, garden_id) values ('Inundated Clubmoss', 445, '2020-10-29', 25, 8, 2, 13, 6);
insert into plants (species, id, plant_date, height, bed_num, rec_water_freq, rec_water_amount, garden_id) values ('Alpine Yellow Fleabane', 446, '2020-02-17', 77, 11, 5, 8, 21);
insert into plants (species, id, plant_date, height, bed_num, rec_water_freq, rec_water_amount, garden_id) values ('Anisocoma', 447, '2022-02-17', 66, 21, 16, 18, 40);
insert into plants (species, id, plant_date, height, bed_num, rec_water_freq, rec_water_amount, garden_id) values ('Rock Rosemary', 448, '2022-05-08', 29, 26, 18, 16, 29);
insert into plants (species, id, plant_date, height, bed_num, rec_water_freq, rec_water_amount, garden_id) values ('Catclaw Acacia', 449, '2020-04-10', 82, 18, 5, 11, 62);
insert into plants (species, id, plant_date, height, bed_num, rec_water_freq, rec_water_amount, garden_id) values ('Oatgrass', 450, '2019-10-22', 36, 19, 10, 4, 25);
insert into plants (species, id, plant_date, height, bed_num, rec_water_freq, rec_water_amount, garden_id) values ('Arctic Teloschistes Lichen', 451, '2019-06-19', 97, 11, 5, 26, 21);
insert into plants (species, id, plant_date, height, bed_num, rec_water_freq, rec_water_amount, garden_id) values ('Cup Lichen', 452, '2022-07-23', 16, 21, 7, 9, 10);
insert into plants (species, id, plant_date, height, bed_num, rec_water_freq, rec_water_amount, garden_id) values ('Bolander''s Rush', 453, '2021-10-27', 63, 26, 5, 2, 29);
insert into plants (species, id, plant_date, height, bed_num, rec_water_freq, rec_water_amount, garden_id) values ('Prairie Sedge', 454, '2020-04-07', 62, 18, 16, 26, 69);
insert into plants (species, id, plant_date, height, bed_num, rec_water_freq, rec_water_amount, garden_id) values ('Sapello Canyon Larkspur', 455, '2022-10-04', 22, 1, 18, 13, 76);
insert into plants (species, id, plant_date, height, bed_num, rec_water_freq, rec_water_amount, garden_id) values ('Krug''s Clearweed', 456, '2022-02-11', 20, 16, 2, 11, 78);
insert into plants (species, id, plant_date, height, bed_num, rec_water_freq, rec_water_amount, garden_id) values ('Flattened Oatgrass', 457, '2021-02-10', 63, 5, 6, 30, 8);
insert into plants (species, id, plant_date, height, bed_num, rec_water_freq, rec_water_amount, garden_id) values ('Ko''oko''olau', 458, '2022-07-11', 98, 1, 10, 19, 71);
insert into plants (species, id, plant_date, height, bed_num, rec_water_freq, rec_water_amount, garden_id) values ('Coontie', 459, '2019-12-01', 86, 16, 16, 9, 41);
insert into plants (species, id, plant_date, height, bed_num, rec_water_freq, rec_water_amount, garden_id) values ('Madwoman''s Milk', 460, '2021-06-03', 75, 21, 18, 9, 40);
insert into plants (species, id, plant_date, height, bed_num, rec_water_freq, rec_water_amount, garden_id) values ('Bald Mountain Milkvetch', 461, '2020-04-23', 64, 4, 19, 16, 48);
insert into plants (species, id, plant_date, height, bed_num, rec_water_freq, rec_water_amount, garden_id) values ('Alkali Milkvetch', 462, '2020-01-17', 33, 3, 17, 20, 67);
insert into plants (species, id, plant_date, height, bed_num, rec_water_freq, rec_water_amount, garden_id) values ('Shortray Fleabane', 463, '2021-08-11', 94, 30, 1, 6, 28);
insert into plants (species, id, plant_date, height, bed_num, rec_water_freq, rec_water_amount, garden_id) values ('Wahiawa Labordia', 464, '2020-04-20', 1, 3, 12, 27, 67);
insert into plants (species, id, plant_date, height, bed_num, rec_water_freq, rec_water_amount, garden_id) values ('Port Huron Hawthorn', 465, '2021-08-24', 77, 30, 15, 27, 60);
insert into plants (species, id, plant_date, height, bed_num, rec_water_freq, rec_water_amount, garden_id) values ('Bloodtwig Dogwood', 466, '2019-11-21', 23, 8, 15, 30, 32);
insert into plants (species, id, plant_date, height, bed_num, rec_water_freq, rec_water_amount, garden_id) values ('Rosy Pussytoes', 467, '2019-11-25', 26, 14, 20, 17, 17);
insert into plants (species, id, plant_date, height, bed_num, rec_water_freq, rec_water_amount, garden_id) values ('Aleppo Pine', 468, '2020-01-19', 34, 11, 5, 22, 21);
insert into plants (species, id, plant_date, height, bed_num, rec_water_freq, rec_water_amount, garden_id) values ('Cardionema', 469, '2020-06-30', 97, 4, 1, 18, 65);
insert into plants (species, id, plant_date, height, bed_num, rec_water_freq, rec_water_amount, garden_id) values ('Trailing Black Currant', 470, '2021-07-09', 44, 3, 20, 5, 59);
insert into plants (species, id, plant_date, height, bed_num, rec_water_freq, rec_water_amount, garden_id) values ('Sevendevils Onion', 471, '2020-04-21', 95, 26, 17, 3, 63);
insert into plants (species, id, plant_date, height, bed_num, rec_water_freq, rec_water_amount, garden_id) values ('Elemi Frankincense', 472, '2020-03-23', 52, 6, 20, 13, 5);
insert into plants (species, id, plant_date, height, bed_num, rec_water_freq, rec_water_amount, garden_id) values ('Parasol Whitetop', 473, '2021-04-13', 1, 30, 16, 19, 28);
insert into plants (species, id, plant_date, height, bed_num, rec_water_freq, rec_water_amount, garden_id) values ('Silvery Lupine', 474, '2021-11-20', 31, 30, 20, 27, 2);
insert into plants (species, id, plant_date, height, bed_num, rec_water_freq, rec_water_amount, garden_id) values ('Mojave Spurge', 475, '2021-04-08', 38, 20, 7, 13, 54);
insert into plants (species, id, plant_date, height, bed_num, rec_water_freq, rec_water_amount, garden_id) values ('Micrandra', 476, '2021-11-09', 7, 13, 9, 4, 4);
insert into plants (species, id, plant_date, height, bed_num, rec_water_freq, rec_water_amount, garden_id) values ('Temple Juniper', 477, '2019-12-17', 86, 19, 20, 12, 13);
insert into plants (species, id, plant_date, height, bed_num, rec_water_freq, rec_water_amount, garden_id) values ('Devil''s-claw', 478, '2019-10-20', 75, 13, 14, 12, 3);
insert into plants (species, id, plant_date, height, bed_num, rec_water_freq, rec_water_amount, garden_id) values ('Divaricate Navarretia', 479, '2022-10-15', 43, 21, 20, 30, 40);
insert into plants (species, id, plant_date, height, bed_num, rec_water_freq, rec_water_amount, garden_id) values ('Bigroot Springparsley', 480, '2022-09-28', 26, 13, 17, 14, 50);
insert into plants (species, id, plant_date, height, bed_num, rec_water_freq, rec_water_amount, garden_id) values ('Geophila', 481, '2020-09-17', 81, 21, 15, 5, 35);
insert into plants (species, id, plant_date, height, bed_num, rec_water_freq, rec_water_amount, garden_id) values ('Rim Lichen', 482, '2021-03-17', 84, 11, 14, 4, 33);
insert into plants (species, id, plant_date, height, bed_num, rec_water_freq, rec_water_amount, garden_id) values ('Fennel', 483, '2020-08-25', 44, 30, 14, 1, 80);
insert into plants (species, id, plant_date, height, bed_num, rec_water_freq, rec_water_amount, garden_id) values ('Ochroma', 484, '2019-07-14', 24, 8, 11, 20, 39);
insert into plants (species, id, plant_date, height, bed_num, rec_water_freq, rec_water_amount, garden_id) values ('San Antonio Stoneseed', 485, '2020-03-26', 3, 28, 2, 24, 52);
insert into plants (species, id, plant_date, height, bed_num, rec_water_freq, rec_water_amount, garden_id) values ('Blochman''s Erigeron', 486, '2022-07-02', 96, 13, 14, 15, 3);
insert into plants (species, id, plant_date, height, bed_num, rec_water_freq, rec_water_amount, garden_id) values ('California Broomsage', 487, '2020-08-22', 12, 30, 15, 21, 80);
insert into plants (species, id, plant_date, height, bed_num, rec_water_freq, rec_water_amount, garden_id) values ('Blackfoot Groundsmoke', 488, '2019-10-28', 89, 16, 11, 8, 77);
insert into plants (species, id, plant_date, height, bed_num, rec_water_freq, rec_water_amount, garden_id) values ('Sanddune Unicorn-plant', 489, '2020-06-17', 53, 26, 20, 3, 63);
insert into plants (species, id, plant_date, height, bed_num, rec_water_freq, rec_water_amount, garden_id) values ('White Blue-eyed Grass', 490, '2019-07-10', 23, 6, 1, 5, 5);
insert into plants (species, id, plant_date, height, bed_num, rec_water_freq, rec_water_amount, garden_id) values ('Cow Itch Tree', 491, '2019-10-15', 51, 15, 6, 25, 64);
insert into plants (species, id, plant_date, height, bed_num, rec_water_freq, rec_water_amount, garden_id) values ('Wildrye', 492, '2022-05-24', 21, 30, 1, 8, 2);
insert into plants (species, id, plant_date, height, bed_num, rec_water_freq, rec_water_amount, garden_id) values ('Jepson''s Onion', 493, '2019-04-16', 16, 28, 5, 21, 79);
insert into plants (species, id, plant_date, height, bed_num, rec_water_freq, rec_water_amount, garden_id) values ('Field Locoweed', 494, '2021-06-29', 21, 11, 15, 6, 21);
insert into plants (species, id, plant_date, height, bed_num, rec_water_freq, rec_water_amount, garden_id) values ('Mutis'' Flatsedge', 495, '2022-06-13', 9, 6, 10, 28, 5);
insert into plants (species, id, plant_date, height, bed_num, rec_water_freq, rec_water_amount, garden_id) values ('Timber Milkvetch', 496, '2021-06-06', 32, 4, 16, 6, 27);
insert into plants (species, id, plant_date, height, bed_num, rec_water_freq, rec_water_amount, garden_id) values ('Cucamonga Manroot', 497, '2021-04-20', 81, 10, 11, 26, 55);
insert into plants (species, id, plant_date, height, bed_num, rec_water_freq, rec_water_amount, garden_id) values ('Cup Lichen', 498, '2020-11-05', 62, 16, 15, 6, 36);
insert into plants (species, id, plant_date, height, bed_num, rec_water_freq, rec_water_amount, garden_id) values ('Smooth Bedstraw', 499, '2019-08-05', 53, 13, 17, 28, 66);
insert into plants (species, id, plant_date, height, bed_num, rec_water_freq, rec_water_amount, garden_id) values ('Amianthium', 500, '2022-08-04', 20, 1, 13, 25, 71);
insert into plants (species, id, plant_date, height, bed_num, rec_water_freq, rec_water_amount, garden_id) values ('Rosette Lichen', 501, '2022-02-12', 81, 3, 18, 8, 59);
insert into plants (species, id, plant_date, height, bed_num, rec_water_freq, rec_water_amount, garden_id) values ('Spurless Touch-me-not', 502, '2020-04-28', 23, 30, 8, 16, 2);
insert into plants (species, id, plant_date, height, bed_num, rec_water_freq, rec_water_amount, garden_id) values ('Polkadots', 503, '2021-08-02', 55, 7, 11, 19, 45);
insert into plants (species, id, plant_date, height, bed_num, rec_water_freq, rec_water_amount, garden_id) values ('Wideleaf Racomitrium Moss', 504, '2022-08-24', 64, 1, 6, 24, 58);
insert into plants (species, id, plant_date, height, bed_num, rec_water_freq, rec_water_amount, garden_id) values ('Redclay Hawthorn', 505, '2019-11-14', 80, 5, 13, 7, 49);
insert into plants (species, id, plant_date, height, bed_num, rec_water_freq, rec_water_amount, garden_id) values ('Spoonleaf Cyrtandra', 506, '2019-11-23', 97, 29, 14, 30, 44);
insert into plants (species, id, plant_date, height, bed_num, rec_water_freq, rec_water_amount, garden_id) values ('Bryum Moss', 507, '2020-04-16', 100, 10, 7, 18, 55);
insert into plants (species, id, plant_date, height, bed_num, rec_water_freq, rec_water_amount, garden_id) values ('Eastern Silver Aster', 508, '2021-10-16', 7, 28, 7, 4, 1);
insert into plants (species, id, plant_date, height, bed_num, rec_water_freq, rec_water_amount, garden_id) values ('Widehead Groundsel', 509, '2022-05-09', 14, 21, 1, 30, 40);
insert into plants (species, id, plant_date, height, bed_num, rec_water_freq, rec_water_amount, garden_id) values ('Warnock''s Water-willow', 510, '2019-09-15', 67, 29, 1, 19, 31);
insert into plants (species, id, plant_date, height, bed_num, rec_water_freq, rec_water_amount, garden_id) values ('Summer Farewell', 511, '2020-02-08', 68, 23, 13, 12, 75);
insert into plants (species, id, plant_date, height, bed_num, rec_water_freq, rec_water_amount, garden_id) values ('Yellowstone Milkvetch', 512, '2020-11-03', 45, 5, 11, 18, 8);
insert into plants (species, id, plant_date, height, bed_num, rec_water_freq, rec_water_amount, garden_id) values ('Polytrichum Moss', 513, '2021-07-22', 91, 14, 15, 6, 46);
insert into plants (species, id, plant_date, height, bed_num, rec_water_freq, rec_water_amount, garden_id) values ('Bristly Buttercup', 514, '2019-12-25', 62, 5, 18, 16, 8);
insert into plants (species, id, plant_date, height, bed_num, rec_water_freq, rec_water_amount, garden_id) values ('Siberian Sea Rosemary', 515, '2022-12-08', 77, 21, 8, 20, 47);
insert into plants (species, id, plant_date, height, bed_num, rec_water_freq, rec_water_amount, garden_id) values ('Emorya', 516, '2021-08-23', 8, 17, 19, 29, 12);
insert into plants (species, id, plant_date, height, bed_num, rec_water_freq, rec_water_amount, garden_id) values ('Pauper Milkvetch', 517, '2021-02-01', 69, 19, 8, 21, 72);
insert into plants (species, id, plant_date, height, bed_num, rec_water_freq, rec_water_amount, garden_id) values ('Vine-like Moonlight Cactus', 518, '2021-09-05', 32, 24, 12, 20, 53);
insert into plants (species, id, plant_date, height, bed_num, rec_water_freq, rec_water_amount, garden_id) values ('White Leadtree', 519, '2022-12-07', 45, 28, 16, 26, 26);
insert into plants (species, id, plant_date, height, bed_num, rec_water_freq, rec_water_amount, garden_id) values ('Wolf''s Willow', 520, '2019-08-14', 66, 11, 11, 5, 21);
insert into plants (species, id, plant_date, height, bed_num, rec_water_freq, rec_water_amount, garden_id) values ('Bridalveil', 521, '2020-09-26', 69, 19, 17, 26, 24);
insert into plants (species, id, plant_date, height, bed_num, rec_water_freq, rec_water_amount, garden_id) values ('Rinodina Lichen', 522, '2022-02-10', 2, 16, 5, 6, 77);
insert into plants (species, id, plant_date, height, bed_num, rec_water_freq, rec_water_amount, garden_id) values ('Notable Wattle', 523, '2020-12-24', 55, 2, 17, 24, 42);
insert into plants (species, id, plant_date, height, bed_num, rec_water_freq, rec_water_amount, garden_id) values ('Silverleaf Milkvetch', 524, '2020-09-09', 49, 19, 18, 25, 25);
insert into plants (species, id, plant_date, height, bed_num, rec_water_freq, rec_water_amount, garden_id) values ('Damiana', 525, '2022-04-23', 15, 3, 12, 20, 59);
insert into plants (species, id, plant_date, height, bed_num, rec_water_freq, rec_water_amount, garden_id) values ('Longtube Twinflower', 526, '2021-11-24', 55, 10, 20, 7, 9);
insert into plants (species, id, plant_date, height, bed_num, rec_water_freq, rec_water_amount, garden_id) values ('Alabama Arrowwood', 527, '2020-05-19', 31, 21, 16, 17, 47);
insert into plants (species, id, plant_date, height, bed_num, rec_water_freq, rec_water_amount, garden_id) values ('Globe Beaksedge', 528, '2021-04-18', 96, 5, 17, 13, 8);
insert into plants (species, id, plant_date, height, bed_num, rec_water_freq, rec_water_amount, garden_id) values ('Wild Sugarcane', 529, '2020-03-22', 8, 1, 19, 21, 76);
insert into plants (species, id, plant_date, height, bed_num, rec_water_freq, rec_water_amount, garden_id) values ('Bundleflower', 530, '2021-01-08', 74, 8, 11, 6, 6);
insert into plants (species, id, plant_date, height, bed_num, rec_water_freq, rec_water_amount, garden_id) values ('Curlytop Gumweed', 531, '2021-09-23', 40, 6, 4, 1, 16);
insert into plants (species, id, plant_date, height, bed_num, rec_water_freq, rec_water_amount, garden_id) values ('Woodfern', 532, '2021-01-19', 13, 28, 14, 11, 52);
insert into plants (species, id, plant_date, height, bed_num, rec_water_freq, rec_water_amount, garden_id) values ('Scribble Lichen', 533, '2022-11-04', 71, 21, 9, 18, 35);
insert into plants (species, id, plant_date, height, bed_num, rec_water_freq, rec_water_amount, garden_id) values ('Prism Bouchea', 534, '2022-07-20', 11, 18, 11, 10, 69);
insert into plants (species, id, plant_date, height, bed_num, rec_water_freq, rec_water_amount, garden_id) values ('Jasione', 535, '2020-09-05', 20, 21, 13, 29, 47);
insert into plants (species, id, plant_date, height, bed_num, rec_water_freq, rec_water_amount, garden_id) values ('Coastal Buckwheat', 536, '2022-06-04', 22, 7, 19, 19, 38);
insert into plants (species, id, plant_date, height, bed_num, rec_water_freq, rec_water_amount, garden_id) values ('Inyo Meadow Lupine', 537, '2020-05-21', 63, 24, 11, 6, 53);
insert into plants (species, id, plant_date, height, bed_num, rec_water_freq, rec_water_amount, garden_id) values ('Stipulicida', 538, '2021-04-26', 78, 28, 7, 27, 26);
insert into plants (species, id, plant_date, height, bed_num, rec_water_freq, rec_water_amount, garden_id) values ('Graybark Grape', 539, '2022-08-23', 99, 26, 16, 29, 63);
insert into plants (species, id, plant_date, height, bed_num, rec_water_freq, rec_water_amount, garden_id) values ('Stenocybe Lichen', 540, '2022-03-19', 53, 4, 6, 30, 27);
insert into plants (species, id, plant_date, height, bed_num, rec_water_freq, rec_water_amount, garden_id) values ('Twospike Crabgrass', 541, '2021-01-18', 87, 22, 15, 5, 57);
insert into plants (species, id, plant_date, height, bed_num, rec_water_freq, rec_water_amount, garden_id) values ('Bermudagrass', 542, '2021-04-07', 19, 9, 5, 30, 23);
insert into plants (species, id, plant_date, height, bed_num, rec_water_freq, rec_water_amount, garden_id) values ('Bernard Violet', 543, '2019-09-25', 23, 19, 18, 1, 37);
insert into plants (species, id, plant_date, height, bed_num, rec_water_freq, rec_water_amount, garden_id) values ('Mona Island Sandmat', 544, '2020-06-06', 17, 16, 4, 22, 34);
insert into plants (species, id, plant_date, height, bed_num, rec_water_freq, rec_water_amount, garden_id) values ('African Caper', 545, '2021-12-07', 88, 23, 12, 10, 7);
insert into plants (species, id, plant_date, height, bed_num, rec_water_freq, rec_water_amount, garden_id) values ('Bryum Moss', 546, '2019-10-28', 68, 29, 8, 14, 44);
insert into plants (species, id, plant_date, height, bed_num, rec_water_freq, rec_water_amount, garden_id) values ('Soldier''s Orchid', 547, '2020-09-14', 71, 7, 16, 17, 38);
insert into plants (species, id, plant_date, height, bed_num, rec_water_freq, rec_water_amount, garden_id) values ('Largefruit Beggarticks', 548, '2020-01-03', 18, 1, 13, 18, 58);
insert into plants (species, id, plant_date, height, bed_num, rec_water_freq, rec_water_amount, garden_id) values ('Tahitian Gooseberry Tree', 549, '2022-02-12', 69, 29, 1, 26, 31);
insert into plants (species, id, plant_date, height, bed_num, rec_water_freq, rec_water_amount, garden_id) values ('Thelidium Lichen', 550, '2020-02-11', 41, 13, 5, 25, 66);
insert into plants (species, id, plant_date, height, bed_num, rec_water_freq, rec_water_amount, garden_id) values ('Tarweed', 551, '2022-11-27', 72, 21, 8, 1, 40);
insert into plants (species, id, plant_date, height, bed_num, rec_water_freq, rec_water_amount, garden_id) values ('Bog Goldenrod', 552, '2022-09-05', 43, 9, 8, 27, 23);
insert into plants (species, id, plant_date, height, bed_num, rec_water_freq, rec_water_amount, garden_id) values ('Cow Tree', 553, '2021-06-12', 62, 8, 13, 20, 39);
insert into plants (species, id, plant_date, height, bed_num, rec_water_freq, rec_water_amount, garden_id) values ('Arctic Kidney Lichen', 554, '2020-11-10', 73, 10, 15, 21, 22);
insert into plants (species, id, plant_date, height, bed_num, rec_water_freq, rec_water_amount, garden_id) values ('Prickly Rose', 555, '2020-08-10', 88, 19, 19, 22, 37);
insert into plants (species, id, plant_date, height, bed_num, rec_water_freq, rec_water_amount, garden_id) values ('Longsac Penstemon', 556, '2019-11-14', 54, 6, 18, 15, 15);
insert into plants (species, id, plant_date, height, bed_num, rec_water_freq, rec_water_amount, garden_id) values ('Spreading Gooseberry', 557, '2019-10-29', 88, 18, 6, 2, 62);
insert into plants (species, id, plant_date, height, bed_num, rec_water_freq, rec_water_amount, garden_id) values ('Asian Flatsedge', 558, '2020-12-03', 91, 9, 8, 24, 73);
insert into plants (species, id, plant_date, height, bed_num, rec_water_freq, rec_water_amount, garden_id) values ('Lescur''s Pohlia Moss', 559, '2022-04-11', 52, 29, 12, 26, 44);
insert into plants (species, id, plant_date, height, bed_num, rec_water_freq, rec_water_amount, garden_id) values ('Map Lichen', 560, '2021-11-05', 88, 21, 10, 28, 35);
insert into plants (species, id, plant_date, height, bed_num, rec_water_freq, rec_water_amount, garden_id) values ('''ekoko', 561, '2019-07-08', 61, 28, 9, 9, 1);
insert into plants (species, id, plant_date, height, bed_num, rec_water_freq, rec_water_amount, garden_id) values ('Hall''s California Tea', 562, '2021-09-06', 76, 7, 4, 27, 70);
insert into plants (species, id, plant_date, height, bed_num, rec_water_freq, rec_water_amount, garden_id) values ('Honeysuckle', 563, '2022-02-02', 90, 20, 5, 2, 11);
insert into plants (species, id, plant_date, height, bed_num, rec_water_freq, rec_water_amount, garden_id) values ('Gray Buckwheat', 564, '2020-02-25', 59, 19, 17, 1, 25);
insert into plants (species, id, plant_date, height, bed_num, rec_water_freq, rec_water_amount, garden_id) values ('Waterweed', 565, '2022-08-17', 44, 28, 10, 9, 79);
insert into plants (species, id, plant_date, height, bed_num, rec_water_freq, rec_water_amount, garden_id) values ('Bolander''s Bruchia Moss', 566, '2020-01-10', 17, 6, 20, 8, 15);
insert into plants (species, id, plant_date, height, bed_num, rec_water_freq, rec_water_amount, garden_id) values ('Plains Blackfoot', 567, '2020-05-10', 96, 5, 19, 14, 49);
insert into plants (species, id, plant_date, height, bed_num, rec_water_freq, rec_water_amount, garden_id) values ('Emory''s Sedge', 568, '2020-05-02', 15, 3, 10, 23, 67);
insert into plants (species, id, plant_date, height, bed_num, rec_water_freq, rec_water_amount, garden_id) values ('Texas Salt', 569, '2021-08-05', 74, 21, 3, 20, 35);
insert into plants (species, id, plant_date, height, bed_num, rec_water_freq, rec_water_amount, garden_id) values ('California Buttercup', 570, '2021-03-12', 41, 5, 16, 3, 8);
insert into plants (species, id, plant_date, height, bed_num, rec_water_freq, rec_water_amount, garden_id) values ('Saltbush', 571, '2019-06-05', 16, 30, 7, 24, 74);
insert into plants (species, id, plant_date, height, bed_num, rec_water_freq, rec_water_amount, garden_id) values ('Japanese Spindletree', 572, '2022-11-15', 11, 21, 18, 15, 35);
insert into plants (species, id, plant_date, height, bed_num, rec_water_freq, rec_water_amount, garden_id) values ('Java Grass', 573, '2020-06-02', 60, 7, 9, 30, 45);
insert into plants (species, id, plant_date, height, bed_num, rec_water_freq, rec_water_amount, garden_id) values ('Alpine Pussytoes', 574, '2021-02-14', 6, 28, 6, 21, 1);
insert into plants (species, id, plant_date, height, bed_num, rec_water_freq, rec_water_amount, garden_id) values ('Bristlemallow', 575, '2019-06-19', 33, 29, 2, 4, 43);
insert into plants (species, id, plant_date, height, bed_num, rec_water_freq, rec_water_amount, garden_id) values ('Winter Hazel', 576, '2021-05-12', 90, 16, 15, 7, 36);
insert into plants (species, id, plant_date, height, bed_num, rec_water_freq, rec_water_amount, garden_id) values ('Batflower', 577, '2022-01-02', 99, 19, 18, 4, 72);
insert into plants (species, id, plant_date, height, bed_num, rec_water_freq, rec_water_amount, garden_id) values ('Hyssop', 578, '2019-08-23', 19, 23, 11, 7, 7);
insert into plants (species, id, plant_date, height, bed_num, rec_water_freq, rec_water_amount, garden_id) values ('Spectacular Flatsedge', 579, '2021-03-02', 28, 29, 20, 24, 44);
insert into plants (species, id, plant_date, height, bed_num, rec_water_freq, rec_water_amount, garden_id) values ('Fingerleaf Gourd', 580, '2021-02-16', 55, 6, 14, 29, 14);
insert into plants (species, id, plant_date, height, bed_num, rec_water_freq, rec_water_amount, garden_id) values ('Freckled Milkvetch', 581, '2021-09-17', 45, 28, 12, 5, 1);
insert into plants (species, id, plant_date, height, bed_num, rec_water_freq, rec_water_amount, garden_id) values ('Minute Hawthorn', 582, '2022-03-31', 28, 19, 7, 11, 24);
insert into plants (species, id, plant_date, height, bed_num, rec_water_freq, rec_water_amount, garden_id) values ('Rufous Tiger Orchid', 583, '2022-01-05', 48, 2, 10, 13, 42);
insert into plants (species, id, plant_date, height, bed_num, rec_water_freq, rec_water_amount, garden_id) values ('Water Mampoo', 584, '2021-11-30', 31, 3, 9, 7, 67);
insert into plants (species, id, plant_date, height, bed_num, rec_water_freq, rec_water_amount, garden_id) values ('Edwards'' Mock Wallflower', 585, '2020-07-23', 72, 26, 1, 8, 63);
insert into plants (species, id, plant_date, height, bed_num, rec_water_freq, rec_water_amount, garden_id) values ('Manchurian Yellow Loosestrife', 586, '2020-09-09', 29, 8, 20, 15, 6);
insert into plants (species, id, plant_date, height, bed_num, rec_water_freq, rec_water_amount, garden_id) values ('Earth Lichen', 587, '2021-08-03', 79, 24, 13, 13, 53);
insert into plants (species, id, plant_date, height, bed_num, rec_water_freq, rec_water_amount, garden_id) values ('Common Velvetgrass', 588, '2022-04-09', 88, 16, 2, 23, 78);
insert into plants (species, id, plant_date, height, bed_num, rec_water_freq, rec_water_amount, garden_id) values ('Cunninghamia', 589, '2021-11-16', 67, 16, 6, 9, 77);
insert into plants (species, id, plant_date, height, bed_num, rec_water_freq, rec_water_amount, garden_id) values ('Long-tubercle Beehive Cactus', 590, '2020-04-15', 18, 11, 14, 9, 33);
insert into plants (species, id, plant_date, height, bed_num, rec_water_freq, rec_water_amount, garden_id) values ('Hybrid Oak', 591, '2020-04-01', 74, 24, 11, 26, 53);
insert into plants (species, id, plant_date, height, bed_num, rec_water_freq, rec_water_amount, garden_id) values ('Curtiss'' Loosestrife', 592, '2022-08-07', 2, 28, 17, 19, 79);
insert into plants (species, id, plant_date, height, bed_num, rec_water_freq, rec_water_amount, garden_id) values ('Shortstalk Dewberry', 593, '2019-08-17', 72, 14, 10, 3, 17);
insert into plants (species, id, plant_date, height, bed_num, rec_water_freq, rec_water_amount, garden_id) values ('Colorado Aletes', 594, '2022-11-15', 18, 16, 17, 26, 36);
insert into plants (species, id, plant_date, height, bed_num, rec_water_freq, rec_water_amount, garden_id) values ('Hybrid Hickory', 595, '2020-03-23', 89, 30, 12, 22, 60);
insert into plants (species, id, plant_date, height, bed_num, rec_water_freq, rec_water_amount, garden_id) values ('Virginia Strawberry', 596, '2020-01-17', 28, 18, 14, 24, 19);
insert into plants (species, id, plant_date, height, bed_num, rec_water_freq, rec_water_amount, garden_id) values ('Hornleaf Riverweed', 597, '2021-11-03', 46, 1, 11, 14, 71);
insert into plants (species, id, plant_date, height, bed_num, rec_water_freq, rec_water_amount, garden_id) values ('Whitebark Pine', 598, '2020-06-14', 83, 14, 17, 9, 17);
insert into plants (species, id, plant_date, height, bed_num, rec_water_freq, rec_water_amount, garden_id) values ('Spleenwort Dwarf Polypody', 599, '2021-12-03', 38, 26, 17, 22, 29);
insert into plants (species, id, plant_date, height, bed_num, rec_water_freq, rec_water_amount, garden_id) values ('Bush Vetch', 600, '2022-02-13', 84, 1, 13, 10, 18);
insert into plants (species, id, plant_date, height, bed_num, rec_water_freq, rec_water_amount, garden_id) values ('Ballhead Sandwort', 601, '2022-04-10', 5, 14, 14, 21, 17);
insert into plants (species, id, plant_date, height, bed_num, rec_water_freq, rec_water_amount, garden_id) values ('Smooth Phlox', 602, '2020-01-14', 6, 21, 10, 4, 47);
insert into plants (species, id, plant_date, height, bed_num, rec_water_freq, rec_water_amount, garden_id) values ('Schleicher''s Entodon Moss', 603, '2022-02-24', 6, 21, 5, 9, 47);
insert into plants (species, id, plant_date, height, bed_num, rec_water_freq, rec_water_amount, garden_id) values ('Short''s Spreading Chervil', 604, '2022-07-05', 69, 8, 10, 5, 39);
insert into plants (species, id, plant_date, height, bed_num, rec_water_freq, rec_water_amount, garden_id) values ('Yellow Stringybark', 605, '2022-11-30', 34, 24, 18, 21, 53);
insert into plants (species, id, plant_date, height, bed_num, rec_water_freq, rec_water_amount, garden_id) values ('Leucodon Moss', 606, '2022-10-20', 94, 14, 18, 20, 68);
insert into plants (species, id, plant_date, height, bed_num, rec_water_freq, rec_water_amount, garden_id) values ('Drummond''s Mountain-avens', 607, '2021-12-29', 79, 10, 9, 27, 9);
insert into plants (species, id, plant_date, height, bed_num, rec_water_freq, rec_water_amount, garden_id) values ('Miterwort', 608, '2020-11-21', 88, 4, 17, 2, 27);
insert into plants (species, id, plant_date, height, bed_num, rec_water_freq, rec_water_amount, garden_id) values ('False Coffee', 609, '2019-05-04', 57, 15, 10, 17, 64);
insert into plants (species, id, plant_date, height, bed_num, rec_water_freq, rec_water_amount, garden_id) values ('Widethroat Pink Monkeyflower', 610, '2019-09-13', 36, 13, 14, 11, 3);
insert into plants (species, id, plant_date, height, bed_num, rec_water_freq, rec_water_amount, garden_id) values ('El Paso Skyrocket', 611, '2020-08-22', 58, 29, 6, 21, 44);
insert into plants (species, id, plant_date, height, bed_num, rec_water_freq, rec_water_amount, garden_id) values ('Death Valley Jointfir', 612, '2019-11-15', 26, 16, 2, 4, 78);
insert into plants (species, id, plant_date, height, bed_num, rec_water_freq, rec_water_amount, garden_id) values ('Smallflower Phyllostegia', 613, '2022-09-17', 96, 7, 13, 14, 38);
insert into plants (species, id, plant_date, height, bed_num, rec_water_freq, rec_water_amount, garden_id) values ('Yellow Jacob''s-ladder', 614, '2020-02-04', 87, 3, 18, 30, 67);
insert into plants (species, id, plant_date, height, bed_num, rec_water_freq, rec_water_amount, garden_id) values ('Prairie Sandreed', 615, '2022-03-11', 72, 12, 16, 8, 20);
insert into plants (species, id, plant_date, height, bed_num, rec_water_freq, rec_water_amount, garden_id) values ('Denseflower Knotweed', 616, '2022-09-19', 98, 28, 17, 14, 26);
insert into plants (species, id, plant_date, height, bed_num, rec_water_freq, rec_water_amount, garden_id) values ('Texas Cornsalad', 617, '2022-11-26', 86, 1, 3, 30, 71);
insert into plants (species, id, plant_date, height, bed_num, rec_water_freq, rec_water_amount, garden_id) values ('Blue Mountain Buckwheat', 618, '2022-04-04', 78, 6, 17, 9, 15);
insert into plants (species, id, plant_date, height, bed_num, rec_water_freq, rec_water_amount, garden_id) values ('Common Calabash Tree', 619, '2019-12-15', 90, 7, 17, 1, 70);
insert into plants (species, id, plant_date, height, bed_num, rec_water_freq, rec_water_amount, garden_id) values ('Snake Milkvetch', 620, '2022-02-11', 47, 6, 8, 24, 16);
insert into plants (species, id, plant_date, height, bed_num, rec_water_freq, rec_water_amount, garden_id) values ('Coast Range Cryptantha', 621, '2020-04-06', 13, 10, 3, 25, 55);
insert into plants (species, id, plant_date, height, bed_num, rec_water_freq, rec_water_amount, garden_id) values ('Wallaby Grass', 622, '2021-01-25', 3, 28, 3, 26, 1);
insert into plants (species, id, plant_date, height, bed_num, rec_water_freq, rec_water_amount, garden_id) values ('Sticky Monkeyflower', 623, '2022-07-07', 79, 19, 15, 3, 13);
insert into plants (species, id, plant_date, height, bed_num, rec_water_freq, rec_water_amount, garden_id) values ('Tall Coastal Plantain', 624, '2022-06-02', 66, 6, 4, 2, 14);
insert into plants (species, id, plant_date, height, bed_num, rec_water_freq, rec_water_amount, garden_id) values ('Utah Agave', 625, '2020-01-17', 50, 19, 3, 20, 24);
insert into plants (species, id, plant_date, height, bed_num, rec_water_freq, rec_water_amount, garden_id) values ('Twinleaf Onion', 626, '2022-01-09', 62, 14, 1, 16, 17);
insert into plants (species, id, plant_date, height, bed_num, rec_water_freq, rec_water_amount, garden_id) values ('Streamside Bryum Moss', 627, '2019-09-04', 65, 30, 10, 17, 2);
insert into plants (species, id, plant_date, height, bed_num, rec_water_freq, rec_water_amount, garden_id) values ('Diospyros', 628, '2021-03-21', 9, 6, 20, 14, 5);
insert into plants (species, id, plant_date, height, bed_num, rec_water_freq, rec_water_amount, garden_id) values ('San Gabriel Bluecup', 629, '2021-12-07', 98, 19, 14, 3, 37);
insert into plants (species, id, plant_date, height, bed_num, rec_water_freq, rec_water_amount, garden_id) values ('White Prairie Aster', 630, '2022-12-08', 37, 4, 1, 11, 65);
insert into plants (species, id, plant_date, height, bed_num, rec_water_freq, rec_water_amount, garden_id) values ('Mountain Meadow-rue', 631, '2022-01-18', 62, 16, 12, 8, 34);
insert into plants (species, id, plant_date, height, bed_num, rec_water_freq, rec_water_amount, garden_id) values ('Map Lichen', 632, '2019-08-31', 55, 7, 10, 20, 70);
insert into plants (species, id, plant_date, height, bed_num, rec_water_freq, rec_water_amount, garden_id) values ('Cliff Schiedea', 633, '2022-02-21', 59, 4, 4, 4, 27);
insert into plants (species, id, plant_date, height, bed_num, rec_water_freq, rec_water_amount, garden_id) values ('Hollyfern', 634, '2020-03-13', 24, 4, 15, 12, 27);
insert into plants (species, id, plant_date, height, bed_num, rec_water_freq, rec_water_amount, garden_id) values ('Asiatic Mangrove', 635, '2019-12-19', 8, 18, 9, 21, 69);
insert into plants (species, id, plant_date, height, bed_num, rec_water_freq, rec_water_amount, garden_id) values ('San Rafael Cryptantha', 636, '2022-04-10', 25, 28, 16, 17, 52);
insert into plants (species, id, plant_date, height, bed_num, rec_water_freq, rec_water_amount, garden_id) values ('Tapertip Spleenwort', 637, '2020-10-05', 27, 30, 11, 24, 80);
insert into plants (species, id, plant_date, height, bed_num, rec_water_freq, rec_water_amount, garden_id) values ('Compact Prairie Clover', 638, '2019-09-24', 16, 5, 15, 11, 49);
insert into plants (species, id, plant_date, height, bed_num, rec_water_freq, rec_water_amount, garden_id) values ('San Pedro Matchweed', 639, '2019-05-17', 49, 11, 4, 24, 33);
insert into plants (species, id, plant_date, height, bed_num, rec_water_freq, rec_water_amount, garden_id) values ('California Cranesbill', 640, '2022-03-20', 3, 20, 18, 14, 11);
insert into plants (species, id, plant_date, height, bed_num, rec_water_freq, rec_water_amount, garden_id) values ('Washoe Lupine', 641, '2021-01-04', 43, 21, 15, 1, 35);
insert into plants (species, id, plant_date, height, bed_num, rec_water_freq, rec_water_amount, garden_id) values ('Jalisco Rabbit-tobacco', 642, '2022-08-02', 1, 9, 1, 1, 73);
insert into plants (species, id, plant_date, height, bed_num, rec_water_freq, rec_water_amount, garden_id) values ('Massachusetts Blackberry', 643, '2021-07-26', 73, 26, 18, 22, 63);
insert into plants (species, id, plant_date, height, bed_num, rec_water_freq, rec_water_amount, garden_id) values ('Purple Dalea', 644, '2022-04-29', 62, 28, 17, 23, 1);
insert into plants (species, id, plant_date, height, bed_num, rec_water_freq, rec_water_amount, garden_id) values ('Mexican Tea', 645, '2019-11-28', 65, 10, 17, 16, 9);
insert into plants (species, id, plant_date, height, bed_num, rec_water_freq, rec_water_amount, garden_id) values ('Diamondleaf Lacefern', 646, '2020-04-23', 35, 29, 8, 26, 44);
insert into plants (species, id, plant_date, height, bed_num, rec_water_freq, rec_water_amount, garden_id) values ('Female Karata', 647, '2020-06-12', 37, 4, 5, 6, 65);
insert into plants (species, id, plant_date, height, bed_num, rec_water_freq, rec_water_amount, garden_id) values ('Scarletfruit Passionflower', 648, '2020-12-14', 96, 1, 9, 22, 58);
insert into plants (species, id, plant_date, height, bed_num, rec_water_freq, rec_water_amount, garden_id) values ('Axillary Filmy Fern', 649, '2021-01-01', 91, 29, 11, 12, 43);
insert into plants (species, id, plant_date, height, bed_num, rec_water_freq, rec_water_amount, garden_id) values ('Mat Muhly', 650, '2021-08-22', 90, 9, 11, 22, 23);
insert into plants (species, id, plant_date, height, bed_num, rec_water_freq, rec_water_amount, garden_id) values ('Drummond''s Campion', 651, '2020-08-02', 7, 20, 19, 22, 54);
insert into plants (species, id, plant_date, height, bed_num, rec_water_freq, rec_water_amount, garden_id) values ('Groundsel', 652, '2020-11-22', 47, 9, 9, 10, 73);
insert into plants (species, id, plant_date, height, bed_num, rec_water_freq, rec_water_amount, garden_id) values ('California Cordgrass', 653, '2022-05-09', 70, 14, 3, 30, 17);
insert into plants (species, id, plant_date, height, bed_num, rec_water_freq, rec_water_amount, garden_id) values ('Ontario Goatsbeard', 654, '2022-09-26', 45, 16, 15, 24, 41);
insert into plants (species, id, plant_date, height, bed_num, rec_water_freq, rec_water_amount, garden_id) values ('Wright''s Filmy Fern', 655, '2020-10-06', 30, 24, 13, 20, 53);
insert into plants (species, id, plant_date, height, bed_num, rec_water_freq, rec_water_amount, garden_id) values ('Virginia Tephrosia', 656, '2021-12-13', 38, 15, 8, 20, 64);
insert into plants (species, id, plant_date, height, bed_num, rec_water_freq, rec_water_amount, garden_id) values ('Mourning Milkvetch', 657, '2019-10-27', 87, 28, 8, 1, 52);
insert into plants (species, id, plant_date, height, bed_num, rec_water_freq, rec_water_amount, garden_id) values ('Vente Conmigo', 658, '2020-01-30', 61, 28, 3, 20, 1);
insert into plants (species, id, plant_date, height, bed_num, rec_water_freq, rec_water_amount, garden_id) values ('Early Blue Violet', 659, '2020-02-26', 40, 6, 10, 14, 16);
insert into plants (species, id, plant_date, height, bed_num, rec_water_freq, rec_water_amount, garden_id) values ('Chinese Box', 660, '2021-11-27', 29, 2, 3, 21, 42);
insert into plants (species, id, plant_date, height, bed_num, rec_water_freq, rec_water_amount, garden_id) values ('Woolly Brickellbush', 661, '2019-07-13', 43, 21, 15, 8, 47);
insert into plants (species, id, plant_date, height, bed_num, rec_water_freq, rec_water_amount, garden_id) values ('Japanese Ulota Moss', 662, '2021-10-28', 48, 18, 6, 27, 30);
insert into plants (species, id, plant_date, height, bed_num, rec_water_freq, rec_water_amount, garden_id) values ('Naked Turtleback', 663, '2022-01-29', 52, 11, 14, 11, 33);
insert into plants (species, id, plant_date, height, bed_num, rec_water_freq, rec_water_amount, garden_id) values ('Alectra', 664, '2020-03-30', 57, 4, 10, 17, 65);
insert into plants (species, id, plant_date, height, bed_num, rec_water_freq, rec_water_amount, garden_id) values ('Tall Blazing Star', 665, '2020-11-23', 23, 12, 20, 24, 20);
insert into plants (species, id, plant_date, height, bed_num, rec_water_freq, rec_water_amount, garden_id) values ('Wild Coco', 666, '2021-01-14', 68, 28, 13, 2, 52);
insert into plants (species, id, plant_date, height, bed_num, rec_water_freq, rec_water_amount, garden_id) values ('Erpodium Moss', 667, '2022-08-11', 74, 30, 12, 25, 2);
insert into plants (species, id, plant_date, height, bed_num, rec_water_freq, rec_water_amount, garden_id) values ('Cohoba Tree', 668, '2021-02-10', 12, 24, 10, 24, 53);
insert into plants (species, id, plant_date, height, bed_num, rec_water_freq, rec_water_amount, garden_id) values ('Anaunau', 669, '2019-05-11', 4, 13, 17, 26, 3);
insert into plants (species, id, plant_date, height, bed_num, rec_water_freq, rec_water_amount, garden_id) values ('Philippine Lily', 670, '2022-03-17', 24, 23, 20, 26, 75);
insert into plants (species, id, plant_date, height, bed_num, rec_water_freq, rec_water_amount, garden_id) values ('Sandywoods Chaffhead', 671, '2021-03-08', 79, 11, 7, 16, 21);
insert into plants (species, id, plant_date, height, bed_num, rec_water_freq, rec_water_amount, garden_id) values ('Giant Dogwood', 672, '2019-08-06', 93, 23, 13, 2, 75);
insert into plants (species, id, plant_date, height, bed_num, rec_water_freq, rec_water_amount, garden_id) values ('Mint', 673, '2022-03-30', 83, 28, 1, 4, 1);
insert into plants (species, id, plant_date, height, bed_num, rec_water_freq, rec_water_amount, garden_id) values ('Sagebrush Combseed', 674, '2021-10-12', 39, 23, 6, 30, 7);
insert into plants (species, id, plant_date, height, bed_num, rec_water_freq, rec_water_amount, garden_id) values ('Hairy Hedgenettle', 675, '2019-10-18', 95, 30, 14, 30, 28);
insert into plants (species, id, plant_date, height, bed_num, rec_water_freq, rec_water_amount, garden_id) values ('Tomasellia Lichen', 676, '2021-08-05', 28, 2, 13, 20, 42);
insert into plants (species, id, plant_date, height, bed_num, rec_water_freq, rec_water_amount, garden_id) values ('Casearia', 677, '2021-09-19', 73, 16, 19, 18, 77);
insert into plants (species, id, plant_date, height, bed_num, rec_water_freq, rec_water_amount, garden_id) values ('American Bittersweet', 678, '2020-03-19', 9, 29, 14, 24, 43);
insert into plants (species, id, plant_date, height, bed_num, rec_water_freq, rec_water_amount, garden_id) values ('Thelidium Lichen', 679, '2022-01-16', 46, 13, 12, 9, 50);
insert into plants (species, id, plant_date, height, bed_num, rec_water_freq, rec_water_amount, garden_id) values ('Copper Iris', 680, '2020-07-06', 10, 2, 10, 6, 42);
insert into plants (species, id, plant_date, height, bed_num, rec_water_freq, rec_water_amount, garden_id) values ('Jepson Ceanothus', 681, '2020-02-27', 32, 19, 7, 21, 61);
insert into plants (species, id, plant_date, height, bed_num, rec_water_freq, rec_water_amount, garden_id) values ('Darkgreen Sedge', 682, '2020-01-08', 90, 13, 2, 2, 50);
insert into plants (species, id, plant_date, height, bed_num, rec_water_freq, rec_water_amount, garden_id) values ('Wideleaf Polargrass', 683, '2019-10-17', 86, 19, 3, 6, 72);
insert into plants (species, id, plant_date, height, bed_num, rec_water_freq, rec_water_amount, garden_id) values ('Lake Huron Tansy', 684, '2019-11-13', 82, 13, 5, 28, 66);
insert into plants (species, id, plant_date, height, bed_num, rec_water_freq, rec_water_amount, garden_id) values ('Pore Lichen', 685, '2020-06-20', 35, 12, 10, 18, 20);
insert into plants (species, id, plant_date, height, bed_num, rec_water_freq, rec_water_amount, garden_id) values ('Graceful Sandmat', 686, '2019-09-12', 19, 22, 4, 21, 57);
insert into plants (species, id, plant_date, height, bed_num, rec_water_freq, rec_water_amount, garden_id) values ('Pinewoods Fingergrass', 687, '2020-09-25', 6, 16, 12, 25, 41);
insert into plants (species, id, plant_date, height, bed_num, rec_water_freq, rec_water_amount, garden_id) values ('Dwarf Snapdragon', 688, '2021-05-01', 91, 13, 12, 11, 3);
insert into plants (species, id, plant_date, height, bed_num, rec_water_freq, rec_water_amount, garden_id) values ('Utah Agave', 689, '2019-06-11', 87, 11, 4, 18, 21);
insert into plants (species, id, plant_date, height, bed_num, rec_water_freq, rec_water_amount, garden_id) values ('Rough Draba', 690, '2020-03-15', 7, 6, 20, 1, 5);
insert into plants (species, id, plant_date, height, bed_num, rec_water_freq, rec_water_amount, garden_id) values ('Nettle-leaf Mullein', 691, '2021-07-22', 76, 13, 14, 8, 4);
insert into plants (species, id, plant_date, height, bed_num, rec_water_freq, rec_water_amount, garden_id) values ('Chaparral False Bindweed', 692, '2020-10-25', 84, 16, 1, 22, 78);
insert into plants (species, id, plant_date, height, bed_num, rec_water_freq, rec_water_amount, garden_id) values ('Marsh''s Bluegrass', 693, '2020-11-30', 66, 7, 14, 16, 38);
insert into plants (species, id, plant_date, height, bed_num, rec_water_freq, rec_water_amount, garden_id) values ('American Fiveminute Grass', 694, '2019-06-03', 87, 28, 3, 26, 52);
insert into plants (species, id, plant_date, height, bed_num, rec_water_freq, rec_water_amount, garden_id) values ('Field Mustard', 695, '2019-09-28', 42, 23, 3, 23, 75);
insert into plants (species, id, plant_date, height, bed_num, rec_water_freq, rec_water_amount, garden_id) values ('Purple Sedge', 696, '2022-01-29', 66, 24, 14, 29, 53);
insert into plants (species, id, plant_date, height, bed_num, rec_water_freq, rec_water_amount, garden_id) values ('Dwarf Checkerbloom', 697, '2020-08-23', 15, 14, 5, 30, 68);
insert into plants (species, id, plant_date, height, bed_num, rec_water_freq, rec_water_amount, garden_id) values ('Philonotis Moss', 698, '2020-06-04', 68, 11, 6, 5, 21);
insert into plants (species, id, plant_date, height, bed_num, rec_water_freq, rec_water_amount, garden_id) values ('Cap Lichen', 699, '2020-11-22', 15, 30, 14, 19, 80);
insert into plants (species, id, plant_date, height, bed_num, rec_water_freq, rec_water_amount, garden_id) values ('Spurry Buckwheat', 700, '2021-10-24', 76, 12, 2, 28, 20);
insert into plants (species, id, plant_date, height, bed_num, rec_water_freq, rec_water_amount, garden_id) values ('Water Medick', 701, '2022-10-31', 97, 30, 1, 23, 80);
insert into plants (species, id, plant_date, height, bed_num, rec_water_freq, rec_water_amount, garden_id) values ('Alpine Gooseberry', 702, '2022-12-05', 33, 17, 4, 27, 12);
insert into plants (species, id, plant_date, height, bed_num, rec_water_freq, rec_water_amount, garden_id) values ('Dahoon', 703, '2022-03-03', 97, 10, 13, 29, 22);
insert into plants (species, id, plant_date, height, bed_num, rec_water_freq, rec_water_amount, garden_id) values ('Garden Heliotrope', 704, '2022-09-08', 56, 15, 18, 12, 64);
insert into plants (species, id, plant_date, height, bed_num, rec_water_freq, rec_water_amount, garden_id) values ('Yellow-top Mallee-ash', 705, '2020-03-07', 25, 9, 11, 30, 23);
insert into plants (species, id, plant_date, height, bed_num, rec_water_freq, rec_water_amount, garden_id) values ('Douglas'' Silver Lupine', 706, '2022-07-27', 42, 18, 18, 12, 30);
insert into plants (species, id, plant_date, height, bed_num, rec_water_freq, rec_water_amount, garden_id) values ('Hentz''s Phlox', 707, '2021-06-18', 74, 18, 8, 24, 62);
insert into plants (species, id, plant_date, height, bed_num, rec_water_freq, rec_water_amount, garden_id) values ('Scattered Paspalum', 708, '2020-08-11', 91, 26, 16, 6, 63);
insert into plants (species, id, plant_date, height, bed_num, rec_water_freq, rec_water_amount, garden_id) values ('Indian Sandbur', 709, '2021-05-11', 95, 23, 20, 18, 75);
insert into plants (species, id, plant_date, height, bed_num, rec_water_freq, rec_water_amount, garden_id) values ('Thimblehead', 710, '2019-11-14', 14, 21, 16, 2, 40);
insert into plants (species, id, plant_date, height, bed_num, rec_water_freq, rec_water_amount, garden_id) values ('Monoa Melicope', 711, '2020-02-11', 94, 20, 18, 26, 54);
insert into plants (species, id, plant_date, height, bed_num, rec_water_freq, rec_water_amount, garden_id) values ('Uinta Basin Springparsley', 712, '2021-04-18', 8, 21, 5, 26, 40);
insert into plants (species, id, plant_date, height, bed_num, rec_water_freq, rec_water_amount, garden_id) values ('Plumpseeded Madia', 713, '2021-07-12', 56, 20, 19, 27, 54);
insert into plants (species, id, plant_date, height, bed_num, rec_water_freq, rec_water_amount, garden_id) values ('Lombardy Poplar', 714, '2019-08-25', 13, 1, 2, 11, 71);
insert into plants (species, id, plant_date, height, bed_num, rec_water_freq, rec_water_amount, garden_id) values ('Splitbeard Bluestem', 715, '2020-12-18', 67, 19, 2, 2, 25);
insert into plants (species, id, plant_date, height, bed_num, rec_water_freq, rec_water_amount, garden_id) values ('Kamalo Gulch Schiedea', 716, '2021-02-20', 26, 21, 12, 1, 47);
insert into plants (species, id, plant_date, height, bed_num, rec_water_freq, rec_water_amount, garden_id) values ('False Junco', 717, '2020-09-09', 35, 28, 2, 22, 26);
insert into plants (species, id, plant_date, height, bed_num, rec_water_freq, rec_water_amount, garden_id) values ('White Fringeless Orchid', 718, '2022-02-19', 31, 12, 18, 22, 20);
insert into plants (species, id, plant_date, height, bed_num, rec_water_freq, rec_water_amount, garden_id) values ('Ruby Saltbush', 719, '2022-01-13', 87, 19, 16, 25, 61);
insert into plants (species, id, plant_date, height, bed_num, rec_water_freq, rec_water_amount, garden_id) values ('Arizona Grapplinghook', 720, '2020-05-07', 26, 19, 12, 19, 37);
insert into plants (species, id, plant_date, height, bed_num, rec_water_freq, rec_water_amount, garden_id) values ('Needle Lichen', 721, '2022-09-27', 37, 11, 5, 8, 33);
insert into plants (species, id, plant_date, height, bed_num, rec_water_freq, rec_water_amount, garden_id) values ('Southern Blue Monkshood', 722, '2019-06-28', 8, 19, 7, 1, 61);
insert into plants (species, id, plant_date, height, bed_num, rec_water_freq, rec_water_amount, garden_id) values ('Texas Wakerobin', 723, '2021-03-02', 35, 29, 7, 14, 44);
insert into plants (species, id, plant_date, height, bed_num, rec_water_freq, rec_water_amount, garden_id) values ('Sand Post Oak', 724, '2022-07-28', 57, 14, 3, 21, 46);
insert into plants (species, id, plant_date, height, bed_num, rec_water_freq, rec_water_amount, garden_id) values ('Lobelia', 725, '2019-08-09', 66, 6, 10, 8, 15);
insert into plants (species, id, plant_date, height, bed_num, rec_water_freq, rec_water_amount, garden_id) values ('Barrens Silky Aster', 726, '2020-08-27', 88, 3, 8, 2, 59);
insert into plants (species, id, plant_date, height, bed_num, rec_water_freq, rec_water_amount, garden_id) values ('Indian Murainagrass', 727, '2019-08-04', 14, 5, 19, 30, 8);
insert into plants (species, id, plant_date, height, bed_num, rec_water_freq, rec_water_amount, garden_id) values ('Douglas'' Clover', 728, '2019-05-02', 80, 16, 7, 20, 36);
insert into plants (species, id, plant_date, height, bed_num, rec_water_freq, rec_water_amount, garden_id) values ('Mountain Avens', 729, '2020-02-14', 32, 4, 9, 24, 48);
insert into plants (species, id, plant_date, height, bed_num, rec_water_freq, rec_water_amount, garden_id) values ('Purple Lovegrass', 730, '2022-12-07', 40, 26, 4, 23, 29);
insert into plants (species, id, plant_date, height, bed_num, rec_water_freq, rec_water_amount, garden_id) values ('Bladdermallow', 731, '2021-08-18', 77, 5, 3, 24, 49);
insert into plants (species, id, plant_date, height, bed_num, rec_water_freq, rec_water_amount, garden_id) values ('Sand Pea', 732, '2021-12-24', 31, 8, 11, 19, 39);
insert into plants (species, id, plant_date, height, bed_num, rec_water_freq, rec_water_amount, garden_id) values ('Hairyfruit Chervil', 733, '2022-02-09', 90, 20, 10, 8, 11);
insert into plants (species, id, plant_date, height, bed_num, rec_water_freq, rec_water_amount, garden_id) values ('Pygmy Manzanita', 734, '2022-02-28', 6, 19, 1, 18, 13);
insert into plants (species, id, plant_date, height, bed_num, rec_water_freq, rec_water_amount, garden_id) values ('Hoary Frostweed', 735, '2022-03-12', 52, 29, 3, 28, 43);
insert into plants (species, id, plant_date, height, bed_num, rec_water_freq, rec_water_amount, garden_id) values ('Norway Sedge', 736, '2020-05-03', 49, 21, 1, 7, 47);
insert into plants (species, id, plant_date, height, bed_num, rec_water_freq, rec_water_amount, garden_id) values ('Thoroughwort', 737, '2020-12-27', 24, 18, 11, 20, 62);
insert into plants (species, id, plant_date, height, bed_num, rec_water_freq, rec_water_amount, garden_id) values ('Tall Fleabane', 738, '2022-11-30', 3, 24, 11, 26, 53);
insert into plants (species, id, plant_date, height, bed_num, rec_water_freq, rec_water_amount, garden_id) values ('Central America Grass', 739, '2019-08-13', 7, 14, 15, 7, 68);
insert into plants (species, id, plant_date, height, bed_num, rec_water_freq, rec_water_amount, garden_id) values ('Wall Iris', 740, '2022-08-15', 98, 13, 11, 4, 4);
insert into plants (species, id, plant_date, height, bed_num, rec_water_freq, rec_water_amount, garden_id) values ('Leatherleaf Goldback Fern', 741, '2022-06-25', 1, 28, 11, 12, 26);
insert into plants (species, id, plant_date, height, bed_num, rec_water_freq, rec_water_amount, garden_id) values ('Western Oat', 742, '2020-12-15', 98, 13, 6, 19, 4);
insert into plants (species, id, plant_date, height, bed_num, rec_water_freq, rec_water_amount, garden_id) values ('Smith''s Draba', 743, '2022-01-07', 1, 10, 12, 25, 55);
insert into plants (species, id, plant_date, height, bed_num, rec_water_freq, rec_water_amount, garden_id) values ('Corchorus', 744, '2022-06-16', 7, 8, 1, 28, 6);
insert into plants (species, id, plant_date, height, bed_num, rec_water_freq, rec_water_amount, garden_id) values ('Mountain Fetterbush', 745, '2019-08-10', 5, 10, 12, 22, 55);
insert into plants (species, id, plant_date, height, bed_num, rec_water_freq, rec_water_amount, garden_id) values ('Hybrid Violet', 746, '2022-10-03', 17, 11, 8, 21, 33);
insert into plants (species, id, plant_date, height, bed_num, rec_water_freq, rec_water_amount, garden_id) values ('Dwarf Hawthorn', 747, '2020-01-20', 61, 10, 12, 11, 22);
insert into plants (species, id, plant_date, height, bed_num, rec_water_freq, rec_water_amount, garden_id) values ('Parasol Whitetop', 748, '2022-04-17', 90, 13, 5, 9, 3);
insert into plants (species, id, plant_date, height, bed_num, rec_water_freq, rec_water_amount, garden_id) values ('Spikemoss', 749, '2021-03-26', 11, 18, 6, 11, 62);
insert into plants (species, id, plant_date, height, bed_num, rec_water_freq, rec_water_amount, garden_id) values ('Cracked Lichen', 750, '2021-01-02', 8, 10, 17, 24, 55);
insert into plants (species, id, plant_date, height, bed_num, rec_water_freq, rec_water_amount, garden_id) values ('Didymodon Moss', 751, '2022-08-06', 34, 4, 4, 7, 48);
insert into plants (species, id, plant_date, height, bed_num, rec_water_freq, rec_water_amount, garden_id) values ('Open Clover', 752, '2019-10-02', 15, 24, 19, 23, 53);
insert into plants (species, id, plant_date, height, bed_num, rec_water_freq, rec_water_amount, garden_id) values ('Whiteflower Goldenbush', 753, '2021-05-12', 57, 4, 1, 18, 48);
insert into plants (species, id, plant_date, height, bed_num, rec_water_freq, rec_water_amount, garden_id) values ('Yellow Pond-lily', 754, '2021-10-07', 16, 19, 6, 24, 13);
insert into plants (species, id, plant_date, height, bed_num, rec_water_freq, rec_water_amount, garden_id) values ('Oregon Checkerbloom', 755, '2020-10-13', 51, 18, 14, 30, 19);
insert into plants (species, id, plant_date, height, bed_num, rec_water_freq, rec_water_amount, garden_id) values ('Pohlia Moss', 756, '2020-10-17', 24, 30, 8, 6, 28);
insert into plants (species, id, plant_date, height, bed_num, rec_water_freq, rec_water_amount, garden_id) values ('Sweet Tanglehead', 757, '2022-11-05', 97, 11, 1, 21, 33);
insert into plants (species, id, plant_date, height, bed_num, rec_water_freq, rec_water_amount, garden_id) values ('Narrowleaf Hoarypea', 758, '2020-08-20', 65, 13, 16, 23, 50);
insert into plants (species, id, plant_date, height, bed_num, rec_water_freq, rec_water_amount, garden_id) values ('Texas Saltbush', 759, '2019-06-01', 33, 30, 14, 18, 60);
insert into plants (species, id, plant_date, height, bed_num, rec_water_freq, rec_water_amount, garden_id) values ('Leopold''s Rush', 760, '2022-09-26', 84, 18, 2, 27, 30);
insert into plants (species, id, plant_date, height, bed_num, rec_water_freq, rec_water_amount, garden_id) values ('Leafless Swallow-wort', 761, '2022-11-28', 33, 29, 16, 21, 44);
insert into plants (species, id, plant_date, height, bed_num, rec_water_freq, rec_water_amount, garden_id) values ('Hybrid Ladyslipper', 762, '2020-03-16', 54, 10, 4, 22, 55);
insert into plants (species, id, plant_date, height, bed_num, rec_water_freq, rec_water_amount, garden_id) values ('Mealy Goosefoot', 763, '2020-02-05', 90, 16, 7, 30, 41);
insert into plants (species, id, plant_date, height, bed_num, rec_water_freq, rec_water_amount, garden_id) values ('Jaraguagrass', 764, '2019-05-17', 32, 3, 11, 16, 59);
insert into plants (species, id, plant_date, height, bed_num, rec_water_freq, rec_water_amount, garden_id) values ('Atlantic Goldenrod', 765, '2022-08-03', 18, 1, 14, 4, 18);
insert into plants (species, id, plant_date, height, bed_num, rec_water_freq, rec_water_amount, garden_id) values ('Purple Bittercress', 766, '2021-10-29', 46, 22, 15, 11, 57);
insert into plants (species, id, plant_date, height, bed_num, rec_water_freq, rec_water_amount, garden_id) values ('Wright''s Morning-glory', 767, '2022-05-26', 90, 13, 13, 6, 3);
insert into plants (species, id, plant_date, height, bed_num, rec_water_freq, rec_water_amount, garden_id) values ('Earleaf Greenbrier', 768, '2021-02-03', 98, 16, 6, 16, 36);
insert into plants (species, id, plant_date, height, bed_num, rec_water_freq, rec_water_amount, garden_id) values ('Common Twinpod', 769, '2021-01-23', 96, 11, 13, 16, 21);
insert into plants (species, id, plant_date, height, bed_num, rec_water_freq, rec_water_amount, garden_id) values ('Pitcherplant', 770, '2021-03-31', 11, 6, 18, 28, 16);
insert into plants (species, id, plant_date, height, bed_num, rec_water_freq, rec_water_amount, garden_id) values ('Goosegrass', 771, '2019-07-19', 65, 14, 6, 6, 17);
insert into plants (species, id, plant_date, height, bed_num, rec_water_freq, rec_water_amount, garden_id) values ('Engelmann''s Daisy', 772, '2022-08-05', 40, 26, 7, 13, 29);
insert into plants (species, id, plant_date, height, bed_num, rec_water_freq, rec_water_amount, garden_id) values ('Desert Hopbush', 773, '2019-09-22', 89, 11, 4, 7, 21);
insert into plants (species, id, plant_date, height, bed_num, rec_water_freq, rec_water_amount, garden_id) values ('Littleseed Canarygrass', 774, '2020-06-15', 19, 18, 7, 4, 69);
insert into plants (species, id, plant_date, height, bed_num, rec_water_freq, rec_water_amount, garden_id) values ('Pitcherplant', 775, '2020-12-16', 7, 28, 7, 6, 1);
insert into plants (species, id, plant_date, height, bed_num, rec_water_freq, rec_water_amount, garden_id) values ('Eggers'' Milkpea', 776, '2020-05-10', 41, 14, 19, 13, 68);
insert into plants (species, id, plant_date, height, bed_num, rec_water_freq, rec_water_amount, garden_id) values ('Golden Wattle', 777, '2021-10-09', 52, 16, 20, 11, 77);
insert into plants (species, id, plant_date, height, bed_num, rec_water_freq, rec_water_amount, garden_id) values ('Pacific Racomitrium Moss', 778, '2020-08-30', 93, 24, 4, 26, 53);
insert into plants (species, id, plant_date, height, bed_num, rec_water_freq, rec_water_amount, garden_id) values ('New Mexico Cryptantha', 779, '2019-09-08', 68, 28, 11, 30, 26);
insert into plants (species, id, plant_date, height, bed_num, rec_water_freq, rec_water_amount, garden_id) values ('Robust Lobelia', 780, '2019-05-10', 68, 11, 6, 3, 21);
insert into plants (species, id, plant_date, height, bed_num, rec_water_freq, rec_water_amount, garden_id) values ('Summer Snowflake', 781, '2022-11-30', 24, 30, 12, 1, 80);
insert into plants (species, id, plant_date, height, bed_num, rec_water_freq, rec_water_amount, garden_id) values ('Sticky Rosinweed', 782, '2021-08-29', 20, 26, 6, 11, 63);
insert into plants (species, id, plant_date, height, bed_num, rec_water_freq, rec_water_amount, garden_id) values ('Missouri Goldenrod', 783, '2022-01-11', 18, 30, 11, 14, 60);
insert into plants (species, id, plant_date, height, bed_num, rec_water_freq, rec_water_amount, garden_id) values ('Lance Asplenium', 784, '2021-06-13', 50, 13, 17, 28, 3);
insert into plants (species, id, plant_date, height, bed_num, rec_water_freq, rec_water_amount, garden_id) values ('Andersson''s Arctoa Moss', 785, '2022-06-21', 85, 8, 4, 16, 32);
insert into plants (species, id, plant_date, height, bed_num, rec_water_freq, rec_water_amount, garden_id) values ('Luffa', 786, '2019-10-12', 46, 6, 2, 30, 14);
insert into plants (species, id, plant_date, height, bed_num, rec_water_freq, rec_water_amount, garden_id) values ('Showy Gentian', 787, '2021-02-05', 66, 4, 8, 21, 27);
insert into plants (species, id, plant_date, height, bed_num, rec_water_freq, rec_water_amount, garden_id) values ('Kelsey''s Phlox', 788, '2020-10-01', 63, 9, 4, 7, 73);
insert into plants (species, id, plant_date, height, bed_num, rec_water_freq, rec_water_amount, garden_id) values ('Bracted Arrowwood', 789, '2022-04-14', 19, 10, 19, 24, 51);
insert into plants (species, id, plant_date, height, bed_num, rec_water_freq, rec_water_amount, garden_id) values ('Hoffman''s Gilia', 790, '2019-11-23', 42, 10, 7, 26, 22);
insert into plants (species, id, plant_date, height, bed_num, rec_water_freq, rec_water_amount, garden_id) values ('Ovate Goatgrass', 791, '2019-06-06', 83, 26, 2, 1, 63);
insert into plants (species, id, plant_date, height, bed_num, rec_water_freq, rec_water_amount, garden_id) values ('Turner''s Four-nerve Daisy', 792, '2021-03-27', 16, 16, 10, 30, 78);
insert into plants (species, id, plant_date, height, bed_num, rec_water_freq, rec_water_amount, garden_id) values ('Urvillea', 793, '2021-04-02', 73, 6, 1, 15, 15);
insert into plants (species, id, plant_date, height, bed_num, rec_water_freq, rec_water_amount, garden_id) values ('Panoche Pepperweed', 794, '2019-08-30', 86, 13, 7, 10, 3);
insert into plants (species, id, plant_date, height, bed_num, rec_water_freq, rec_water_amount, garden_id) values ('Coast Range Stonecrop', 795, '2022-06-19', 90, 16, 1, 11, 41);
insert into plants (species, id, plant_date, height, bed_num, rec_water_freq, rec_water_amount, garden_id) values ('Sargent''s Cypress', 796, '2022-09-25', 49, 28, 2, 25, 79);
insert into plants (species, id, plant_date, height, bed_num, rec_water_freq, rec_water_amount, garden_id) values ('Canada Spikesedge', 797, '2019-05-18', 47, 7, 10, 10, 38);
insert into plants (species, id, plant_date, height, bed_num, rec_water_freq, rec_water_amount, garden_id) values ('Northern Shorthusk', 798, '2019-05-11', 15, 14, 1, 7, 68);
insert into plants (species, id, plant_date, height, bed_num, rec_water_freq, rec_water_amount, garden_id) values ('Schimper''s Acaulon Moss', 799, '2019-07-09', 43, 16, 13, 8, 36);
insert into plants (species, id, plant_date, height, bed_num, rec_water_freq, rec_water_amount, garden_id) values ('Leucobryum Moss', 800, '2019-10-06', 17, 26, 7, 2, 29);


CREATE TABLE harvests(
    part_of_plant Varchar(100),
    id int AUTO_INCREMENT PRIMARY KEY,
    harvest_date DATE default (CURRENT_DATE),
    plant_id int not null,
    FOREIGN KEY (plant_id) references plants(id) ON DELETE CASCADE ON UPDATE CASCADE);

insert into harvests (part_of_plant, harvest_date, id, plant_id) values ('Cuscuta suksdorfii Yunck. var. suksdorfii', '2020-12-27', 1, 253);
insert into harvests (part_of_plant, harvest_date, id, plant_id) values ('Anemone deltoidea Hook.', '2021-03-01', 2, 163);
insert into harvests (part_of_plant, harvest_date, id, plant_id) values ('Orthotrichum pallens Bruch ex Brid. var. johnsenae Vitt', '2021-08-30', 3, 62);
insert into harvests (part_of_plant, harvest_date, id, plant_id) values ('Agalinis neoscotica (Greene) Fernald', '2021-03-14', 4, 577);
insert into harvests (part_of_plant, harvest_date, id, plant_id) values ('Hexastylis virginica (L.) Small', '2021-09-23', 5, 309);
insert into harvests (part_of_plant, harvest_date, id, plant_id) values ('Penstemon laricifolius Hook. & Arn. ssp. laricifolius', '2020-12-13', 6, 117);
insert into harvests (part_of_plant, harvest_date, id, plant_id) values ('Sapindus saponaria L. var. drummondii (Hook. & Arn.) L.D. Benson', '2022-11-19', 7, 3);
insert into harvests (part_of_plant, harvest_date, id, plant_id) values ('Fontinalis hypnoides Hartm.', '2022-02-26', 8, 335);
insert into harvests (part_of_plant, harvest_date, id, plant_id) values ('Chaenactis glabriuscula DC. var. megacephala A. Gray', '2021-02-14', 9, 365);
insert into harvests (part_of_plant, harvest_date, id, plant_id) values ('Hypnum vaucheri Lesq.', '2021-05-02', 10, 780);
insert into harvests (part_of_plant, harvest_date, id, plant_id) values ('Geranium kauaiense (Rock) H. St. John', '2021-03-31', 11, 300);
insert into harvests (part_of_plant, harvest_date, id, plant_id) values ('Ludwigia spathulata Torr. & A. Gray', '2022-07-01', 12, 737);
insert into harvests (part_of_plant, harvest_date, id, plant_id) values ('Hypelate trifoliata Sw.', '2021-04-26', 13, 240);
insert into harvests (part_of_plant, harvest_date, id, plant_id) values ('Asclepias hypoleuca (A. Gray) Woodson', '2022-09-05', 14, 737);
insert into harvests (part_of_plant, harvest_date, id, plant_id) values ('Selaginella lepidophylla (Hook. & Grev.) Spring', '2020-10-28', 15, 358);
insert into harvests (part_of_plant, harvest_date, id, plant_id) values ('Wigandia urens (Ruiz & Pav.) Kunth var. caracasana (Kunth) D. Gibson', '2020-12-30', 16, 411);
insert into harvests (part_of_plant, harvest_date, id, plant_id) values ('Romulea Maratti', '2022-11-29', 17, 40);
insert into harvests (part_of_plant, harvest_date, id, plant_id) values ('Icacina senegalensis A. Juss.', '2020-04-22', 18, 41);
insert into harvests (part_of_plant, harvest_date, id, plant_id) values ('Petractis farlowii (Tuck. ex Nyl.) Vezda', '2021-03-25', 19, 481);
insert into harvests (part_of_plant, harvest_date, id, plant_id) values ('Mollugo verticillata L.', '2022-08-16', 20, 258);
insert into harvests (part_of_plant, harvest_date, id, plant_id) values ('Physcomitrium pyriforme (Hedw.) Hampe', '2020-05-18', 21, 413);
insert into harvests (part_of_plant, harvest_date, id, plant_id) values ('Melica geyeri Munro ex Bol. var. aristulata J.T. Howell', '2022-05-15', 22, 144);
insert into harvests (part_of_plant, harvest_date, id, plant_id) values ('Pentzia Thunb.', '2021-06-24', 23, 772);
insert into harvests (part_of_plant, harvest_date, id, plant_id) values ('Rudbeckia mollis Elliott', '2020-04-23', 24, 657);
insert into harvests (part_of_plant, harvest_date, id, plant_id) values ('Ficus aurea Nutt.', '2021-08-09', 25, 367);
insert into harvests (part_of_plant, harvest_date, id, plant_id) values ('Mimulus cusickii (Greene) Rattan', '2021-03-11', 26, 693);
insert into harvests (part_of_plant, harvest_date, id, plant_id) values ('Leptodactylon californicum Hook. & Arn. ssp. californicum', '2022-04-01', 27, 219);
insert into harvests (part_of_plant, harvest_date, id, plant_id) values ('Phaeocalicium compressulum (Nyl. ex Szat.) A.F.W. Schmidt', '2021-06-20', 28, 414);
insert into harvests (part_of_plant, harvest_date, id, plant_id) values ('Hypoxis curtissii Rose', '2022-04-19', 29, 514);
insert into harvests (part_of_plant, harvest_date, id, plant_id) values ('Cordylanthus maritimus Nutt. ex Benth. ssp. canescens (A. Gray) T.I. Chuang & Heckard', '2020-05-08', 30, 91);
insert into harvests (part_of_plant, harvest_date, id, plant_id) values ('Cymopterus spellenbergii R.L. Hartm. & J.E. Larson', '2022-06-12', 31, 647);
insert into harvests (part_of_plant, harvest_date, id, plant_id) values ('Cryptantha fulvocanescens (S. Watson) Payson', '2022-03-19', 32, 384);
insert into harvests (part_of_plant, harvest_date, id, plant_id) values ('Acalypha neomexicana Müll. Arg.', '2021-02-08', 33, 493);
insert into harvests (part_of_plant, harvest_date, id, plant_id) values ('Hesperocyparis bakeri (Jeps.) Bartel', '2022-08-13', 34, 287);
insert into harvests (part_of_plant, harvest_date, id, plant_id) values ('Verrucaria pinguicula A. Massal.', '2021-01-12', 35, 656);
insert into harvests (part_of_plant, harvest_date, id, plant_id) values ('Iris fulva Ker Gawl.', '2022-09-26', 36, 57);
insert into harvests (part_of_plant, harvest_date, id, plant_id) values ('Alternanthera paronychioides A. St.-Hil. var. amazonica Huber', '2022-05-05', 37, 791);
insert into harvests (part_of_plant, harvest_date, id, plant_id) values ('Seligeria donniana (Sm.) Müll. Hal.', '2022-11-19', 38, 131);
insert into harvests (part_of_plant, harvest_date, id, plant_id) values ('Cadaba farinosa Forssk.', '2020-08-18', 39, 227);
insert into harvests (part_of_plant, harvest_date, id, plant_id) values ('Allium canadense L. var. lavandulare (Bates) Ownbey & Aase', '2020-10-12', 40, 309);
insert into harvests (part_of_plant, harvest_date, id, plant_id) values ('Candelaria concolor (Dicks.) Stein', '2022-02-28', 41, 126);
insert into harvests (part_of_plant, harvest_date, id, plant_id) values ('Lecidea plebeja Nyl.', '2020-08-29', 42, 508);
insert into harvests (part_of_plant, harvest_date, id, plant_id) values ('Ribes cereum Douglas var. pedicellare W.H. Brewer & S. Watson', '2021-03-09', 43, 749);
insert into harvests (part_of_plant, harvest_date, id, plant_id) values ('Oligoneuron album (Nutt.) G.L. Nesom', '2022-07-26', 44, 65);
insert into harvests (part_of_plant, harvest_date, id, plant_id) values ('Mantisalca salmantica (L.) Briq. & Cavillier', '2022-01-21', 45, 714);
insert into harvests (part_of_plant, harvest_date, id, plant_id) values ('Timmia austriaca Hedw.', '2022-08-02', 46, 423);
insert into harvests (part_of_plant, harvest_date, id, plant_id) values ('Strophanthus kombe Oliv.', '2020-12-23', 47, 494);
insert into harvests (part_of_plant, harvest_date, id, plant_id) values ('Pentapetes L.', '2020-05-18', 48, 609);
insert into harvests (part_of_plant, harvest_date, id, plant_id) values ('Polygonum punctatum Elliott var. punctatum', '2022-07-11', 49, 312);
insert into harvests (part_of_plant, harvest_date, id, plant_id) values ('Santalum paniculatum Hook. & Arn. var. paniculatum', '2022-05-02', 50, 205);
insert into harvests (part_of_plant, harvest_date, id, plant_id) values ('Eriocaulon nigrobracteatum Bridges & Orzell', '2021-09-19', 51, 688);
insert into harvests (part_of_plant, harvest_date, id, plant_id) values ('Eriophorum russeolum Fr. ex Hartm. var. russeolum', '2021-07-03', 52, 777);
insert into harvests (part_of_plant, harvest_date, id, plant_id) values ('Polygonella americana (Fisch. & C.A. Mey.) Small', '2022-10-01', 53, 673);
insert into harvests (part_of_plant, harvest_date, id, plant_id) values ('Physaria lepidota Rollins var. membranacea (Rollins) Rollins', '2022-01-03', 54, 628);
insert into harvests (part_of_plant, harvest_date, id, plant_id) values ('Pseudorchis Ség.', '2021-10-31', 55, 56);
insert into harvests (part_of_plant, harvest_date, id, plant_id) values ('Verbena hastata L. var. hastata', '2022-10-05', 56, 309);
insert into harvests (part_of_plant, harvest_date, id, plant_id) values ('Mimulus dentilobus B.L. Rob. & Fernald', '2021-01-20', 57, 659);
insert into harvests (part_of_plant, harvest_date, id, plant_id) values ('Pisonia brunoniana Endl.', '2021-10-23', 58, 639);
insert into harvests (part_of_plant, harvest_date, id, plant_id) values ('Acacia rubida A. Cunn.', '2022-06-26', 59, 388);
insert into harvests (part_of_plant, harvest_date, id, plant_id) values ('Psychotria hawaiiensis (A. Gray) Fosberg', '2021-05-14', 60, 486);
insert into harvests (part_of_plant, harvest_date, id, plant_id) values ('Dichanthium sericeum (R. Br.) A. Camus', '2022-03-20', 61, 486);
insert into harvests (part_of_plant, harvest_date, id, plant_id) values ('Astragalus lentiginosus Douglas ex Hook. var. latus (M.E. Jones) M.E. Jones', '2021-03-05', 62, 13);
insert into harvests (part_of_plant, harvest_date, id, plant_id) values ('Delphinium ×diversicolor Rydb.', '2020-09-10', 63, 793);
insert into harvests (part_of_plant, harvest_date, id, plant_id) values ('Polyctenium Greene', '2022-07-07', 64, 561);
insert into harvests (part_of_plant, harvest_date, id, plant_id) values ('Phytolacca sandwicensis Endl.', '2021-10-04', 65, 481);
insert into harvests (part_of_plant, harvest_date, id, plant_id) values ('Amsonia tomentosa Torr. & Frém.', '2022-08-19', 66, 325);
insert into harvests (part_of_plant, harvest_date, id, plant_id) values ('Coenogonium interpositum Nyl.', '2022-05-29', 67, 57);
insert into harvests (part_of_plant, harvest_date, id, plant_id) values ('Chenopodium album L. var. album', '2021-08-12', 68, 16);
insert into harvests (part_of_plant, harvest_date, id, plant_id) values ('Betula michauxii Sarg.', '2022-12-03', 69, 651);
insert into harvests (part_of_plant, harvest_date, id, plant_id) values ('Polygala macradenia A. Gray', '2021-12-10', 70, 597);
insert into harvests (part_of_plant, harvest_date, id, plant_id) values ('Vernicia montana Lour.', '2020-08-24', 71, 595);
insert into harvests (part_of_plant, harvest_date, id, plant_id) values ('Acacia decurrens (Wendl. f.) Willd.', '2021-09-24', 72, 646);
insert into harvests (part_of_plant, harvest_date, id, plant_id) values ('Trifolium monanthum A. Gray ssp. tenerum (Eastw.) J.M. Gillett', '2021-02-10', 73, 471);
insert into harvests (part_of_plant, harvest_date, id, plant_id) values ('Eugenia bellonis Krug & Urb.', '2020-12-04', 74, 176);
insert into harvests (part_of_plant, harvest_date, id, plant_id) values ('Empetrum nigrum L. ssp. nigrum', '2022-04-08', 75, 342);
insert into harvests (part_of_plant, harvest_date, id, plant_id) values ('Pritchardia lowreyana Rock', '2021-12-23', 76, 396);
insert into harvests (part_of_plant, harvest_date, id, plant_id) values ('Erigeron divergens Torr. & A. Gray', '2021-09-03', 77, 184);
insert into harvests (part_of_plant, harvest_date, id, plant_id) values ('Mentzelia gracilenta Torr. & A. Gray', '2022-04-30', 78, 334);
insert into harvests (part_of_plant, harvest_date, id, plant_id) values ('Ilex guianensis (Aubl.) Kuntze', '2022-10-29', 79, 589);
insert into harvests (part_of_plant, harvest_date, id, plant_id) values ('Cymopterus montanus Nutt. ex Torr. & A. Gray', '2020-10-01', 80, 205);
insert into harvests (part_of_plant, harvest_date, id, plant_id) values ('Cerastium pumilum W. Curtis', '2022-01-08', 81, 34);
insert into harvests (part_of_plant, harvest_date, id, plant_id) values ('Saxifraga bronchialis L. ssp. codyanus (Zhmylev) Cody', '2020-05-22', 82, 469);
insert into harvests (part_of_plant, harvest_date, id, plant_id) values ('Lysimachia punctata L.', '2022-05-13', 83, 541);
insert into harvests (part_of_plant, harvest_date, id, plant_id) values ('Chorizanthe fimbriata Nutt. var. fimbriata', '2020-05-24', 84, 487);
insert into harvests (part_of_plant, harvest_date, id, plant_id) values ('Sagittaria guayanensis Kunth', '2021-03-30', 85, 685);
insert into harvests (part_of_plant, harvest_date, id, plant_id) values ('Acacia boomanii Maiden', '2021-01-21', 86, 635);
insert into harvests (part_of_plant, harvest_date, id, plant_id) values ('Spilanthes urens Jacq.', '2021-09-01', 87, 270);
insert into harvests (part_of_plant, harvest_date, id, plant_id) values ('Chamaesyce turpinii (Boiss.) Millsp.', '2021-05-18', 88, 498);
insert into harvests (part_of_plant, harvest_date, id, plant_id) values ('Cakile lanceolata (Willd.) O.E. Schulz ssp. fusiformis (Greene) Rodman', '2022-06-27', 89, 652);
insert into harvests (part_of_plant, harvest_date, id, plant_id) values ('Fissidens milobakeri L.F. Koch', '2020-11-11', 90, 372);
insert into harvests (part_of_plant, harvest_date, id, plant_id) values ('Fragaria vesca L. ssp. americana (Porter) Staudt', '2022-03-29', 91, 621);
insert into harvests (part_of_plant, harvest_date, id, plant_id) values ('Agastache pallidiflora (A. Heller) Rydb. ssp. pallidiflora var. greenei (Briq.) R.W. Sanders', '2022-07-17', 92, 728);
insert into harvests (part_of_plant, harvest_date, id, plant_id) values ('Gonocalyx Planch. & Linden', '2021-04-04', 93, 12);
insert into harvests (part_of_plant, harvest_date, id, plant_id) values ('Carex albicans Willd. ex Spreng. var. albicans', '2022-01-16', 94, 604);
insert into harvests (part_of_plant, harvest_date, id, plant_id) values ('Astragalus robbinsii (Oakes) A. Gray var. occidentalis S. Watson', '2022-06-20', 95, 528);
insert into harvests (part_of_plant, harvest_date, id, plant_id) values ('Stylocline Nutt.', '2021-10-06', 96, 192);
insert into harvests (part_of_plant, harvest_date, id, plant_id) values ('Atriplex watsonii A. Nelson', '2022-05-18', 97, 306);
insert into harvests (part_of_plant, harvest_date, id, plant_id) values ('Hedysarum coronarium L.', '2020-09-12', 98, 509);
insert into harvests (part_of_plant, harvest_date, id, plant_id) values ('Passiflora alata Dryand.', '2022-09-12', 99, 558);
insert into harvests (part_of_plant, harvest_date, id, plant_id) values ('Teucrium botrys L.', '2021-03-05', 100, 773);
insert into harvests (part_of_plant, harvest_date, id, plant_id) values ('Grammitis hookeri (Brack.) Copeland', '2020-12-08', 101, 319);
insert into harvests (part_of_plant, harvest_date, id, plant_id) values ('Cyanea profuga Forbes', '2022-05-01', 102, 714);
insert into harvests (part_of_plant, harvest_date, id, plant_id) values ('Limnanthes floccosa Howell ssp. californica Arroyo', '2021-03-01', 103, 432);
insert into harvests (part_of_plant, harvest_date, id, plant_id) values ('Dryopteris crinalis (Hook. & Arn.) C. Chr.', '2022-01-18', 104, 390);
insert into harvests (part_of_plant, harvest_date, id, plant_id) values ('Lamium maculatum L.', '2021-05-25', 105, 738);
insert into harvests (part_of_plant, harvest_date, id, plant_id) values ('Halodule wrightii Asch.', '2021-04-11', 106, 149);
insert into harvests (part_of_plant, harvest_date, id, plant_id) values ('Psydrax odorata (G. Forst.) A.C. Sm. & S. Darwin', '2021-10-05', 107, 156);
insert into harvests (part_of_plant, harvest_date, id, plant_id) values ('Digitaria natalensis Stent [excluded]', '2020-05-08', 108, 88);
insert into harvests (part_of_plant, harvest_date, id, plant_id) values ('Orchis L.', '2021-07-11', 109, 64);
insert into harvests (part_of_plant, harvest_date, id, plant_id) values ('Symphyotrichum ericoides (L.) G.L. Nesom', '2020-10-20', 110, 209);
insert into harvests (part_of_plant, harvest_date, id, plant_id) values ('Arthonia aleuromela Nyl.', '2021-08-08', 111, 175);
insert into harvests (part_of_plant, harvest_date, id, plant_id) values ('Dodecahema leptoceras (A. Gray ex Benth.) Reveal & Hardham', '2021-11-25', 112, 784);
insert into harvests (part_of_plant, harvest_date, id, plant_id) values ('Eurybia wasatchensis (M.E. Jones) G.L. Nesom', '2020-06-10', 113, 113);
insert into harvests (part_of_plant, harvest_date, id, plant_id) values ('Nothochelone nemorosa (Douglas ex Lindl.) Straw', '2020-11-28', 114, 740);
insert into harvests (part_of_plant, harvest_date, id, plant_id) values ('Sarea resinae (Fr.) Kuntze', '2022-03-25', 115, 773);
insert into harvests (part_of_plant, harvest_date, id, plant_id) values ('Pleopeltis squamata (L.) J. Sm.', '2022-06-22', 116, 481);
insert into harvests (part_of_plant, harvest_date, id, plant_id) values ('Luzula glabrata (Hoppe ex Rostk.) Desv.', '2022-08-04', 117, 648);
insert into harvests (part_of_plant, harvest_date, id, plant_id) values ('Ottochloa nodosa (Kunth) Dandy', '2021-07-12', 118, 396);
insert into harvests (part_of_plant, harvest_date, id, plant_id) values ('Lecidea moreliiensis de Lesd.', '2020-04-06', 119, 575);
insert into harvests (part_of_plant, harvest_date, id, plant_id) values ('Daniellia oliveri (Rolfe) Hutch. & Dalziel', '2020-04-20', 120, 227);
insert into harvests (part_of_plant, harvest_date, id, plant_id) values ('Townsendia nuttallii Dorn', '2022-08-03', 121, 524);
insert into harvests (part_of_plant, harvest_date, id, plant_id) values ('Arceuthobium americanum Nutt. ex Engelm.', '2021-07-06', 122, 751);
insert into harvests (part_of_plant, harvest_date, id, plant_id) values ('Acrocordia megalospora (Fink) R.C. Harris', '2022-04-19', 123, 681);
insert into harvests (part_of_plant, harvest_date, id, plant_id) values ('Platanus orientalis L.', '2021-05-27', 124, 742);
insert into harvests (part_of_plant, harvest_date, id, plant_id) values ('Eriogonum jamesii Benth. var. rupicola Reveal', '2021-07-04', 125, 540);
insert into harvests (part_of_plant, harvest_date, id, plant_id) values ('Monarda punctata L. ssp. punctata var. arkansana (E.M. McClint. & Epling) Shinners', '2021-10-25', 126, 227);
insert into harvests (part_of_plant, harvest_date, id, plant_id) values ('Lecanora microbola H. Magn.', '2022-02-08', 127, 585);
insert into harvests (part_of_plant, harvest_date, id, plant_id) values ('Argythamnia brandegeei Millsp. var. intonsa (I.M. Johnst.) J.W. Ingram ex L.C. Wheeler', '2022-05-06', 128, 89);
insert into harvests (part_of_plant, harvest_date, id, plant_id) values ('Euonymus fortunei (Turcz.) Hand.-Maz.', '2022-10-18', 129, 84);
insert into harvests (part_of_plant, harvest_date, id, plant_id) values ('Elytraria bromoides Oerst.', '2021-01-16', 130, 575);
insert into harvests (part_of_plant, harvest_date, id, plant_id) values ('Chamaesyce atrococca (A. Heller) Croizat & O. Deg.', '2021-01-03', 131, 406);
insert into harvests (part_of_plant, harvest_date, id, plant_id) values ('Pennisetum purpureum Schumach.', '2022-10-06', 132, 293);
insert into harvests (part_of_plant, harvest_date, id, plant_id) values ('Gaga arizonica (Maxon) F.W. Li & Windham', '2021-03-22', 133, 687);
insert into harvests (part_of_plant, harvest_date, id, plant_id) values ('Vicia sylvatica L.', '2021-07-30', 134, 10);
insert into harvests (part_of_plant, harvest_date, id, plant_id) values ('Trichocentrum maculatum (Aubl.) M.W. Chase', '2022-08-12', 135, 449);
insert into harvests (part_of_plant, harvest_date, id, plant_id) values ('Brickellia microphylla (Nutt.) A. Gray', '2022-04-22', 136, 410);
insert into harvests (part_of_plant, harvest_date, id, plant_id) values ('Croptilon hookerianum (Torr. & A. Gray) House var. hookerianum', '2020-06-15', 137, 672);
insert into harvests (part_of_plant, harvest_date, id, plant_id) values ('Pleuridium palustre (Bruch & Schimp.) Bruch & Schimp.', '2022-03-18', 138, 102);
insert into harvests (part_of_plant, harvest_date, id, plant_id) values ('Achnatherum lemmonii (Vasey) Barkworth var. lemmonii', '2020-09-30', 139, 475);
insert into harvests (part_of_plant, harvest_date, id, plant_id) values ('Collinsia multicolor Lindl. & Paxton', '2022-04-14', 140, 267);
insert into harvests (part_of_plant, harvest_date, id, plant_id) values ('Lobelia dunbarii Rock', '2021-06-16', 141, 107);
insert into harvests (part_of_plant, harvest_date, id, plant_id) values ('Lilium longiflorum Thunb.', '2020-09-04', 142, 231);
insert into harvests (part_of_plant, harvest_date, id, plant_id) values ('Lomatium macrocarpum (Nutt. ex Torr. & A. Gray) J.M. Coult. & Rose', '2022-04-22', 143, 437);
insert into harvests (part_of_plant, harvest_date, id, plant_id) values ('Acarospora interjecta H. Magn.', '2022-04-10', 144, 538);
insert into harvests (part_of_plant, harvest_date, id, plant_id) values ('Juncus nevadensis S. Watson var. nevadensis', '2022-07-10', 145, 491);
insert into harvests (part_of_plant, harvest_date, id, plant_id) values ('Miriquidica deusta (Stenham.) Hertel & Rambold', '2022-06-08', 146, 207);
insert into harvests (part_of_plant, harvest_date, id, plant_id) values ('Rubus positivus L.H. Bailey', '2022-03-24', 147, 352);
insert into harvests (part_of_plant, harvest_date, id, plant_id) values ('Fissidens obtusifolius Wilson', '2022-06-01', 148, 784);
insert into harvests (part_of_plant, harvest_date, id, plant_id) values ('Pedicularis bracteosa Benth. var. latifolia (Pennell) Cronquist', '2022-08-20', 149, 677);
insert into harvests (part_of_plant, harvest_date, id, plant_id) values ('Iris ×robusta E.S. Anderson', '2020-04-12', 150, 181);
insert into harvests (part_of_plant, harvest_date, id, plant_id) values ('Rosa stellata Wooton ssp. mirifica (Greene) W.H. Lewis', '2022-05-06', 151, 508);
insert into harvests (part_of_plant, harvest_date, id, plant_id) values ('Osmanthus Lour.', '2020-06-23', 152, 608);
insert into harvests (part_of_plant, harvest_date, id, plant_id) values ('Polycoccum Sauter ex Krober', '2021-01-02', 153, 771);
insert into harvests (part_of_plant, harvest_date, id, plant_id) values ('Penstemon fruticiformis Coville ssp. amargosae D.D. Keck', '2022-10-26', 154, 230);
insert into harvests (part_of_plant, harvest_date, id, plant_id) values ('Epimedium L.', '2020-04-15', 155, 608);
insert into harvests (part_of_plant, harvest_date, id, plant_id) values ('Lepidium integrifolium Nutt. var. heterophyllum S. Watson', '2022-04-10', 156, 250);
insert into harvests (part_of_plant, harvest_date, id, plant_id) values ('Pseudobryum (Kindb.) T. Kop.', '2021-05-17', 157, 120);
insert into harvests (part_of_plant, harvest_date, id, plant_id) values ('Psorotichia hassei Fink', '2021-01-15', 158, 653);
insert into harvests (part_of_plant, harvest_date, id, plant_id) values ('Dopatrium Buch.-Ham. ex Benth.', '2021-04-13', 159, 329);
insert into harvests (part_of_plant, harvest_date, id, plant_id) values ('Achyrachaena Schauer', '2022-08-24', 160, 448);
insert into harvests (part_of_plant, harvest_date, id, plant_id) values ('Erythrina eggersii Krukoff & Moldenke', '2020-09-04', 161, 455);
insert into harvests (part_of_plant, harvest_date, id, plant_id) values ('Caloplaca intermedia (de Lesd.) Zahlbr.', '2021-01-22', 162, 380);
insert into harvests (part_of_plant, harvest_date, id, plant_id) values ('Botrychium spathulatum W.H. Wagner', '2022-09-04', 163, 738);
insert into harvests (part_of_plant, harvest_date, id, plant_id) values ('Stanleya tomentosa Parry var. tomentosa', '2022-06-11', 164, 452);
insert into harvests (part_of_plant, harvest_date, id, plant_id) values ('Convolvulus althaeoides L.', '2021-11-29', 165, 386);
insert into harvests (part_of_plant, harvest_date, id, plant_id) values ('Dactyloctenium radulans (R. Br.) P. Beauv.', '2022-11-27', 166, 252);
insert into harvests (part_of_plant, harvest_date, id, plant_id) values ('Ceanothus roderickii Knight', '2021-03-25', 167, 486);
insert into harvests (part_of_plant, harvest_date, id, plant_id) values ('Viola rotundifolia Michx.', '2021-07-29', 168, 495);
insert into harvests (part_of_plant, harvest_date, id, plant_id) values ('Aesculus pavia L.', '2020-11-28', 169, 514);
insert into harvests (part_of_plant, harvest_date, id, plant_id) values ('Palafoxia feayi A. Gray', '2022-05-10', 170, 747);
insert into harvests (part_of_plant, harvest_date, id, plant_id) values ('Ceanothus ferrisiae McMinn', '2021-08-29', 171, 94);
insert into harvests (part_of_plant, harvest_date, id, plant_id) values ('Hedeoma plicata Torr.', '2021-09-25', 172, 766);
insert into harvests (part_of_plant, harvest_date, id, plant_id) values ('Tetramolopium humile (A. Gray) Hillebr.', '2020-12-15', 173, 790);
insert into harvests (part_of_plant, harvest_date, id, plant_id) values ('Anomobryum Schimp.', '2022-03-23', 174, 428);
insert into harvests (part_of_plant, harvest_date, id, plant_id) values ('Bothriochloa edwardsiana (Gould) Parodi', '2021-01-24', 175, 427);
insert into harvests (part_of_plant, harvest_date, id, plant_id) values ('Labordia fagraeoidea Gaudich.', '2020-11-27', 176, 402);
insert into harvests (part_of_plant, harvest_date, id, plant_id) values ('Tetramolopium arenarium (A. Gray) Hillebr. ssp. arenarium var. arenarium', '2022-06-10', 177, 267);
insert into harvests (part_of_plant, harvest_date, id, plant_id) values ('Trifolium aureum Pollich', '2021-05-25', 178, 457);
insert into harvests (part_of_plant, harvest_date, id, plant_id) values ('Cassia sturtii R. Br.', '2021-03-28', 179, 788);
insert into harvests (part_of_plant, harvest_date, id, plant_id) values ('Scirpus lineatus Michx.', '2021-03-30', 180, 313);
insert into harvests (part_of_plant, harvest_date, id, plant_id) values ('Oenothera californica (S. Watson) S. Watson ssp. avita W. Klein', '2020-09-07', 181, 710);
insert into harvests (part_of_plant, harvest_date, id, plant_id) values ('Coreopsis tripteris L.', '2022-08-22', 182, 587);
insert into harvests (part_of_plant, harvest_date, id, plant_id) values ('Caloplaca atroflava (Turner) Mong.', '2021-06-24', 183, 24);
insert into harvests (part_of_plant, harvest_date, id, plant_id) values ('Sinapis arvensis L. ssp. arvensis', '2020-11-04', 184, 58);
insert into harvests (part_of_plant, harvest_date, id, plant_id) values ('Vicia monantha Retz.', '2021-08-28', 185, 12);
insert into harvests (part_of_plant, harvest_date, id, plant_id) values ('Omphalora arizonica (Tuck. ex Willey) T. Nash & Hafellner', '2022-01-05', 186, 244);
insert into harvests (part_of_plant, harvest_date, id, plant_id) values ('Helicteres L.', '2021-04-24', 187, 95);
insert into harvests (part_of_plant, harvest_date, id, plant_id) values ('Eriogonum mensicola S. Stokes', '2020-06-16', 188, 255);
insert into harvests (part_of_plant, harvest_date, id, plant_id) values ('Ceanothus gloriosus J.T. Howell var. gloriosus', '2021-03-10', 189, 56);
insert into harvests (part_of_plant, harvest_date, id, plant_id) values ('Chenopodium urbicum L.', '2022-04-23', 190, 13);
insert into harvests (part_of_plant, harvest_date, id, plant_id) values ('Hyoscyamus L.', '2022-08-16', 191, 322);
insert into harvests (part_of_plant, harvest_date, id, plant_id) values ('Bromus ramosus Huds.', '2021-02-06', 192, 649);
insert into harvests (part_of_plant, harvest_date, id, plant_id) values ('Abronia carletonii J.M. Coult. & Fisher', '2022-09-09', 193, 269);
insert into harvests (part_of_plant, harvest_date, id, plant_id) values ('Endocarpon subnitescens Nyl.', '2021-09-28', 194, 480);
insert into harvests (part_of_plant, harvest_date, id, plant_id) values ('Hieracium gracile Hook.', '2022-07-14', 195, 766);
insert into harvests (part_of_plant, harvest_date, id, plant_id) values ('Chenopodium berlandieri Moq. var. zschackii (Murr) Murr ex Asch.', '2021-03-02', 196, 697);
insert into harvests (part_of_plant, harvest_date, id, plant_id) values ('Agrostis aequivalvis (Trin.) Trin.', '2022-03-01', 197, 303);
insert into harvests (part_of_plant, harvest_date, id, plant_id) values ('Rorippa ramosa Rollins', '2020-05-10', 198, 693);
insert into harvests (part_of_plant, harvest_date, id, plant_id) values ('Gladiolus L.', '2021-06-01', 199, 791);
insert into harvests (part_of_plant, harvest_date, id, plant_id) values ('Polygala cornuta Kellogg', '2022-07-27', 200, 164);
insert into harvests (part_of_plant, harvest_date, id, plant_id) values ('Eriogonum compositum Douglas ex Benth.', '2021-12-10', 201, 398);
insert into harvests (part_of_plant, harvest_date, id, plant_id) values ('Aeschynomene gracilis Vogel', '2022-02-06', 202, 179);
insert into harvests (part_of_plant, harvest_date, id, plant_id) values ('Quercus hemisphaerica W. Bartram ex Willd. var. hemisphaerica', '2022-07-01', 203, 615);
insert into harvests (part_of_plant, harvest_date, id, plant_id) values ('Salvia munzii Epling', '2020-05-31', 204, 447);
insert into harvests (part_of_plant, harvest_date, id, plant_id) values ('Schoenoplectiella Lye', '2021-04-25', 205, 123);
insert into harvests (part_of_plant, harvest_date, id, plant_id) values ('Sida repens Domb. ex Cav.', '2020-04-04', 206, 543);
insert into harvests (part_of_plant, harvest_date, id, plant_id) values ('Geum rossii (R. Br.) Ser. var. depressum (Greene) C.L. Hitchc.', '2020-11-16', 207, 198);
insert into harvests (part_of_plant, harvest_date, id, plant_id) values ('Spartina cynosuroides (L.) Roth', '2020-04-20', 208, 490);
insert into harvests (part_of_plant, harvest_date, id, plant_id) values ('Dioscorea spiculiflora Hemsl.', '2021-11-16', 209, 121);
insert into harvests (part_of_plant, harvest_date, id, plant_id) values ('Cyperus erythrorhizos Muhl.', '2022-11-27', 210, 710);
insert into harvests (part_of_plant, harvest_date, id, plant_id) values ('Liatris turgida Gaiser', '2021-10-17', 211, 571);
insert into harvests (part_of_plant, harvest_date, id, plant_id) values ('Ctenolepis cerasiformis (Stocks) Naud.', '2021-06-11', 212, 521);
insert into harvests (part_of_plant, harvest_date, id, plant_id) values ('Epidendrum magnoliae Muhl.', '2020-08-31', 213, 760);
insert into harvests (part_of_plant, harvest_date, id, plant_id) values ('Arabis perennans S. Watson', '2021-10-27', 214, 305);
insert into harvests (part_of_plant, harvest_date, id, plant_id) values ('Lepidium thurberi Wooton', '2022-07-03', 215, 417);
insert into harvests (part_of_plant, harvest_date, id, plant_id) values ('Trifolium lappaceum L.', '2022-01-01', 216, 536);
insert into harvests (part_of_plant, harvest_date, id, plant_id) values ('Asplenium serratum L.', '2020-05-03', 217, 141);
insert into harvests (part_of_plant, harvest_date, id, plant_id) values ('Euryale ferox Salisb.', '2020-11-24', 218, 205);
insert into harvests (part_of_plant, harvest_date, id, plant_id) values ('Eleocharis radicans (A. Dietr.) Kunth', '2021-08-23', 219, 704);
insert into harvests (part_of_plant, harvest_date, id, plant_id) values ('Platycerium bifurcatum (Cav.) C. Chr.', '2021-08-13', 220, 32);
insert into harvests (part_of_plant, harvest_date, id, plant_id) values ('Draba stenoloba Ledeb. var. ramosa C.L. Hitchc.', '2021-06-30', 221, 683);
insert into harvests (part_of_plant, harvest_date, id, plant_id) values ('Filipendula rubra (Hill) B.L. Rob.', '2022-12-08', 222, 237);
insert into harvests (part_of_plant, harvest_date, id, plant_id) values ('Symphyotrichum depauperatum (Fernald) G.L. Nesom', '2020-06-29', 223, 316);
insert into harvests (part_of_plant, harvest_date, id, plant_id) values ('Cryptantha thompsonii I.M. Johnst.', '2022-11-22', 224, 169);
insert into harvests (part_of_plant, harvest_date, id, plant_id) values ('Erigeron peregrinus (Banks ex Pursh) Greene', '2022-09-15', 225, 574);
insert into harvests (part_of_plant, harvest_date, id, plant_id) values ('Trillium luteum (Muhl.) Harbison', '2020-09-26', 226, 267);
insert into harvests (part_of_plant, harvest_date, id, plant_id) values ('Piper ponapense C. DC.', '2020-10-09', 227, 456);
insert into harvests (part_of_plant, harvest_date, id, plant_id) values ('Ribes nigrum L.', '2021-10-19', 228, 534);
insert into harvests (part_of_plant, harvest_date, id, plant_id) values ('Fissidens ventricosus Lesq.', '2022-12-05', 229, 139);
insert into harvests (part_of_plant, harvest_date, id, plant_id) values ('Astragalus perianus Barneby', '2020-10-26', 230, 287);
insert into harvests (part_of_plant, harvest_date, id, plant_id) values ('Carex mariposana L.H. Bailey ex Mack.', '2021-12-06', 231, 667);
insert into harvests (part_of_plant, harvest_date, id, plant_id) values ('Poa trivialis L.', '2020-04-11', 232, 666);
insert into harvests (part_of_plant, harvest_date, id, plant_id) values ('Agnorhiza bolanderi (A. Gray) W.A. Weber', '2021-02-07', 233, 355);
insert into harvests (part_of_plant, harvest_date, id, plant_id) values ('Gutierrezia texana (DC.) Torr. & A. Gray var. glutinosa (S. Schauer) M.A. Lane', '2022-12-01', 234, 787);
insert into harvests (part_of_plant, harvest_date, id, plant_id) values ('Potentilla flabellifolia Hook. ex Torr. & A. Gray', '2021-07-19', 235, 383);
insert into harvests (part_of_plant, harvest_date, id, plant_id) values ('Cassiope tetragona (L.) D. Don', '2021-06-13', 236, 370);
insert into harvests (part_of_plant, harvest_date, id, plant_id) values ('Leptosiphon nuttallii (A. Gray) J.M. Porter & L.A. Johnson ssp. pubescens (R. Patt.)', '2022-08-18', 237, 616);
insert into harvests (part_of_plant, harvest_date, id, plant_id) values ('Eriogonum nudum Douglas ex Benth. var. deductum (Greene) Jeps.', '2022-04-12', 238, 739);
insert into harvests (part_of_plant, harvest_date, id, plant_id) values ('Arabis glabra (L.) Bernh.', '2022-02-26', 239, 369);
insert into harvests (part_of_plant, harvest_date, id, plant_id) values ('Deinandra increscens (H.M. Hall ex D.D. Keck) B.G. Baldw.', '2022-06-13', 240, 482);
insert into harvests (part_of_plant, harvest_date, id, plant_id) values ('Arenaria aculeata S. Watson', '2021-03-19', 241, 744);
insert into harvests (part_of_plant, harvest_date, id, plant_id) values ('Carex oklahomensis Mack.', '2020-04-11', 242, 595);
insert into harvests (part_of_plant, harvest_date, id, plant_id) values ('Fritillaria atropurpurea Nutt.', '2022-01-05', 243, 370);
insert into harvests (part_of_plant, harvest_date, id, plant_id) values ('Coccoloba rugosa Desf.', '2020-12-20', 244, 11);
insert into harvests (part_of_plant, harvest_date, id, plant_id) values ('Fuirena bushii Kral', '2022-11-07', 245, 780);
insert into harvests (part_of_plant, harvest_date, id, plant_id) values ('Carex muricata L.', '2021-04-20', 246, 235);
insert into harvests (part_of_plant, harvest_date, id, plant_id) values ('Eriogonum hemipterum (Torr.) S. Stokes', '2021-08-23', 247, 499);
insert into harvests (part_of_plant, harvest_date, id, plant_id) values ('Cryptantha micrantha (Torr.) I.M. Johnst. var. micrantha', '2020-07-02', 248, 571);
insert into harvests (part_of_plant, harvest_date, id, plant_id) values ('Ipomoea plummerae A. Gray', '2022-04-29', 249, 133);
insert into harvests (part_of_plant, harvest_date, id, plant_id) values ('Arthonia mediella Nyl.', '2020-10-01', 250, 775);
insert into harvests (part_of_plant, harvest_date, id, plant_id) values ('Eriogonum shockleyi S. Watson', '2022-10-24', 251, 683);
insert into harvests (part_of_plant, harvest_date, id, plant_id) values ('Lindernia dubia (L.) Pennell', '2021-09-12', 252, 797);
insert into harvests (part_of_plant, harvest_date, id, plant_id) values ('Amblyolepis setigera DC.', '2022-07-19', 253, 20);
insert into harvests (part_of_plant, harvest_date, id, plant_id) values ('Salix barclayi Andersson', '2021-05-24', 254, 151);
insert into harvests (part_of_plant, harvest_date, id, plant_id) values ('Desmodium sericophyllum Schltdl.', '2021-03-29', 255, 391);
insert into harvests (part_of_plant, harvest_date, id, plant_id) values ('Paspalum blodgettii Chapm.', '2021-09-22', 256, 588);
insert into harvests (part_of_plant, harvest_date, id, plant_id) values ('Velezia L.', '2020-07-12', 257, 592);
insert into harvests (part_of_plant, harvest_date, id, plant_id) values ('Diploschistes muscorum (Scop.) R. Sant. ssp. muscorum', '2020-10-13', 258, 346);
insert into harvests (part_of_plant, harvest_date, id, plant_id) values ('Chionodoxa Boiss.', '2020-04-14', 259, 188);
insert into harvests (part_of_plant, harvest_date, id, plant_id) values ('Polemonium vanbruntiae Britton', '2021-03-04', 260, 37);
insert into harvests (part_of_plant, harvest_date, id, plant_id) values ('Dalbergia palauensis Hosok.', '2021-04-20', 261, 592);
insert into harvests (part_of_plant, harvest_date, id, plant_id) values ('Erodium cicutarium (L.) L''Hér. ex Aiton', '2020-07-21', 262, 223);
insert into harvests (part_of_plant, harvest_date, id, plant_id) values ('Agave palmeri Engelm.', '2021-01-26', 263, 173);
insert into harvests (part_of_plant, harvest_date, id, plant_id) values ('Rhododendron occidentale (Torr. & A. Gray) A. Gray var. occidentale', '2021-09-11', 264, 468);
insert into harvests (part_of_plant, harvest_date, id, plant_id) values ('Gomphrena serrata L.', '2020-06-28', 265, 251);
insert into harvests (part_of_plant, harvest_date, id, plant_id) values ('Gilia latiflora (A. Gray) A. Gray ssp. davyi (Milliken) A.D. Grant & V.E. Grant', '2020-12-29', 266, 563);
insert into harvests (part_of_plant, harvest_date, id, plant_id) values ('Symphytum asperum Lepechin', '2022-09-08', 267, 630);
insert into harvests (part_of_plant, harvest_date, id, plant_id) values ('Elaeagnus commutata Bernh. ex Rydb.', '2021-11-02', 268, 40);
insert into harvests (part_of_plant, harvest_date, id, plant_id) values ('Erica vagans L.', '2021-06-15', 269, 378);
insert into harvests (part_of_plant, harvest_date, id, plant_id) values ('Hypnum callichroum Funck ex Brid.', '2021-08-27', 270, 619);
insert into harvests (part_of_plant, harvest_date, id, plant_id) values ('Bidens forbesii Sherff ssp. kahiliensis Ganders & Nagata', '2020-06-14', 271, 657);
insert into harvests (part_of_plant, harvest_date, id, plant_id) values ('Puccinellia bruggemannii T.J. Sørensen', '2021-10-09', 272, 98);
insert into harvests (part_of_plant, harvest_date, id, plant_id) values ('Psilocarphus oregonus Nutt.', '2020-04-04', 273, 77);
insert into harvests (part_of_plant, harvest_date, id, plant_id) values ('Symphyotrichum dumosum (L.) G.L. Nesom var. strictior (Torr. & A. Gray) G.L. Nesom', '2022-08-20', 274, 443);
insert into harvests (part_of_plant, harvest_date, id, plant_id) values ('Ichnanthus P. Beauv.', '2021-12-16', 275, 702);
insert into harvests (part_of_plant, harvest_date, id, plant_id) values ('Thelypteris palustris Schott var. pubescens (G. Lawson) Fernald', '2022-10-20', 276, 389);
insert into harvests (part_of_plant, harvest_date, id, plant_id) values ('Orobanche valida Jeps. ssp. howellii Heckard & T.S. Collins', '2021-12-21', 277, 268);
insert into harvests (part_of_plant, harvest_date, id, plant_id) values ('Camissonia pallida (Abrams) P.H. Raven ssp. hallii (Davidson) P.H. Raven', '2021-05-12', 278, 102);
insert into harvests (part_of_plant, harvest_date, id, plant_id) values ('Corispermum americanum (Nutt.) Nutt.', '2021-12-22', 279, 50);
insert into harvests (part_of_plant, harvest_date, id, plant_id) values ('Psychotria hexandra H. Mann ssp. oahuensis O. Deg. & Fosberg', '2021-07-17', 280, 260);
insert into harvests (part_of_plant, harvest_date, id, plant_id) values ('Nymphaea L.', '2022-08-19', 281, 161);
insert into harvests (part_of_plant, harvest_date, id, plant_id) values ('Lupinus polyphyllus Lindl. ssp. polyphyllus var. polyphyllus', '2021-12-20', 282, 734);
insert into harvests (part_of_plant, harvest_date, id, plant_id) values ('Pinanga insignis Becc.', '2020-05-30', 283, 285);
insert into harvests (part_of_plant, harvest_date, id, plant_id) values ('Delissea niihauensis H. St. John ssp. niihauensis', '2022-01-27', 284, 467);
insert into harvests (part_of_plant, harvest_date, id, plant_id) values ('Mikania cordifolia (L. f.) Willd.', '2022-07-11', 285, 294);
insert into harvests (part_of_plant, harvest_date, id, plant_id) values ('Hedyotis fosbergii W.L. Wagner & D.R. Herbst', '2022-03-15', 286, 422);
insert into harvests (part_of_plant, harvest_date, id, plant_id) values ('Bouvardia Salisb.', '2022-10-02', 287, 409);
insert into harvests (part_of_plant, harvest_date, id, plant_id) values ('Polygonum alpinum All.', '2021-04-10', 288, 8);
insert into harvests (part_of_plant, harvest_date, id, plant_id) values ('Scleria pauciflora Muhl. ex Willd. var. caroliniana (Willd.) Alph. Wood', '2022-01-10', 289, 724);
insert into harvests (part_of_plant, harvest_date, id, plant_id) values ('Kohleria Regel', '2022-09-25', 290, 479);
insert into harvests (part_of_plant, harvest_date, id, plant_id) values ('Phlox multiflora A. Nelson', '2020-07-09', 291, 203);
insert into harvests (part_of_plant, harvest_date, id, plant_id) values ('Sicyos maximowiczii Cogn.', '2020-10-04', 292, 384);
insert into harvests (part_of_plant, harvest_date, id, plant_id) values ('Draba corrugata S. Watson var. saxosa (Davidson) Munz & I.M. Johnst.', '2022-10-04', 293, 657);
insert into harvests (part_of_plant, harvest_date, id, plant_id) values ('Chromatochlamys muscorum (Fr.) H. Mayrh. & Poelt var. muscorum', '2022-06-15', 294, 318);
insert into harvests (part_of_plant, harvest_date, id, plant_id) values ('Dasypyrum villosum (L.) Coss. & Durieu ex P. Candargy', '2021-04-09', 295, 19);
insert into harvests (part_of_plant, harvest_date, id, plant_id) values ('Trichosanthes dioica Roxb.', '2021-05-09', 296, 647);
insert into harvests (part_of_plant, harvest_date, id, plant_id) values ('Astragalus accidens S. Watson', '2020-11-08', 297, 585);
insert into harvests (part_of_plant, harvest_date, id, plant_id) values ('Cladonia squamosa (Scop.) Hoffm.', '2021-12-21', 298, 721);
insert into harvests (part_of_plant, harvest_date, id, plant_id) values ('Monardella hypoleuca A. Gray', '2021-12-19', 299, 682);
insert into harvests (part_of_plant, harvest_date, id, plant_id) values ('Orobanche californica Cham. & Schltdl. ssp. californica', '2022-02-11', 300, 509);
insert into harvests (part_of_plant, harvest_date, id, plant_id) values ('Moluccella L.', '2020-07-11', 301, 553);
insert into harvests (part_of_plant, harvest_date, id, plant_id) values ('Hesperolinon disjunctum H. Sharsm.', '2020-04-02', 302, 226);
insert into harvests (part_of_plant, harvest_date, id, plant_id) values ('Adiantum pulverulentum L.', '2020-05-18', 303, 324);
insert into harvests (part_of_plant, harvest_date, id, plant_id) values ('Juglans californica S. Watson', '2020-12-21', 304, 739);
insert into harvests (part_of_plant, harvest_date, id, plant_id) values ('Draba juvenilis Kom.', '2020-04-23', 305, 40);
insert into harvests (part_of_plant, harvest_date, id, plant_id) values ('Euphrasia hudsoniana Fernald & Wiegand', '2021-04-08', 306, 257);
insert into harvests (part_of_plant, harvest_date, id, plant_id) values ('Brickellia amplexicaulis B.L. Rob. var. amplexicaulis', '2021-01-02', 307, 575);
insert into harvests (part_of_plant, harvest_date, id, plant_id) values ('Tricardia watsonii Torr. ex S. Watson', '2021-07-01', 308, 379);
insert into harvests (part_of_plant, harvest_date, id, plant_id) values ('Carex vernacula L.H. Bailey', '2022-04-08', 309, 299);
insert into harvests (part_of_plant, harvest_date, id, plant_id) values ('Caloplaca californica Zahlbr.', '2020-07-18', 310, 458);
insert into harvests (part_of_plant, harvest_date, id, plant_id) values ('Didymodon vinealis (Brid.) R.H. Zander var. flaccidus (Bruch & Schimp.) R.H. Zander', '2020-05-31', 311, 777);
insert into harvests (part_of_plant, harvest_date, id, plant_id) values ('Pertusaria alaskensis Erichsen', '2022-03-16', 312, 267);
insert into harvests (part_of_plant, harvest_date, id, plant_id) values ('Carex viridula Michx.', '2020-10-07', 313, 547);
insert into harvests (part_of_plant, harvest_date, id, plant_id) values ('Geum peckii Pursh', '2020-08-10', 314, 546);
insert into harvests (part_of_plant, harvest_date, id, plant_id) values ('Cymopterus panamintensis J.M. Coult. & Rose var. panamintensis', '2022-12-04', 315, 670);
insert into harvests (part_of_plant, harvest_date, id, plant_id) values ('Astragalus palmeri A. Gray', '2020-12-02', 316, 523);
insert into harvests (part_of_plant, harvest_date, id, plant_id) values ('Cuscuta L.', '2021-12-03', 317, 106);
insert into harvests (part_of_plant, harvest_date, id, plant_id) values ('Castanea pumila (L.) Mill. var. pumila', '2021-11-21', 318, 170);
insert into harvests (part_of_plant, harvest_date, id, plant_id) values ('Chilopsis linearis (Cav.) Sweet ssp. linearis', '2020-06-12', 319, 151);
insert into harvests (part_of_plant, harvest_date, id, plant_id) values ('Ruellia humilis Nutt.', '2022-01-04', 320, 61);
insert into harvests (part_of_plant, harvest_date, id, plant_id) values ('Triticum ispahanicum Heslot', '2021-10-29', 321, 507);
insert into harvests (part_of_plant, harvest_date, id, plant_id) values ('Linum striatum Walter', '2020-06-27', 322, 416);
insert into harvests (part_of_plant, harvest_date, id, plant_id) values ('Pinguicula villosa L.', '2022-03-25', 323, 415);
insert into harvests (part_of_plant, harvest_date, id, plant_id) values ('Scutellaria altissima L.', '2022-07-10', 324, 598);
insert into harvests (part_of_plant, harvest_date, id, plant_id) values ('Crataegus harveyana Sarg.', '2021-05-10', 325, 87);
insert into harvests (part_of_plant, harvest_date, id, plant_id) values ('Opuntia monacantha (Willd.) Haw.', '2020-12-13', 326, 59);
insert into harvests (part_of_plant, harvest_date, id, plant_id) values ('Corydalis aurea Willd.', '2021-05-18', 327, 427);
insert into harvests (part_of_plant, harvest_date, id, plant_id) values ('Senecio flaccidus Less. var. monoensis (Greene) B.L. Turner & T.M. Barkley', '2020-05-03', 328, 30);
insert into harvests (part_of_plant, harvest_date, id, plant_id) values ('Geheebia Schimp.', '2022-10-24', 329, 639);
insert into harvests (part_of_plant, harvest_date, id, plant_id) values ('Tridens texanus (S. Watson) Nash', '2020-11-25', 330, 522);
insert into harvests (part_of_plant, harvest_date, id, plant_id) values ('Bryobrittonia R.S. Williams', '2022-11-19', 331, 84);
insert into harvests (part_of_plant, harvest_date, id, plant_id) values ('Cyperus esculentus L. var. leptostachyus Boeckeler', '2022-08-16', 332, 486);
insert into harvests (part_of_plant, harvest_date, id, plant_id) values ('Crataegus pulcherrima Ashe', '2021-12-14', 333, 40);
insert into harvests (part_of_plant, harvest_date, id, plant_id) values ('Parthenium hysterophorus L.', '2021-04-03', 334, 614);
insert into harvests (part_of_plant, harvest_date, id, plant_id) values ('Sedum obtusatum A. Gray ssp. obtusatum', '2021-12-05', 335, 683);
insert into harvests (part_of_plant, harvest_date, id, plant_id) values ('Myosotis macrosperma Engelm.', '2020-04-23', 336, 566);
insert into harvests (part_of_plant, harvest_date, id, plant_id) values ('Oryza punctata Kotzchy ex Steud.', '2020-12-23', 337, 269);
insert into harvests (part_of_plant, harvest_date, id, plant_id) values ('Chaenomeles speciosa (Sweet) Nakai', '2022-07-02', 338, 390);
insert into harvests (part_of_plant, harvest_date, id, plant_id) values ('Microseris elegans Greene ex A. Gray', '2022-04-11', 339, 123);
insert into harvests (part_of_plant, harvest_date, id, plant_id) values ('Saccharum giganteum (Walter) Pers.', '2020-07-19', 340, 395);
insert into harvests (part_of_plant, harvest_date, id, plant_id) values ('Camissonia scapoidea (Nutt. ex Torr. & A. Gray) P.H. Raven ssp. utahensis (P.H. Raven) P.H. Raven', '2022-02-10', 341, 313);
insert into harvests (part_of_plant, harvest_date, id, plant_id) values ('Polygala nitida Brandegee', '2022-02-01', 342, 621);
insert into harvests (part_of_plant, harvest_date, id, plant_id) values ('Tordylium L.', '2020-08-09', 343, 448);
insert into harvests (part_of_plant, harvest_date, id, plant_id) values ('Platystigma linearis Benth.', '2021-01-12', 344, 113);
insert into harvests (part_of_plant, harvest_date, id, plant_id) values ('Digitaria seriata Stapf [excluded]', '2022-03-27', 345, 238);
insert into harvests (part_of_plant, harvest_date, id, plant_id) values ('Phacelia howelliana N.D. Atwood', '2021-10-18', 346, 150);
insert into harvests (part_of_plant, harvest_date, id, plant_id) values ('Stephanomeria exigua Nutt.', '2021-12-20', 347, 72);
insert into harvests (part_of_plant, harvest_date, id, plant_id) values ('Astragalus miser Douglas ex Hook. var. oblongifolius (Rydb.) Cronquist', '2022-01-20', 348, 618);
insert into harvests (part_of_plant, harvest_date, id, plant_id) values ('Camassia quamash (Pursh) Greene ssp. walpolei (Piper) Gould', '2020-08-31', 349, 660);
insert into harvests (part_of_plant, harvest_date, id, plant_id) values ('Chamaecyparis lawsoniana (A. Murray bis) Parl.', '2021-11-09', 350, 218);
insert into harvests (part_of_plant, harvest_date, id, plant_id) values ('Harrisella Fawc. & Rendle', '2022-07-31', 351, 471);
insert into harvests (part_of_plant, harvest_date, id, plant_id) values ('Abrothallus De Not.', '2021-02-12', 352, 589);
insert into harvests (part_of_plant, harvest_date, id, plant_id) values ('Centaurium venustum (A. Gray) B.L. Rob. ssp. venustum', '2022-08-21', 353, 515);
insert into harvests (part_of_plant, harvest_date, id, plant_id) values ('Carex ×abitibiana Lepage', '2022-07-14', 354, 188);
insert into harvests (part_of_plant, harvest_date, id, plant_id) values ('Glossopetalon spinescens A. Gray', '2020-07-16', 355, 235);
insert into harvests (part_of_plant, harvest_date, id, plant_id) values ('Ionaspis Th. Fr.', '2021-06-28', 356, 710);
insert into harvests (part_of_plant, harvest_date, id, plant_id) values ('Umbilicaria hyperborea (Ach.) Hoffm. var. hyperborea', '2021-08-07', 357, 333);
insert into harvests (part_of_plant, harvest_date, id, plant_id) values ('Symphyotrichum foliaceum (Lindl. ex DC.) G.L. Nesom var. parryi (D.C. Eaton) G.L. Nesom', '2020-11-15', 358, 317);
insert into harvests (part_of_plant, harvest_date, id, plant_id) values ('Sarracenia psittacina Michx.', '2021-08-18', 359, 22);
insert into harvests (part_of_plant, harvest_date, id, plant_id) values ('Veronica spicata L.', '2022-11-02', 360, 566);
insert into harvests (part_of_plant, harvest_date, id, plant_id) values ('Nerine Herb.', '2021-07-24', 361, 39);
insert into harvests (part_of_plant, harvest_date, id, plant_id) values ('Trichomanes crispum L.', '2022-02-13', 362, 512);
insert into harvests (part_of_plant, harvest_date, id, plant_id) values ('Digitaria ischaemum (Schreb.) Schreb. ex Muhl.', '2021-09-27', 363, 621);
insert into harvests (part_of_plant, harvest_date, id, plant_id) values ('Diplotaxis erucoides (L.) DC.', '2021-07-22', 364, 104);
insert into harvests (part_of_plant, harvest_date, id, plant_id) values ('Juncus ensifolius Wikstr.', '2021-04-17', 365, 292);
insert into harvests (part_of_plant, harvest_date, id, plant_id) values ('Cirsium occidentale (Nutt.) Jeps. var. compactum Hoover', '2021-09-11', 366, 399);
insert into harvests (part_of_plant, harvest_date, id, plant_id) values ('Pyrularia Michx.', '2021-04-01', 367, 649);
insert into harvests (part_of_plant, harvest_date, id, plant_id) values ('Sedella pentandra H. Sharsm.', '2022-02-24', 368, 47);
insert into harvests (part_of_plant, harvest_date, id, plant_id) values ('Collema fasciculare (L.) F.H. Wigg.', '2021-12-20', 369, 592);
insert into harvests (part_of_plant, harvest_date, id, plant_id) values ('Vestergrenopsis isidiata (Degel.) E. Dahl', '2021-01-29', 370, 109);
insert into harvests (part_of_plant, harvest_date, id, plant_id) values ('Miconia tetrandra (Sw.) D. Don', '2021-01-26', 371, 748);
insert into harvests (part_of_plant, harvest_date, id, plant_id) values ('Iris tenax Douglas ex Lindl.', '2022-12-05', 372, 422);
insert into harvests (part_of_plant, harvest_date, id, plant_id) values ('Nymphaea glandulifera Rodschied [excluded]', '2021-04-01', 373, 1);
insert into harvests (part_of_plant, harvest_date, id, plant_id) values ('Lewisia rediviva Pursh var. rediviva', '2021-03-01', 374, 373);
insert into harvests (part_of_plant, harvest_date, id, plant_id) values ('Pseudoleskea radicosa (Mitt.) Macoun & Kindb.', '2021-09-16', 375, 494);
insert into harvests (part_of_plant, harvest_date, id, plant_id) values ('Spergularia salina J. Presl & C. Presl', '2020-04-07', 376, 561);
insert into harvests (part_of_plant, harvest_date, id, plant_id) values ('Lespedeza ×oblongifolia (Britton) W. Stone', '2022-01-21', 377, 209);
insert into harvests (part_of_plant, harvest_date, id, plant_id) values ('Camissonia palmeri (S. Watson) P.H. Raven', '2021-06-21', 378, 413);
insert into harvests (part_of_plant, harvest_date, id, plant_id) values ('Cyperus oxylepis Nees ex Steud.', '2022-11-12', 379, 697);
insert into harvests (part_of_plant, harvest_date, id, plant_id) values ('Lyonia truncata Urb. var. proctorii W.S. Judd', '2020-11-29', 380, 472);
insert into harvests (part_of_plant, harvest_date, id, plant_id) values ('Ambrosia canescens A. Gray', '2020-05-11', 381, 687);
insert into harvests (part_of_plant, harvest_date, id, plant_id) values ('Hydrophyllum capitatum Douglas ex Benth. var. thompsonii (M. Peck) Constance', '2020-09-05', 382, 526);
insert into harvests (part_of_plant, harvest_date, id, plant_id) values ('Sebastiania Spreng.', '2021-06-05', 383, 619);
insert into harvests (part_of_plant, harvest_date, id, plant_id) values ('Orphniospora Körb.', '2022-06-01', 384, 364);
insert into harvests (part_of_plant, harvest_date, id, plant_id) values ('Salix sessilifolia Nutt.', '2022-06-18', 385, 273);
insert into harvests (part_of_plant, harvest_date, id, plant_id) values ('Trautvetteria Fisch. & C.A. Mey.', '2022-09-30', 386, 305);
insert into harvests (part_of_plant, harvest_date, id, plant_id) values ('Argyrochosma limitanea (Maxon) Windham ssp. mexicana (Maxon) Windham', '2022-07-07', 387, 593);
insert into harvests (part_of_plant, harvest_date, id, plant_id) values ('Ludwigia peploides (Kunth) P.H. Raven', '2020-06-29', 388, 518);
insert into harvests (part_of_plant, harvest_date, id, plant_id) values ('Lomatium bradshawii (Rose ex Mathias) Mathias & Constance', '2022-08-09', 389, 746);
insert into harvests (part_of_plant, harvest_date, id, plant_id) values ('Isolepis prolifera (Rottb.) R.Br.', '2021-06-04', 390, 566);
insert into harvests (part_of_plant, harvest_date, id, plant_id) values ('Conoclinium betonicifolium (Mill.) R.M. King & H. Rob. var. betonicifolium ', '2021-04-27', 391, 84);
insert into harvests (part_of_plant, harvest_date, id, plant_id) values ('Neurodium Fée', '2022-05-22', 392, 688);
insert into harvests (part_of_plant, harvest_date, id, plant_id) values ('Cladina ciliata (Stirt.) Trass var. ciliata', '2021-05-12', 393, 362);
insert into harvests (part_of_plant, harvest_date, id, plant_id) values ('Rollandia ambigua G. Don', '2020-09-27', 394, 202);
insert into harvests (part_of_plant, harvest_date, id, plant_id) values ('Viola ×viarum Pollard', '2021-07-05', 395, 21);
insert into harvests (part_of_plant, harvest_date, id, plant_id) values ('Coccotrema Müll. Arg.', '2022-10-23', 396, 202);
insert into harvests (part_of_plant, harvest_date, id, plant_id) values ('Eucalyptus glaucescens Maiden & Blakely', '2022-09-05', 397, 669);
insert into harvests (part_of_plant, harvest_date, id, plant_id) values ('Chionanthus ligustrinus (Sw.) Pers.', '2021-07-04', 398, 447);
insert into harvests (part_of_plant, harvest_date, id, plant_id) values ('Melia L.', '2021-02-10', 399, 722);
insert into harvests (part_of_plant, harvest_date, id, plant_id) values ('Blutaparon vermiculare (L.) Mears', '2022-03-31', 400, 316);


CREATE TABLE watering(
    water_date DATE default (CURRENT_DATE),
    plant_id int not null,
    water_amount int,
    FOREIGN KEY (plant_id) references plants(id) ON DELETE CASCADE ON UPDATE CASCADE,
    PRIMARY KEY (plant_id, water_date));

insert into watering (water_date, plant_id, water_amount) values ('2021-03-21', 621, 13);
insert into watering (water_date, plant_id, water_amount) values ('2022-03-10', 152, 18);
insert into watering (water_date, plant_id, water_amount) values ('2021-07-18', 542, 16);
insert into watering (water_date, plant_id, water_amount) values ('2021-05-28', 674, 13);
insert into watering (water_date, plant_id, water_amount) values ('2019-07-05', 191, 7);
insert into watering (water_date, plant_id, water_amount) values ('2021-04-16', 208, 5);
insert into watering (water_date, plant_id, water_amount) values ('2019-11-28', 228, 4);
insert into watering (water_date, plant_id, water_amount) values ('2020-08-24', 80, 7);
insert into watering (water_date, plant_id, water_amount) values ('2019-05-10', 231, 13);
insert into watering (water_date, plant_id, water_amount) values ('2021-06-26', 325, 9);
insert into watering (water_date, plant_id, water_amount) values ('2022-08-16', 763, 12);
insert into watering (water_date, plant_id, water_amount) values ('2022-02-01', 593, 18);
insert into watering (water_date, plant_id, water_amount) values ('2020-02-18', 639, 12);
insert into watering (water_date, plant_id, water_amount) values ('2018-11-09', 622, 2);
insert into watering (water_date, plant_id, water_amount) values ('2021-09-14', 314, 11);
insert into watering (water_date, plant_id, water_amount) values ('2019-08-26', 341, 7);
insert into watering (water_date, plant_id, water_amount) values ('2020-10-02', 633, 11);
insert into watering (water_date, plant_id, water_amount) values ('2019-05-16', 42, 14);
insert into watering (water_date, plant_id, water_amount) values ('2021-12-17', 508, 8);
insert into watering (water_date, plant_id, water_amount) values ('2018-10-28', 143, 9);
insert into watering (water_date, plant_id, water_amount) values ('2019-09-02', 314, 1);
insert into watering (water_date, plant_id, water_amount) values ('2018-10-20', 364, 6);
insert into watering (water_date, plant_id, water_amount) values ('2018-12-31', 21, 5);
insert into watering (water_date, plant_id, water_amount) values ('2019-09-16', 260, 9);
insert into watering (water_date, plant_id, water_amount) values ('2021-02-10', 43, 19);
insert into watering (water_date, plant_id, water_amount) values ('2020-10-20', 66, 19);
insert into watering (water_date, plant_id, water_amount) values ('2018-11-03', 303, 1);
insert into watering (water_date, plant_id, water_amount) values ('2020-10-09', 475, 6);
insert into watering (water_date, plant_id, water_amount) values ('2022-11-30', 322, 8);
insert into watering (water_date, plant_id, water_amount) values ('2020-03-07', 509, 4);
insert into watering (water_date, plant_id, water_amount) values ('2022-09-03', 111, 20);
insert into watering (water_date, plant_id, water_amount) values ('2020-03-29', 688, 15);
insert into watering (water_date, plant_id, water_amount) values ('2021-02-16', 735, 9);
insert into watering (water_date, plant_id, water_amount) values ('2019-11-07', 350, 5);
insert into watering (water_date, plant_id, water_amount) values ('2022-11-27', 507, 5);
insert into watering (water_date, plant_id, water_amount) values ('2020-05-24', 265, 19);
insert into watering (water_date, plant_id, water_amount) values ('2022-03-17', 251, 3);
insert into watering (water_date, plant_id, water_amount) values ('2020-01-17', 362, 2);
insert into watering (water_date, plant_id, water_amount) values ('2022-08-13', 478, 17);
insert into watering (water_date, plant_id, water_amount) values ('2021-10-28', 354, 1);
insert into watering (water_date, plant_id, water_amount) values ('2021-03-13', 92, 5);
insert into watering (water_date, plant_id, water_amount) values ('2019-03-25', 400, 13);
insert into watering (water_date, plant_id, water_amount) values ('2022-04-28', 766, 1);
insert into watering (water_date, plant_id, water_amount) values ('2020-07-24', 780, 8);
insert into watering (water_date, plant_id, water_amount) values ('2019-01-31', 361, 17);
insert into watering (water_date, plant_id, water_amount) values ('2020-02-17', 308, 11);
insert into watering (water_date, plant_id, water_amount) values ('2022-08-27', 23, 5);
insert into watering (water_date, plant_id, water_amount) values ('2022-06-13', 641, 1);
insert into watering (water_date, plant_id, water_amount) values ('2020-11-03', 383, 1);
insert into watering (water_date, plant_id, water_amount) values ('2019-04-19', 417, 15);
insert into watering (water_date, plant_id, water_amount) values ('2018-08-24', 670, 15);
insert into watering (water_date, plant_id, water_amount) values ('2022-12-04', 755, 1);
insert into watering (water_date, plant_id, water_amount) values ('2019-02-05', 74, 2);
insert into watering (water_date, plant_id, water_amount) values ('2018-11-17', 348, 17);
insert into watering (water_date, plant_id, water_amount) values ('2020-07-10', 589, 16);
insert into watering (water_date, plant_id, water_amount) values ('2021-09-13', 290, 11);
insert into watering (water_date, plant_id, water_amount) values ('2021-08-09', 553, 16);
insert into watering (water_date, plant_id, water_amount) values ('2020-02-05', 430, 20);
insert into watering (water_date, plant_id, water_amount) values ('2019-02-02', 85, 14);
insert into watering (water_date, plant_id, water_amount) values ('2021-03-11', 559, 9);
insert into watering (water_date, plant_id, water_amount) values ('2022-04-19', 360, 13);
insert into watering (water_date, plant_id, water_amount) values ('2019-07-10', 480, 7);
insert into watering (water_date, plant_id, water_amount) values ('2020-10-02', 778, 18);
insert into watering (water_date, plant_id, water_amount) values ('2020-01-29', 334, 2);
insert into watering (water_date, plant_id, water_amount) values ('2020-09-29', 509, 11);
insert into watering (water_date, plant_id, water_amount) values ('2021-02-16', 634, 5);
insert into watering (water_date, plant_id, water_amount) values ('2020-10-09', 320, 3);
insert into watering (water_date, plant_id, water_amount) values ('2021-07-17', 65, 3);
insert into watering (water_date, plant_id, water_amount) values ('2021-06-11', 535, 16);
insert into watering (water_date, plant_id, water_amount) values ('2019-11-04', 148, 18);
insert into watering (water_date, plant_id, water_amount) values ('2022-06-07', 781, 18);
insert into watering (water_date, plant_id, water_amount) values ('2022-11-16', 467, 8);
insert into watering (water_date, plant_id, water_amount) values ('2021-05-07', 128, 10);
insert into watering (water_date, plant_id, water_amount) values ('2018-09-10', 228, 3);
insert into watering (water_date, plant_id, water_amount) values ('2022-04-13', 703, 10);
insert into watering (water_date, plant_id, water_amount) values ('2020-10-05', 344, 14);
insert into watering (water_date, plant_id, water_amount) values ('2022-07-25', 298, 3);
insert into watering (water_date, plant_id, water_amount) values ('2022-01-20', 588, 13);
insert into watering (water_date, plant_id, water_amount) values ('2019-02-15', 593, 12);
insert into watering (water_date, plant_id, water_amount) values ('2021-01-30', 134, 18);
insert into watering (water_date, plant_id, water_amount) values ('2022-11-03', 653, 11);
insert into watering (water_date, plant_id, water_amount) values ('2020-09-24', 202, 18);
insert into watering (water_date, plant_id, water_amount) values ('2021-11-19', 93, 19);
insert into watering (water_date, plant_id, water_amount) values ('2022-09-14', 71, 19);
insert into watering (water_date, plant_id, water_amount) values ('2021-02-19', 219, 14);
insert into watering (water_date, plant_id, water_amount) values ('2021-07-21', 131, 2);
insert into watering (water_date, plant_id, water_amount) values ('2019-03-01', 609, 1);
insert into watering (water_date, plant_id, water_amount) values ('2019-08-05', 382, 12);
insert into watering (water_date, plant_id, water_amount) values ('2020-03-08', 562, 7);
insert into watering (water_date, plant_id, water_amount) values ('2018-12-18', 109, 15);
insert into watering (water_date, plant_id, water_amount) values ('2019-06-24', 700, 16);
insert into watering (water_date, plant_id, water_amount) values ('2022-07-24', 763, 13);
insert into watering (water_date, plant_id, water_amount) values ('2020-03-06', 735, 18);
insert into watering (water_date, plant_id, water_amount) values ('2019-09-08', 490, 6);
insert into watering (water_date, plant_id, water_amount) values ('2021-09-26', 11, 6);
insert into watering (water_date, plant_id, water_amount) values ('2019-11-28', 660, 15);
insert into watering (water_date, plant_id, water_amount) values ('2020-08-13', 308, 12);
insert into watering (water_date, plant_id, water_amount) values ('2022-01-30', 674, 4);
insert into watering (water_date, plant_id, water_amount) values ('2020-06-15', 182, 12);
insert into watering (water_date, plant_id, water_amount) values ('2022-06-24', 275, 10);
insert into watering (water_date, plant_id, water_amount) values ('2020-11-24', 275, 8);
insert into watering (water_date, plant_id, water_amount) values ('2018-12-25', 309, 7);
insert into watering (water_date, plant_id, water_amount) values ('2019-08-24', 476, 15);
insert into watering (water_date, plant_id, water_amount) values ('2020-10-19', 243, 1);
insert into watering (water_date, plant_id, water_amount) values ('2021-12-06', 705, 13);
insert into watering (water_date, plant_id, water_amount) values ('2019-02-04', 338, 11);
insert into watering (water_date, plant_id, water_amount) values ('2022-05-03', 546, 18);
insert into watering (water_date, plant_id, water_amount) values ('2021-04-08', 300, 16);
insert into watering (water_date, plant_id, water_amount) values ('2020-10-05', 88, 15);
insert into watering (water_date, plant_id, water_amount) values ('2020-07-11', 570, 18);
insert into watering (water_date, plant_id, water_amount) values ('2020-11-12', 484, 5);
insert into watering (water_date, plant_id, water_amount) values ('2019-02-14', 248, 2);
insert into watering (water_date, plant_id, water_amount) values ('2022-09-20', 618, 1);
insert into watering (water_date, plant_id, water_amount) values ('2019-01-07', 466, 8);
insert into watering (water_date, plant_id, water_amount) values ('2019-02-02', 443, 8);
insert into watering (water_date, plant_id, water_amount) values ('2020-01-31', 213, 8);
insert into watering (water_date, plant_id, water_amount) values ('2021-04-21', 55, 10);
insert into watering (water_date, plant_id, water_amount) values ('2019-05-03', 193, 3);
insert into watering (water_date, plant_id, water_amount) values ('2020-05-10', 681, 15);
insert into watering (water_date, plant_id, water_amount) values ('2020-09-02', 394, 17);
insert into watering (water_date, plant_id, water_amount) values ('2020-04-01', 221, 2);
insert into watering (water_date, plant_id, water_amount) values ('2022-11-28', 48, 12);
insert into watering (water_date, plant_id, water_amount) values ('2019-12-23', 155, 18);
insert into watering (water_date, plant_id, water_amount) values ('2021-06-25', 588, 16);
insert into watering (water_date, plant_id, water_amount) values ('2020-01-27', 530, 4);
insert into watering (water_date, plant_id, water_amount) values ('2021-01-28', 179, 8);
insert into watering (water_date, plant_id, water_amount) values ('2019-10-14', 112, 11);
insert into watering (water_date, plant_id, water_amount) values ('2019-08-28', 329, 4);
insert into watering (water_date, plant_id, water_amount) values ('2018-10-02', 700, 14);
insert into watering (water_date, plant_id, water_amount) values ('2020-11-04', 505, 16);
insert into watering (water_date, plant_id, water_amount) values ('2020-01-19', 288, 2);
insert into watering (water_date, plant_id, water_amount) values ('2022-05-28', 269, 1);
insert into watering (water_date, plant_id, water_amount) values ('2021-05-25', 642, 20);
insert into watering (water_date, plant_id, water_amount) values ('2021-08-06', 306, 16);
insert into watering (water_date, plant_id, water_amount) values ('2020-02-01', 610, 10);
insert into watering (water_date, plant_id, water_amount) values ('2021-02-17', 679, 16);
insert into watering (water_date, plant_id, water_amount) values ('2022-07-13', 373, 17);
insert into watering (water_date, plant_id, water_amount) values ('2022-10-01', 34, 5);
insert into watering (water_date, plant_id, water_amount) values ('2020-09-26', 209, 11);
insert into watering (water_date, plant_id, water_amount) values ('2019-05-29', 780, 17);
insert into watering (water_date, plant_id, water_amount) values ('2018-11-30', 576, 15);
insert into watering (water_date, plant_id, water_amount) values ('2020-06-06', 75, 7);
insert into watering (water_date, plant_id, water_amount) values ('2018-08-19', 579, 10);
insert into watering (water_date, plant_id, water_amount) values ('2019-05-07', 781, 14);
insert into watering (water_date, plant_id, water_amount) values ('2021-09-11', 548, 12);
insert into watering (water_date, plant_id, water_amount) values ('2019-09-15', 37, 7);
insert into watering (water_date, plant_id, water_amount) values ('2022-11-29', 190, 2);
insert into watering (water_date, plant_id, water_amount) values ('2022-02-17', 35, 9);
insert into watering (water_date, plant_id, water_amount) values ('2022-11-30', 348, 13);
insert into watering (water_date, plant_id, water_amount) values ('2021-06-03', 309, 8);
insert into watering (water_date, plant_id, water_amount) values ('2020-03-26', 440, 3);
insert into watering (water_date, plant_id, water_amount) values ('2022-06-25', 374, 20);
insert into watering (water_date, plant_id, water_amount) values ('2020-12-09', 643, 2);
insert into watering (water_date, plant_id, water_amount) values ('2019-07-26', 6, 14);
insert into watering (water_date, plant_id, water_amount) values ('2018-09-19', 429, 11);
insert into watering (water_date, plant_id, water_amount) values ('2021-12-14', 748, 14);
insert into watering (water_date, plant_id, water_amount) values ('2022-03-23', 769, 4);
insert into watering (water_date, plant_id, water_amount) values ('2021-01-30', 576, 7);
insert into watering (water_date, plant_id, water_amount) values ('2022-01-11', 366, 20);
insert into watering (water_date, plant_id, water_amount) values ('2022-04-01', 113, 12);
insert into watering (water_date, plant_id, water_amount) values ('2018-10-02', 96, 6);
insert into watering (water_date, plant_id, water_amount) values ('2020-03-18', 669, 15);
insert into watering (water_date, plant_id, water_amount) values ('2021-11-30', 441, 9);
insert into watering (water_date, plant_id, water_amount) values ('2021-06-16', 77, 17);
insert into watering (water_date, plant_id, water_amount) values ('2020-08-26', 106, 14);
insert into watering (water_date, plant_id, water_amount) values ('2021-09-14', 57, 13);
insert into watering (water_date, plant_id, water_amount) values ('2022-11-24', 289, 19);
insert into watering (water_date, plant_id, water_amount) values ('2019-12-25', 212, 19);
insert into watering (water_date, plant_id, water_amount) values ('2019-01-29', 203, 9);
insert into watering (water_date, plant_id, water_amount) values ('2022-10-29', 669, 8);
insert into watering (water_date, plant_id, water_amount) values ('2022-06-02', 114, 20);
insert into watering (water_date, plant_id, water_amount) values ('2021-01-05', 125, 20);
insert into watering (water_date, plant_id, water_amount) values ('2021-04-03', 710, 14);
insert into watering (water_date, plant_id, water_amount) values ('2020-02-06', 677, 3);
insert into watering (water_date, plant_id, water_amount) values ('2021-06-24', 562, 17);
insert into watering (water_date, plant_id, water_amount) values ('2019-09-21', 670, 2);
insert into watering (water_date, plant_id, water_amount) values ('2020-11-24', 763, 2);
insert into watering (water_date, plant_id, water_amount) values ('2021-10-27', 648, 14);
insert into watering (water_date, plant_id, water_amount) values ('2019-04-07', 101, 7);
insert into watering (water_date, plant_id, water_amount) values ('2019-06-16', 514, 8);
insert into watering (water_date, plant_id, water_amount) values ('2018-08-05', 138, 17);
insert into watering (water_date, plant_id, water_amount) values ('2022-08-02', 713, 2);
insert into watering (water_date, plant_id, water_amount) values ('2019-07-08', 172, 4);
insert into watering (water_date, plant_id, water_amount) values ('2018-10-15', 31, 8);
insert into watering (water_date, plant_id, water_amount) values ('2022-03-14', 153, 4);
insert into watering (water_date, plant_id, water_amount) values ('2021-11-22', 403, 14);
insert into watering (water_date, plant_id, water_amount) values ('2018-11-05', 724, 8);
insert into watering (water_date, plant_id, water_amount) values ('2021-08-22', 631, 16);
insert into watering (water_date, plant_id, water_amount) values ('2020-06-05', 429, 15);
insert into watering (water_date, plant_id, water_amount) values ('2020-07-09', 128, 5);
insert into watering (water_date, plant_id, water_amount) values ('2019-03-21', 698, 2);
insert into watering (water_date, plant_id, water_amount) values ('2021-05-25', 191, 16);
insert into watering (water_date, plant_id, water_amount) values ('2022-04-21', 214, 7);
insert into watering (water_date, plant_id, water_amount) values ('2020-07-13', 558, 4);
insert into watering (water_date, plant_id, water_amount) values ('2020-01-06', 279, 5);
insert into watering (water_date, plant_id, water_amount) values ('2019-03-24', 138, 14);
insert into watering (water_date, plant_id, water_amount) values ('2019-01-07', 706, 15);
insert into watering (water_date, plant_id, water_amount) values ('2020-11-01', 190, 3);
insert into watering (water_date, plant_id, water_amount) values ('2019-03-03', 208, 17);
insert into watering (water_date, plant_id, water_amount) values ('2020-04-30', 585, 3);
insert into watering (water_date, plant_id, water_amount) values ('2020-07-18', 740, 9);
insert into watering (water_date, plant_id, water_amount) values ('2019-03-13', 339, 16);
insert into watering (water_date, plant_id, water_amount) values ('2019-08-03', 756, 8);
insert into watering (water_date, plant_id, water_amount) values ('2022-08-25', 699, 12);
insert into watering (water_date, plant_id, water_amount) values ('2019-03-19', 359, 1);
insert into watering (water_date, plant_id, water_amount) values ('2020-07-12', 173, 12);
insert into watering (water_date, plant_id, water_amount) values ('2019-02-08', 696, 3);
insert into watering (water_date, plant_id, water_amount) values ('2021-07-04', 74, 13);
insert into watering (water_date, plant_id, water_amount) values ('2022-10-12', 98, 19);
insert into watering (water_date, plant_id, water_amount) values ('2021-09-08', 169, 18);
insert into watering (water_date, plant_id, water_amount) values ('2019-05-21', 138, 12);
insert into watering (water_date, plant_id, water_amount) values ('2021-04-01', 243, 11);
insert into watering (water_date, plant_id, water_amount) values ('2022-03-25', 155, 6);
insert into watering (water_date, plant_id, water_amount) values ('2022-06-03', 107, 13);
insert into watering (water_date, plant_id, water_amount) values ('2021-02-10', 426, 17);
insert into watering (water_date, plant_id, water_amount) values ('2021-10-03', 407, 2);
insert into watering (water_date, plant_id, water_amount) values ('2020-07-26', 44, 20);
insert into watering (water_date, plant_id, water_amount) values ('2020-11-27', 311, 12);
insert into watering (water_date, plant_id, water_amount) values ('2020-08-31', 421, 5);
insert into watering (water_date, plant_id, water_amount) values ('2021-01-03', 610, 20);
insert into watering (water_date, plant_id, water_amount) values ('2021-09-06', 757, 11);
insert into watering (water_date, plant_id, water_amount) values ('2018-12-28', 260, 15);
insert into watering (water_date, plant_id, water_amount) values ('2020-09-03', 66, 12);
insert into watering (water_date, plant_id, water_amount) values ('2020-06-13', 761, 12);
insert into watering (water_date, plant_id, water_amount) values ('2020-11-19', 91, 4);
insert into watering (water_date, plant_id, water_amount) values ('2022-05-14', 538, 15);
insert into watering (water_date, plant_id, water_amount) values ('2019-05-15', 81, 6);
insert into watering (water_date, plant_id, water_amount) values ('2020-08-20', 299, 1);
insert into watering (water_date, plant_id, water_amount) values ('2020-12-06', 578, 15);
insert into watering (water_date, plant_id, water_amount) values ('2022-08-13', 109, 19);
insert into watering (water_date, plant_id, water_amount) values ('2018-12-22', 39, 9);
insert into watering (water_date, plant_id, water_amount) values ('2018-09-22', 350, 13);
insert into watering (water_date, plant_id, water_amount) values ('2019-09-18', 705, 15);
insert into watering (water_date, plant_id, water_amount) values ('2020-04-27', 405, 11);
insert into watering (water_date, plant_id, water_amount) values ('2021-06-19', 663, 18);
insert into watering (water_date, plant_id, water_amount) values ('2020-05-20', 317, 19);
insert into watering (water_date, plant_id, water_amount) values ('2019-01-18', 468, 1);
insert into watering (water_date, plant_id, water_amount) values ('2021-06-30', 532, 3);
insert into watering (water_date, plant_id, water_amount) values ('2021-04-10', 670, 8);
insert into watering (water_date, plant_id, water_amount) values ('2020-11-19', 111, 5);
insert into watering (water_date, plant_id, water_amount) values ('2021-09-14', 335, 18);
insert into watering (water_date, plant_id, water_amount) values ('2021-09-18', 540, 10);
insert into watering (water_date, plant_id, water_amount) values ('2022-03-22', 397, 6);
insert into watering (water_date, plant_id, water_amount) values ('2022-02-01', 97, 2);
insert into watering (water_date, plant_id, water_amount) values ('2021-07-06', 183, 8);
insert into watering (water_date, plant_id, water_amount) values ('2021-10-05', 509, 9);
insert into watering (water_date, plant_id, water_amount) values ('2022-01-11', 747, 5);
insert into watering (water_date, plant_id, water_amount) values ('2020-05-15', 588, 3);
insert into watering (water_date, plant_id, water_amount) values ('2022-04-04', 447, 16);
insert into watering (water_date, plant_id, water_amount) values ('2020-12-08', 683, 11);
insert into watering (water_date, plant_id, water_amount) values ('2020-11-23', 155, 5);
insert into watering (water_date, plant_id, water_amount) values ('2022-07-18', 26, 11);
insert into watering (water_date, plant_id, water_amount) values ('2022-09-06', 127, 13);
insert into watering (water_date, plant_id, water_amount) values ('2018-11-01', 634, 19);
insert into watering (water_date, plant_id, water_amount) values ('2020-07-19', 762, 4);
insert into watering (water_date, plant_id, water_amount) values ('2018-11-21', 365, 17);
insert into watering (water_date, plant_id, water_amount) values ('2020-12-13', 771, 19);
insert into watering (water_date, plant_id, water_amount) values ('2020-09-05', 568, 7);
insert into watering (water_date, plant_id, water_amount) values ('2022-10-22', 407, 11);
insert into watering (water_date, plant_id, water_amount) values ('2020-11-22', 140, 12);
insert into watering (water_date, plant_id, water_amount) values ('2020-05-07', 507, 6);
insert into watering (water_date, plant_id, water_amount) values ('2019-05-24', 574, 11);
insert into watering (water_date, plant_id, water_amount) values ('2021-09-21', 710, 4);
insert into watering (water_date, plant_id, water_amount) values ('2022-04-04', 405, 1);
insert into watering (water_date, plant_id, water_amount) values ('2019-12-17', 290, 8);
insert into watering (water_date, plant_id, water_amount) values ('2020-11-23', 755, 1);
insert into watering (water_date, plant_id, water_amount) values ('2021-07-17', 616, 4);
insert into watering (water_date, plant_id, water_amount) values ('2018-08-11', 647, 20);
insert into watering (water_date, plant_id, water_amount) values ('2020-01-11', 40, 3);
insert into watering (water_date, plant_id, water_amount) values ('2022-04-07', 775, 15);
insert into watering (water_date, plant_id, water_amount) values ('2021-03-09', 365, 2);
insert into watering (water_date, plant_id, water_amount) values ('2019-05-05', 187, 13);
insert into watering (water_date, plant_id, water_amount) values ('2021-03-13', 567, 16);
insert into watering (water_date, plant_id, water_amount) values ('2022-09-23', 244, 4);
insert into watering (water_date, plant_id, water_amount) values ('2021-03-27', 242, 13);
insert into watering (water_date, plant_id, water_amount) values ('2021-04-02', 376, 15);
insert into watering (water_date, plant_id, water_amount) values ('2022-01-07', 257, 8);
insert into watering (water_date, plant_id, water_amount) values ('2018-09-06', 273, 14);
insert into watering (water_date, plant_id, water_amount) values ('2020-12-19', 194, 18);
insert into watering (water_date, plant_id, water_amount) values ('2021-02-09', 627, 6);
insert into watering (water_date, plant_id, water_amount) values ('2021-12-07', 37, 11);
insert into watering (water_date, plant_id, water_amount) values ('2020-11-01', 226, 6);
insert into watering (water_date, plant_id, water_amount) values ('2018-09-03', 783, 9);
insert into watering (water_date, plant_id, water_amount) values ('2019-06-15', 725, 15);
insert into watering (water_date, plant_id, water_amount) values ('2020-04-21', 340, 5);
insert into watering (water_date, plant_id, water_amount) values ('2022-06-10', 267, 13);
insert into watering (water_date, plant_id, water_amount) values ('2022-06-08', 174, 3);
insert into watering (water_date, plant_id, water_amount) values ('2018-10-02', 120, 15);
insert into watering (water_date, plant_id, water_amount) values ('2020-10-31', 214, 9);
insert into watering (water_date, plant_id, water_amount) values ('2020-08-28', 706, 15);
insert into watering (water_date, plant_id, water_amount) values ('2021-04-11', 386, 10);
insert into watering (water_date, plant_id, water_amount) values ('2019-09-01', 733, 20);
insert into watering (water_date, plant_id, water_amount) values ('2022-03-19', 691, 16);
insert into watering (water_date, plant_id, water_amount) values ('2019-02-21', 199, 20);
insert into watering (water_date, plant_id, water_amount) values ('2021-08-21', 124, 17);
insert into watering (water_date, plant_id, water_amount) values ('2019-10-05', 674, 14);
insert into watering (water_date, plant_id, water_amount) values ('2020-05-16', 694, 10);
insert into watering (water_date, plant_id, water_amount) values ('2019-06-27', 15, 11);
insert into watering (water_date, plant_id, water_amount) values ('2018-09-03', 137, 10);
insert into watering (water_date, plant_id, water_amount) values ('2018-11-16', 576, 19);
insert into watering (water_date, plant_id, water_amount) values ('2022-02-22', 652, 20);
insert into watering (water_date, plant_id, water_amount) values ('2020-10-18', 349, 18);
insert into watering (water_date, plant_id, water_amount) values ('2019-10-01', 231, 12);
insert into watering (water_date, plant_id, water_amount) values ('2022-06-20', 740, 1);
insert into watering (water_date, plant_id, water_amount) values ('2020-01-01', 772, 3);
insert into watering (water_date, plant_id, water_amount) values ('2019-03-15', 631, 17);
insert into watering (water_date, plant_id, water_amount) values ('2020-12-05', 174, 15);
insert into watering (water_date, plant_id, water_amount) values ('2021-10-17', 262, 13);
insert into watering (water_date, plant_id, water_amount) values ('2019-11-17', 209, 5);
insert into watering (water_date, plant_id, water_amount) values ('2018-12-19', 39, 19);
insert into watering (water_date, plant_id, water_amount) values ('2021-01-22', 583, 20);
insert into watering (water_date, plant_id, water_amount) values ('2018-12-02', 528, 6);
insert into watering (water_date, plant_id, water_amount) values ('2021-11-11', 136, 15);
insert into watering (water_date, plant_id, water_amount) values ('2018-09-11', 351, 14);
insert into watering (water_date, plant_id, water_amount) values ('2018-12-24', 199, 9);
insert into watering (water_date, plant_id, water_amount) values ('2019-02-19', 23, 19);
insert into watering (water_date, plant_id, water_amount) values ('2020-12-20', 224, 7);
insert into watering (water_date, plant_id, water_amount) values ('2019-04-20', 83, 12);
insert into watering (water_date, plant_id, water_amount) values ('2020-12-10', 394, 6);
insert into watering (water_date, plant_id, water_amount) values ('2018-12-02', 605, 20);
insert into watering (water_date, plant_id, water_amount) values ('2019-06-23', 314, 12);
insert into watering (water_date, plant_id, water_amount) values ('2020-09-28', 42, 5);
insert into watering (water_date, plant_id, water_amount) values ('2021-03-25', 282, 8);
insert into watering (water_date, plant_id, water_amount) values ('2021-03-07', 222, 1);
insert into watering (water_date, plant_id, water_amount) values ('2020-10-15', 799, 6);
insert into watering (water_date, plant_id, water_amount) values ('2020-03-18', 607, 18);
insert into watering (water_date, plant_id, water_amount) values ('2020-09-12', 205, 13);
insert into watering (water_date, plant_id, water_amount) values ('2019-12-20', 677, 2);
insert into watering (water_date, plant_id, water_amount) values ('2020-07-12', 705, 13);
insert into watering (water_date, plant_id, water_amount) values ('2020-01-05', 485, 6);
insert into watering (water_date, plant_id, water_amount) values ('2021-09-24', 702, 12);
insert into watering (water_date, plant_id, water_amount) values ('2021-07-25', 635, 11);
insert into watering (water_date, plant_id, water_amount) values ('2021-11-16', 715, 4);
insert into watering (water_date, plant_id, water_amount) values ('2020-09-06', 15, 6);
insert into watering (water_date, plant_id, water_amount) values ('2021-11-20', 740, 5);
insert into watering (water_date, plant_id, water_amount) values ('2022-11-08', 220, 12);
insert into watering (water_date, plant_id, water_amount) values ('2018-11-06', 99, 15);
insert into watering (water_date, plant_id, water_amount) values ('2022-11-04', 131, 14);
insert into watering (water_date, plant_id, water_amount) values ('2022-11-20', 536, 7);
insert into watering (water_date, plant_id, water_amount) values ('2019-06-17', 19, 16);
insert into watering (water_date, plant_id, water_amount) values ('2019-08-07', 180, 8);
insert into watering (water_date, plant_id, water_amount) values ('2022-12-04', 39, 20);
insert into watering (water_date, plant_id, water_amount) values ('2022-09-27', 707, 17);
insert into watering (water_date, plant_id, water_amount) values ('2021-08-25', 33, 13);
insert into watering (water_date, plant_id, water_amount) values ('2021-10-19', 260, 10);
insert into watering (water_date, plant_id, water_amount) values ('2021-07-30', 422, 20);
insert into watering (water_date, plant_id, water_amount) values ('2020-01-14', 564, 11);
insert into watering (water_date, plant_id, water_amount) values ('2019-01-28', 549, 6);
insert into watering (water_date, plant_id, water_amount) values ('2020-01-11', 568, 10);
insert into watering (water_date, plant_id, water_amount) values ('2021-08-05', 612, 7);
insert into watering (water_date, plant_id, water_amount) values ('2020-05-03', 779, 4);
insert into watering (water_date, plant_id, water_amount) values ('2022-08-29', 530, 9);
insert into watering (water_date, plant_id, water_amount) values ('2021-10-29', 642, 15);
insert into watering (water_date, plant_id, water_amount) values ('2019-02-03', 157, 15);
insert into watering (water_date, plant_id, water_amount) values ('2019-09-22', 593, 6);
insert into watering (water_date, plant_id, water_amount) values ('2020-01-20', 152, 10);
insert into watering (water_date, plant_id, water_amount) values ('2022-09-05', 407, 16);
insert into watering (water_date, plant_id, water_amount) values ('2019-09-23', 65, 3);
insert into watering (water_date, plant_id, water_amount) values ('2021-05-10', 502, 13);
insert into watering (water_date, plant_id, water_amount) values ('2021-02-20', 321, 7);
insert into watering (water_date, plant_id, water_amount) values ('2019-04-14', 376, 5);
insert into watering (water_date, plant_id, water_amount) values ('2022-08-05', 172, 5);
insert into watering (water_date, plant_id, water_amount) values ('2020-04-16', 680, 7);
insert into watering (water_date, plant_id, water_amount) values ('2019-07-09', 412, 18);
insert into watering (water_date, plant_id, water_amount) values ('2022-05-21', 540, 17);
insert into watering (water_date, plant_id, water_amount) values ('2019-05-19', 486, 20);
insert into watering (water_date, plant_id, water_amount) values ('2022-03-08', 82, 20);
insert into watering (water_date, plant_id, water_amount) values ('2020-10-09', 319, 12);
insert into watering (water_date, plant_id, water_amount) values ('2022-03-16', 158, 5);
insert into watering (water_date, plant_id, water_amount) values ('2020-01-15', 39, 20);
insert into watering (water_date, plant_id, water_amount) values ('2022-09-02', 529, 18);
insert into watering (water_date, plant_id, water_amount) values ('2019-08-10', 798, 11);
insert into watering (water_date, plant_id, water_amount) values ('2019-03-31', 296, 1);
insert into watering (water_date, plant_id, water_amount) values ('2020-08-12', 102, 7);
insert into watering (water_date, plant_id, water_amount) values ('2020-08-06', 274, 9);
insert into watering (water_date, plant_id, water_amount) values ('2022-06-16', 379, 9);
insert into watering (water_date, plant_id, water_amount) values ('2021-10-16', 583, 3);
insert into watering (water_date, plant_id, water_amount) values ('2019-03-05', 342, 3);
insert into watering (water_date, plant_id, water_amount) values ('2022-08-31', 741, 10);
insert into watering (water_date, plant_id, water_amount) values ('2020-09-08', 646, 1);
insert into watering (water_date, plant_id, water_amount) values ('2018-11-28', 532, 8);
insert into watering (water_date, plant_id, water_amount) values ('2019-07-28', 548, 10);
insert into watering (water_date, plant_id, water_amount) values ('2022-01-07', 531, 1);
insert into watering (water_date, plant_id, water_amount) values ('2021-08-02', 113, 19);
insert into watering (water_date, plant_id, water_amount) values ('2020-10-01', 146, 15);
insert into watering (water_date, plant_id, water_amount) values ('2018-08-27', 490, 1);
insert into watering (water_date, plant_id, water_amount) values ('2019-08-31', 485, 17);
insert into watering (water_date, plant_id, water_amount) values ('2019-04-18', 790, 10);
insert into watering (water_date, plant_id, water_amount) values ('2018-11-17', 494, 15);
insert into watering (water_date, plant_id, water_amount) values ('2019-08-06', 714, 9);
insert into watering (water_date, plant_id, water_amount) values ('2018-12-15', 407, 13);
insert into watering (water_date, plant_id, water_amount) values ('2021-05-16', 182, 8);
insert into watering (water_date, plant_id, water_amount) values ('2020-04-05', 560, 14);
insert into watering (water_date, plant_id, water_amount) values ('2018-08-11', 777, 19);
insert into watering (water_date, plant_id, water_amount) values ('2020-11-15', 286, 16);
insert into watering (water_date, plant_id, water_amount) values ('2021-04-04', 426, 1);
insert into watering (water_date, plant_id, water_amount) values ('2020-05-30', 609, 18);
insert into watering (water_date, plant_id, water_amount) values ('2018-11-20', 23, 5);
insert into watering (water_date, plant_id, water_amount) values ('2019-07-18', 326, 18);
insert into watering (water_date, plant_id, water_amount) values ('2020-11-19', 370, 3);
insert into watering (water_date, plant_id, water_amount) values ('2021-08-18', 100, 7);
insert into watering (water_date, plant_id, water_amount) values ('2019-09-30', 791, 3);
insert into watering (water_date, plant_id, water_amount) values ('2020-02-06', 160, 10);
insert into watering (water_date, plant_id, water_amount) values ('2022-01-11', 139, 2);
insert into watering (water_date, plant_id, water_amount) values ('2020-11-16', 376, 1);
insert into watering (water_date, plant_id, water_amount) values ('2022-04-29', 140, 14);
insert into watering (water_date, plant_id, water_amount) values ('2020-08-12', 628, 18);
insert into watering (water_date, plant_id, water_amount) values ('2019-07-24', 407, 18);
insert into watering (water_date, plant_id, water_amount) values ('2021-09-30', 130, 13);
insert into watering (water_date, plant_id, water_amount) values ('2022-05-29', 18, 20);
insert into watering (water_date, plant_id, water_amount) values ('2022-02-05', 127, 10);
insert into watering (water_date, plant_id, water_amount) values ('2019-07-31', 590, 8);
insert into watering (water_date, plant_id, water_amount) values ('2019-08-18', 34, 1);
insert into watering (water_date, plant_id, water_amount) values ('2020-03-27', 454, 18);
insert into watering (water_date, plant_id, water_amount) values ('2020-10-10', 688, 20);
insert into watering (water_date, plant_id, water_amount) values ('2018-10-03', 635, 2);
insert into watering (water_date, plant_id, water_amount) values ('2021-03-01', 222, 13);
insert into watering (water_date, plant_id, water_amount) values ('2021-07-08', 755, 2);
insert into watering (water_date, plant_id, water_amount) values ('2019-05-23', 762, 6);
insert into watering (water_date, plant_id, water_amount) values ('2022-01-15', 387, 4);
insert into watering (water_date, plant_id, water_amount) values ('2020-01-20', 4, 15);
insert into watering (water_date, plant_id, water_amount) values ('2021-03-20', 87, 19);
insert into watering (water_date, plant_id, water_amount) values ('2021-10-01', 134, 11);
insert into watering (water_date, plant_id, water_amount) values ('2021-01-11', 136, 14);
insert into watering (water_date, plant_id, water_amount) values ('2021-11-10', 323, 13);
insert into watering (water_date, plant_id, water_amount) values ('2018-12-22', 132, 17);
insert into watering (water_date, plant_id, water_amount) values ('2021-01-31', 348, 13);
insert into watering (water_date, plant_id, water_amount) values ('2019-11-16', 718, 8);
insert into watering (water_date, plant_id, water_amount) values ('2020-12-23', 520, 5);
insert into watering (water_date, plant_id, water_amount) values ('2021-12-29', 689, 15);
insert into watering (water_date, plant_id, water_amount) values ('2022-12-07', 574, 10);
insert into watering (water_date, plant_id, water_amount) values ('2019-07-25', 343, 16);
insert into watering (water_date, plant_id, water_amount) values ('2018-09-27', 160, 15);
insert into watering (water_date, plant_id, water_amount) values ('2021-01-05', 669, 20);
insert into watering (water_date, plant_id, water_amount) values ('2019-11-24', 384, 5);
insert into watering (water_date, plant_id, water_amount) values ('2020-03-28', 286, 9);
insert into watering (water_date, plant_id, water_amount) values ('2021-12-18', 224, 7);
insert into watering (water_date, plant_id, water_amount) values ('2019-04-05', 735, 12);
insert into watering (water_date, plant_id, water_amount) values ('2021-04-14', 56, 1);
insert into watering (water_date, plant_id, water_amount) values ('2020-07-24', 331, 8);
insert into watering (water_date, plant_id, water_amount) values ('2018-09-03', 712, 13);
insert into watering (water_date, plant_id, water_amount) values ('2022-01-01', 292, 20);
insert into watering (water_date, plant_id, water_amount) values ('2020-01-26', 429, 19);
insert into watering (water_date, plant_id, water_amount) values ('2018-10-08', 587, 18);
insert into watering (water_date, plant_id, water_amount) values ('2022-04-10', 474, 9);
insert into watering (water_date, plant_id, water_amount) values ('2020-06-25', 387, 5);
insert into watering (water_date, plant_id, water_amount) values ('2019-02-21', 708, 7);
insert into watering (water_date, plant_id, water_amount) values ('2019-01-07', 480, 17);
insert into watering (water_date, plant_id, water_amount) values ('2018-10-06', 436, 5);
insert into watering (water_date, plant_id, water_amount) values ('2020-01-07', 596, 8);
insert into watering (water_date, plant_id, water_amount) values ('2021-01-01', 469, 3);
insert into watering (water_date, plant_id, water_amount) values ('2018-11-09', 497, 20);
insert into watering (water_date, plant_id, water_amount) values ('2018-12-20', 257, 3);
insert into watering (water_date, plant_id, water_amount) values ('2018-12-24', 103, 6);
insert into watering (water_date, plant_id, water_amount) values ('2020-05-08', 673, 11);
insert into watering (water_date, plant_id, water_amount) values ('2019-11-10', 158, 13);
insert into watering (water_date, plant_id, water_amount) values ('2018-10-06', 214, 18);
insert into watering (water_date, plant_id, water_amount) values ('2020-02-20', 403, 3);
insert into watering (water_date, plant_id, water_amount) values ('2018-12-13', 428, 10);
insert into watering (water_date, plant_id, water_amount) values ('2022-09-01', 701, 19);
insert into watering (water_date, plant_id, water_amount) values ('2020-05-13', 220, 8);
insert into watering (water_date, plant_id, water_amount) values ('2022-01-14', 722, 3);
insert into watering (water_date, plant_id, water_amount) values ('2018-10-30', 714, 10);
insert into watering (water_date, plant_id, water_amount) values ('2021-11-05', 168, 18);
insert into watering (water_date, plant_id, water_amount) values ('2018-09-04', 362, 19);
insert into watering (water_date, plant_id, water_amount) values ('2019-11-07', 344, 9);
insert into watering (water_date, plant_id, water_amount) values ('2020-10-09', 679, 17);
insert into watering (water_date, plant_id, water_amount) values ('2021-10-11', 302, 11);
insert into watering (water_date, plant_id, water_amount) values ('2022-06-30', 565, 19);
insert into watering (water_date, plant_id, water_amount) values ('2022-02-19', 489, 15);
insert into watering (water_date, plant_id, water_amount) values ('2020-03-22', 8, 2);
insert into watering (water_date, plant_id, water_amount) values ('2022-09-05', 679, 20);
insert into watering (water_date, plant_id, water_amount) values ('2020-02-26', 796, 19);
insert into watering (water_date, plant_id, water_amount) values ('2019-03-09', 209, 15);
insert into watering (water_date, plant_id, water_amount) values ('2019-05-28', 747, 7);
insert into watering (water_date, plant_id, water_amount) values ('2022-09-16', 333, 2);
insert into watering (water_date, plant_id, water_amount) values ('2021-03-29', 279, 3);
insert into watering (water_date, plant_id, water_amount) values ('2020-11-28', 44, 2);
insert into watering (water_date, plant_id, water_amount) values ('2021-05-19', 422, 9);
insert into watering (water_date, plant_id, water_amount) values ('2021-07-24', 776, 8);
insert into watering (water_date, plant_id, water_amount) values ('2019-03-05', 751, 11);
insert into watering (water_date, plant_id, water_amount) values ('2020-12-04', 85, 3);
insert into watering (water_date, plant_id, water_amount) values ('2022-06-23', 308, 17);
insert into watering (water_date, plant_id, water_amount) values ('2021-07-17', 20, 14);
insert into watering (water_date, plant_id, water_amount) values ('2020-06-08', 358, 11);
insert into watering (water_date, plant_id, water_amount) values ('2022-01-17', 297, 15);
insert into watering (water_date, plant_id, water_amount) values ('2021-04-25', 337, 15);
insert into watering (water_date, plant_id, water_amount) values ('2019-06-23', 562, 16);
insert into watering (water_date, plant_id, water_amount) values ('2021-06-09', 797, 1);
insert into watering (water_date, plant_id, water_amount) values ('2019-11-03', 407, 12);
insert into watering (water_date, plant_id, water_amount) values ('2020-10-01', 605, 19);
insert into watering (water_date, plant_id, water_amount) values ('2019-12-18', 576, 4);
insert into watering (water_date, plant_id, water_amount) values ('2020-08-14', 443, 13);
insert into watering (water_date, plant_id, water_amount) values ('2019-06-29', 123, 4);
insert into watering (water_date, plant_id, water_amount) values ('2021-07-23', 760, 13);
insert into watering (water_date, plant_id, water_amount) values ('2018-12-09', 161, 20);
insert into watering (water_date, plant_id, water_amount) values ('2022-06-17', 649, 13);
insert into watering (water_date, plant_id, water_amount) values ('2022-01-05', 494, 15);
insert into watering (water_date, plant_id, water_amount) values ('2022-11-02', 546, 17);
insert into watering (water_date, plant_id, water_amount) values ('2021-09-01', 59, 6);
insert into watering (water_date, plant_id, water_amount) values ('2019-08-28', 471, 14);
insert into watering (water_date, plant_id, water_amount) values ('2021-11-01', 272, 16);
insert into watering (water_date, plant_id, water_amount) values ('2019-06-08', 139, 12);
insert into watering (water_date, plant_id, water_amount) values ('2020-12-06', 311, 6);
insert into watering (water_date, plant_id, water_amount) values ('2019-12-28', 631, 8);
insert into watering (water_date, plant_id, water_amount) values ('2019-02-13', 147, 16);
insert into watering (water_date, plant_id, water_amount) values ('2018-11-05', 269, 15);
insert into watering (water_date, plant_id, water_amount) values ('2018-12-16', 199, 4);
insert into watering (water_date, plant_id, water_amount) values ('2020-06-11', 216, 13);
insert into watering (water_date, plant_id, water_amount) values ('2018-08-10', 219, 17);
insert into watering (water_date, plant_id, water_amount) values ('2020-02-15', 104, 17);
insert into watering (water_date, plant_id, water_amount) values ('2020-02-22', 266, 5);
insert into watering (water_date, plant_id, water_amount) values ('2022-05-07', 526, 12);
insert into watering (water_date, plant_id, water_amount) values ('2020-04-06', 696, 8);
insert into watering (water_date, plant_id, water_amount) values ('2020-02-26', 405, 14);
insert into watering (water_date, plant_id, water_amount) values ('2020-04-24', 756, 15);
insert into watering (water_date, plant_id, water_amount) values ('2021-06-04', 604, 5);
insert into watering (water_date, plant_id, water_amount) values ('2022-11-28', 583, 17);
insert into watering (water_date, plant_id, water_amount) values ('2021-03-21', 558, 10);
insert into watering (water_date, plant_id, water_amount) values ('2022-06-12', 164, 10);
insert into watering (water_date, plant_id, water_amount) values ('2021-10-03', 24, 3);
insert into watering (water_date, plant_id, water_amount) values ('2022-02-22', 757, 20);
insert into watering (water_date, plant_id, water_amount) values ('2020-06-27', 235, 9);
insert into watering (water_date, plant_id, water_amount) values ('2021-03-03', 101, 13);
insert into watering (water_date, plant_id, water_amount) values ('2021-10-25', 423, 20);
insert into watering (water_date, plant_id, water_amount) values ('2020-03-21', 165, 19);
insert into watering (water_date, plant_id, water_amount) values ('2022-07-22', 651, 10);
insert into watering (water_date, plant_id, water_amount) values ('2018-09-07', 678, 1);
insert into watering (water_date, plant_id, water_amount) values ('2022-07-01', 176, 19);
insert into watering (water_date, plant_id, water_amount) values ('2019-03-12', 19, 16);
insert into watering (water_date, plant_id, water_amount) values ('2019-04-06', 308, 3);
insert into watering (water_date, plant_id, water_amount) values ('2019-06-01', 156, 13);
insert into watering (water_date, plant_id, water_amount) values ('2019-10-30', 598, 6);
insert into watering (water_date, plant_id, water_amount) values ('2018-12-06', 101, 3);
insert into watering (water_date, plant_id, water_amount) values ('2022-10-22', 710, 10);
insert into watering (water_date, plant_id, water_amount) values ('2022-05-16', 126, 6);
insert into watering (water_date, plant_id, water_amount) values ('2021-01-28', 33, 20);
insert into watering (water_date, plant_id, water_amount) values ('2021-06-13', 782, 15);
insert into watering (water_date, plant_id, water_amount) values ('2022-09-15', 17, 18);
insert into watering (water_date, plant_id, water_amount) values ('2019-12-28', 462, 1);
insert into watering (water_date, plant_id, water_amount) values ('2020-04-26', 229, 10);
insert into watering (water_date, plant_id, water_amount) values ('2019-05-06', 142, 11);
insert into watering (water_date, plant_id, water_amount) values ('2022-06-05', 265, 3);
insert into watering (water_date, plant_id, water_amount) values ('2022-05-14', 273, 19);
insert into watering (water_date, plant_id, water_amount) values ('2021-11-16', 796, 17);
insert into watering (water_date, plant_id, water_amount) values ('2020-03-22', 725, 13);
insert into watering (water_date, plant_id, water_amount) values ('2019-04-04', 374, 4);
insert into watering (water_date, plant_id, water_amount) values ('2022-09-06', 777, 6);
insert into watering (water_date, plant_id, water_amount) values ('2019-04-06', 499, 11);
insert into watering (water_date, plant_id, water_amount) values ('2019-09-05', 88, 5);
insert into watering (water_date, plant_id, water_amount) values ('2020-11-17', 661, 1);
insert into watering (water_date, plant_id, water_amount) values ('2019-03-25', 55, 5);
insert into watering (water_date, plant_id, water_amount) values ('2022-10-26', 597, 11);
insert into watering (water_date, plant_id, water_amount) values ('2019-01-03', 682, 14);
insert into watering (water_date, plant_id, water_amount) values ('2018-09-26', 44, 4);
insert into watering (water_date, plant_id, water_amount) values ('2020-06-23', 482, 4);
insert into watering (water_date, plant_id, water_amount) values ('2019-04-29', 404, 18);
insert into watering (water_date, plant_id, water_amount) values ('2022-07-21', 209, 8);
insert into watering (water_date, plant_id, water_amount) values ('2021-02-24', 214, 13);
insert into watering (water_date, plant_id, water_amount) values ('2018-10-20', 125, 19);
insert into watering (water_date, plant_id, water_amount) values ('2019-04-23', 158, 13);
insert into watering (water_date, plant_id, water_amount) values ('2020-04-01', 419, 19);
insert into watering (water_date, plant_id, water_amount) values ('2022-05-01', 63, 14);
insert into watering (water_date, plant_id, water_amount) values ('2020-09-07', 587, 10);
insert into watering (water_date, plant_id, water_amount) values ('2019-10-07', 759, 6);
insert into watering (water_date, plant_id, water_amount) values ('2022-03-20', 371, 8);
insert into watering (water_date, plant_id, water_amount) values ('2021-11-21', 31, 20);
insert into watering (water_date, plant_id, water_amount) values ('2020-04-25', 702, 3);
insert into watering (water_date, plant_id, water_amount) values ('2019-04-04', 346, 10);
insert into watering (water_date, plant_id, water_amount) values ('2019-08-09', 607, 4);
insert into watering (water_date, plant_id, water_amount) values ('2019-12-28', 570, 7);
insert into watering (water_date, plant_id, water_amount) values ('2019-03-19', 709, 13);
insert into watering (water_date, plant_id, water_amount) values ('2020-04-23', 778, 19);
insert into watering (water_date, plant_id, water_amount) values ('2022-03-19', 571, 8);
insert into watering (water_date, plant_id, water_amount) values ('2020-02-06', 694, 19);
insert into watering (water_date, plant_id, water_amount) values ('2022-07-10', 412, 1);
insert into watering (water_date, plant_id, water_amount) values ('2021-01-08', 42, 6);
insert into watering (water_date, plant_id, water_amount) values ('2018-08-14', 97, 12);
insert into watering (water_date, plant_id, water_amount) values ('2022-09-30', 210, 11);
insert into watering (water_date, plant_id, water_amount) values ('2021-09-19', 511, 16);
insert into watering (water_date, plant_id, water_amount) values ('2019-07-19', 764, 13);
insert into watering (water_date, plant_id, water_amount) values ('2022-10-19', 110, 5);
insert into watering (water_date, plant_id, water_amount) values ('2018-11-09', 322, 15);
insert into watering (water_date, plant_id, water_amount) values ('2020-08-18', 116, 11);
insert into watering (water_date, plant_id, water_amount) values ('2022-02-11', 271, 20);
insert into watering (water_date, plant_id, water_amount) values ('2019-03-01', 61, 19);
insert into watering (water_date, plant_id, water_amount) values ('2021-02-06', 759, 5);
insert into watering (water_date, plant_id, water_amount) values ('2021-04-04', 393, 2);
insert into watering (water_date, plant_id, water_amount) values ('2022-10-10', 755, 2);
insert into watering (water_date, plant_id, water_amount) values ('2021-01-19', 86, 17);
insert into watering (water_date, plant_id, water_amount) values ('2019-05-28', 106, 10);
insert into watering (water_date, plant_id, water_amount) values ('2021-12-16', 536, 19);
insert into watering (water_date, plant_id, water_amount) values ('2019-05-19', 96, 14);
insert into watering (water_date, plant_id, water_amount) values ('2020-05-18', 396, 9);
insert into watering (water_date, plant_id, water_amount) values ('2021-08-09', 508, 4);
insert into watering (water_date, plant_id, water_amount) values ('2018-12-19', 2, 9);
insert into watering (water_date, plant_id, water_amount) values ('2021-06-08', 20, 10);
insert into watering (water_date, plant_id, water_amount) values ('2021-01-28', 521, 2);
insert into watering (water_date, plant_id, water_amount) values ('2020-08-23', 182, 4);
insert into watering (water_date, plant_id, water_amount) values ('2020-10-07', 696, 6);
insert into watering (water_date, plant_id, water_amount) values ('2020-10-10', 377, 18);
insert into watering (water_date, plant_id, water_amount) values ('2019-01-01', 697, 4);
insert into watering (water_date, plant_id, water_amount) values ('2022-07-12', 715, 20);
insert into watering (water_date, plant_id, water_amount) values ('2021-12-04', 194, 10);
insert into watering (water_date, plant_id, water_amount) values ('2019-09-07', 592, 6);
insert into watering (water_date, plant_id, water_amount) values ('2020-06-19', 653, 3);
insert into watering (water_date, plant_id, water_amount) values ('2020-01-23', 476, 4);
insert into watering (water_date, plant_id, water_amount) values ('2022-02-23', 786, 4);
insert into watering (water_date, plant_id, water_amount) values ('2021-02-08', 1, 17);
insert into watering (water_date, plant_id, water_amount) values ('2018-08-18', 503, 7);
insert into watering (water_date, plant_id, water_amount) values ('2022-04-28', 737, 20);
insert into watering (water_date, plant_id, water_amount) values ('2020-04-24', 770, 8);
insert into watering (water_date, plant_id, water_amount) values ('2022-05-17', 8, 9);
insert into watering (water_date, plant_id, water_amount) values ('2020-12-08', 760, 3);
insert into watering (water_date, plant_id, water_amount) values ('2019-06-25', 198, 7);
insert into watering (water_date, plant_id, water_amount) values ('2020-11-05', 295, 19);
insert into watering (water_date, plant_id, water_amount) values ('2019-11-26', 80, 15);
insert into watering (water_date, plant_id, water_amount) values ('2018-11-26', 118, 20);
insert into watering (water_date, plant_id, water_amount) values ('2022-03-13', 742, 17);
insert into watering (water_date, plant_id, water_amount) values ('2021-09-04', 734, 4);
insert into watering (water_date, plant_id, water_amount) values ('2022-12-05', 115, 15);
insert into watering (water_date, plant_id, water_amount) values ('2022-11-04', 64, 20);
insert into watering (water_date, plant_id, water_amount) values ('2021-02-13', 260, 13);
insert into watering (water_date, plant_id, water_amount) values ('2018-09-20', 30, 13);
insert into watering (water_date, plant_id, water_amount) values ('2022-02-01', 19, 18);
insert into watering (water_date, plant_id, water_amount) values ('2021-03-02', 293, 2);
insert into watering (water_date, plant_id, water_amount) values ('2021-05-11', 210, 5);
insert into watering (water_date, plant_id, water_amount) values ('2021-02-01', 603, 11);
insert into watering (water_date, plant_id, water_amount) values ('2021-08-31', 519, 14);
insert into watering (water_date, plant_id, water_amount) values ('2019-07-30', 106, 14);
insert into watering (water_date, plant_id, water_amount) values ('2022-10-30', 530, 15);
insert into watering (water_date, plant_id, water_amount) values ('2019-05-18', 578, 17);
insert into watering (water_date, plant_id, water_amount) values ('2019-07-18', 193, 16);
insert into watering (water_date, plant_id, water_amount) values ('2019-06-28', 586, 4);
insert into watering (water_date, plant_id, water_amount) values ('2022-04-02', 615, 3);
insert into watering (water_date, plant_id, water_amount) values ('2022-01-31', 627, 20);
insert into watering (water_date, plant_id, water_amount) values ('2021-08-06', 47, 18);
insert into watering (water_date, plant_id, water_amount) values ('2019-09-06', 311, 15);
insert into watering (water_date, plant_id, water_amount) values ('2021-08-06', 502, 1);
insert into watering (water_date, plant_id, water_amount) values ('2019-02-05', 479, 1);
insert into watering (water_date, plant_id, water_amount) values ('2020-08-14', 701, 12);
insert into watering (water_date, plant_id, water_amount) values ('2022-02-14', 8, 12);
insert into watering (water_date, plant_id, water_amount) values ('2022-03-18', 668, 2);
insert into watering (water_date, plant_id, water_amount) values ('2022-10-29', 212, 7);
insert into watering (water_date, plant_id, water_amount) values ('2021-02-06', 389, 18);
insert into watering (water_date, plant_id, water_amount) values ('2021-11-02', 291, 17);
insert into watering (water_date, plant_id, water_amount) values ('2018-10-03', 314, 5);
insert into watering (water_date, plant_id, water_amount) values ('2020-06-04', 401, 11);
insert into watering (water_date, plant_id, water_amount) values ('2020-09-11', 146, 20);
insert into watering (water_date, plant_id, water_amount) values ('2019-10-16', 604, 16);
insert into watering (water_date, plant_id, water_amount) values ('2020-10-10', 17, 12);
insert into watering (water_date, plant_id, water_amount) values ('2021-08-18', 716, 15);
insert into watering (water_date, plant_id, water_amount) values ('2021-06-09', 52, 1);
insert into watering (water_date, plant_id, water_amount) values ('2020-01-05', 338, 5);
insert into watering (water_date, plant_id, water_amount) values ('2019-09-19', 204, 20);
insert into watering (water_date, plant_id, water_amount) values ('2022-02-10', 562, 18);
insert into watering (water_date, plant_id, water_amount) values ('2022-05-14', 673, 9);
insert into watering (water_date, plant_id, water_amount) values ('2018-09-04', 649, 16);
insert into watering (water_date, plant_id, water_amount) values ('2021-01-04', 53, 9);
insert into watering (water_date, plant_id, water_amount) values ('2021-01-29', 550, 19);
insert into watering (water_date, plant_id, water_amount) values ('2022-06-26', 130, 19);
insert into watering (water_date, plant_id, water_amount) values ('2021-05-31', 622, 14);
insert into watering (water_date, plant_id, water_amount) values ('2019-02-12', 37, 16);
insert into watering (water_date, plant_id, water_amount) values ('2018-12-06', 682, 3);
insert into watering (water_date, plant_id, water_amount) values ('2020-07-21', 443, 1);
insert into watering (water_date, plant_id, water_amount) values ('2021-12-06', 639, 6);
insert into watering (water_date, plant_id, water_amount) values ('2018-08-23', 780, 19);
insert into watering (water_date, plant_id, water_amount) values ('2018-09-09', 347, 11);
insert into watering (water_date, plant_id, water_amount) values ('2019-12-06', 213, 13);
insert into watering (water_date, plant_id, water_amount) values ('2022-03-04', 346, 12);
insert into watering (water_date, plant_id, water_amount) values ('2020-10-12', 67, 7);
insert into watering (water_date, plant_id, water_amount) values ('2021-01-07', 561, 10);
insert into watering (water_date, plant_id, water_amount) values ('2021-04-09', 58, 1);
insert into watering (water_date, plant_id, water_amount) values ('2022-07-15', 725, 4);
insert into watering (water_date, plant_id, water_amount) values ('2018-11-10', 120, 7);
insert into watering (water_date, plant_id, water_amount) values ('2021-09-22', 83, 7);
insert into watering (water_date, plant_id, water_amount) values ('2021-01-13', 624, 10);
insert into watering (water_date, plant_id, water_amount) values ('2018-10-30', 177, 8);
insert into watering (water_date, plant_id, water_amount) values ('2021-06-23', 54, 18);
insert into watering (water_date, plant_id, water_amount) values ('2022-05-02', 468, 15);
insert into watering (water_date, plant_id, water_amount) values ('2019-04-02', 489, 9);
insert into watering (water_date, plant_id, water_amount) values ('2021-04-19', 202, 12);
insert into watering (water_date, plant_id, water_amount) values ('2020-10-29', 145, 11);
insert into watering (water_date, plant_id, water_amount) values ('2020-06-06', 479, 13);
insert into watering (water_date, plant_id, water_amount) values ('2019-12-21', 788, 16);
insert into watering (water_date, plant_id, water_amount) values ('2021-07-24', 168, 4);
insert into watering (water_date, plant_id, water_amount) values ('2018-12-18', 484, 1);
insert into watering (water_date, plant_id, water_amount) values ('2022-12-04', 411, 10);
insert into watering (water_date, plant_id, water_amount) values ('2020-05-10', 66, 17);
insert into watering (water_date, plant_id, water_amount) values ('2020-04-13', 290, 8);
insert into watering (water_date, plant_id, water_amount) values ('2022-03-25', 321, 3);
insert into watering (water_date, plant_id, water_amount) values ('2020-06-05', 781, 13);
insert into watering (water_date, plant_id, water_amount) values ('2021-12-20', 473, 20);
insert into watering (water_date, plant_id, water_amount) values ('2021-02-23', 689, 14);
insert into watering (water_date, plant_id, water_amount) values ('2021-11-02', 42, 3);
insert into watering (water_date, plant_id, water_amount) values ('2021-06-11', 702, 8);
insert into watering (water_date, plant_id, water_amount) values ('2022-07-14', 458, 1);
insert into watering (water_date, plant_id, water_amount) values ('2022-01-26', 222, 11);
insert into watering (water_date, plant_id, water_amount) values ('2019-05-21', 356, 3);
insert into watering (water_date, plant_id, water_amount) values ('2020-06-15', 249, 20);
insert into watering (water_date, plant_id, water_amount) values ('2019-03-10', 44, 9);
insert into watering (water_date, plant_id, water_amount) values ('2020-04-06', 668, 1);
insert into watering (water_date, plant_id, water_amount) values ('2022-09-07', 745, 13);
insert into watering (water_date, plant_id, water_amount) values ('2022-10-14', 473, 11);
insert into watering (water_date, plant_id, water_amount) values ('2018-10-28', 287, 14);
insert into watering (water_date, plant_id, water_amount) values ('2020-03-20', 377, 4);
insert into watering (water_date, plant_id, water_amount) values ('2020-03-25', 209, 17);
insert into watering (water_date, plant_id, water_amount) values ('2021-11-06', 169, 7);
insert into watering (water_date, plant_id, water_amount) values ('2019-05-15', 398, 3);
insert into watering (water_date, plant_id, water_amount) values ('2022-10-11', 780, 18);
insert into watering (water_date, plant_id, water_amount) values ('2020-04-24', 348, 10);
insert into watering (water_date, plant_id, water_amount) values ('2021-07-29', 312, 7);
insert into watering (water_date, plant_id, water_amount) values ('2020-09-25', 677, 10);
insert into watering (water_date, plant_id, water_amount) values ('2019-08-03', 588, 10);
insert into watering (water_date, plant_id, water_amount) values ('2022-11-04', 443, 2);
insert into watering (water_date, plant_id, water_amount) values ('2021-11-14', 683, 10);
insert into watering (water_date, plant_id, water_amount) values ('2021-06-05', 663, 2);
insert into watering (water_date, plant_id, water_amount) values ('2020-09-03', 718, 9);
insert into watering (water_date, plant_id, water_amount) values ('2021-04-20', 245, 15);
insert into watering (water_date, plant_id, water_amount) values ('2022-03-09', 429, 15);
insert into watering (water_date, plant_id, water_amount) values ('2020-10-16', 215, 1);
insert into watering (water_date, plant_id, water_amount) values ('2019-08-12', 95, 14);
insert into watering (water_date, plant_id, water_amount) values ('2021-02-02', 135, 5);
insert into watering (water_date, plant_id, water_amount) values ('2020-06-08', 159, 20);
insert into watering (water_date, plant_id, water_amount) values ('2021-02-04', 754, 11);
insert into watering (water_date, plant_id, water_amount) values ('2018-10-22', 600, 18);
insert into watering (water_date, plant_id, water_amount) values ('2020-01-22', 518, 10);
insert into watering (water_date, plant_id, water_amount) values ('2020-10-19', 327, 17);
insert into watering (water_date, plant_id, water_amount) values ('2020-01-13', 785, 10);
insert into watering (water_date, plant_id, water_amount) values ('2019-11-19', 209, 8);
insert into watering (water_date, plant_id, water_amount) values ('2018-09-18', 278, 3);
insert into watering (water_date, plant_id, water_amount) values ('2018-10-04', 563, 14);
insert into watering (water_date, plant_id, water_amount) values ('2021-07-13', 560, 11);
insert into watering (water_date, plant_id, water_amount) values ('2022-02-04', 748, 5);
insert into watering (water_date, plant_id, water_amount) values ('2020-10-27', 221, 8);
insert into watering (water_date, plant_id, water_amount) values ('2020-01-16', 263, 4);
insert into watering (water_date, plant_id, water_amount) values ('2019-02-27', 244, 15);
insert into watering (water_date, plant_id, water_amount) values ('2022-06-06', 601, 7);
insert into watering (water_date, plant_id, water_amount) values ('2019-09-26', 148, 4);
insert into watering (water_date, plant_id, water_amount) values ('2019-12-25', 724, 17);
insert into watering (water_date, plant_id, water_amount) values ('2019-10-22', 775, 7);
insert into watering (water_date, plant_id, water_amount) values ('2020-09-01', 608, 9);
insert into watering (water_date, plant_id, water_amount) values ('2019-10-27', 760, 19);
insert into watering (water_date, plant_id, water_amount) values ('2020-01-26', 549, 1);
insert into watering (water_date, plant_id, water_amount) values ('2018-12-08', 109, 14);
insert into watering (water_date, plant_id, water_amount) values ('2019-06-03', 104, 16);
insert into watering (water_date, plant_id, water_amount) values ('2019-08-17', 771, 19);
insert into watering (water_date, plant_id, water_amount) values ('2019-03-13', 630, 17);
insert into watering (water_date, plant_id, water_amount) values ('2020-03-18', 730, 3);
insert into watering (water_date, plant_id, water_amount) values ('2021-05-28', 30, 4);
insert into watering (water_date, plant_id, water_amount) values ('2022-08-01', 359, 7);
insert into watering (water_date, plant_id, water_amount) values ('2021-08-09', 58, 7);
insert into watering (water_date, plant_id, water_amount) values ('2020-04-20', 600, 20);
insert into watering (water_date, plant_id, water_amount) values ('2018-08-06', 19, 15);
insert into watering (water_date, plant_id, water_amount) values ('2020-07-13', 433, 10);
insert into watering (water_date, plant_id, water_amount) values ('2020-01-13', 591, 11);
insert into watering (water_date, plant_id, water_amount) values ('2021-11-23', 13, 20);
insert into watering (water_date, plant_id, water_amount) values ('2021-02-04', 113, 17);
insert into watering (water_date, plant_id, water_amount) values ('2021-02-27', 341, 16);
insert into watering (water_date, plant_id, water_amount) values ('2022-03-12', 175, 11);
insert into watering (water_date, plant_id, water_amount) values ('2020-07-19', 552, 15);
insert into watering (water_date, plant_id, water_amount) values ('2022-10-25', 475, 17);
insert into watering (water_date, plant_id, water_amount) values ('2020-09-15', 423, 19);
insert into watering (water_date, plant_id, water_amount) values ('2022-10-03', 541, 11);
insert into watering (water_date, plant_id, water_amount) values ('2020-03-08', 530, 10);
insert into watering (water_date, plant_id, water_amount) values ('2021-12-11', 551, 2);
insert into watering (water_date, plant_id, water_amount) values ('2020-05-28', 347, 10);
insert into watering (water_date, plant_id, water_amount) values ('2020-12-03', 715, 1);
insert into watering (water_date, plant_id, water_amount) values ('2021-07-26', 391, 14);
insert into watering (water_date, plant_id, water_amount) values ('2018-11-07', 451, 7);
insert into watering (water_date, plant_id, water_amount) values ('2021-08-26', 233, 6);
insert into watering (water_date, plant_id, water_amount) values ('2018-08-01', 525, 11);
insert into watering (water_date, plant_id, water_amount) values ('2018-09-25', 120, 13);
insert into watering (water_date, plant_id, water_amount) values ('2021-12-01', 187, 7);
insert into watering (water_date, plant_id, water_amount) values ('2021-06-21', 39, 7);
insert into watering (water_date, plant_id, water_amount) values ('2021-03-06', 352, 19);
insert into watering (water_date, plant_id, water_amount) values ('2021-11-14', 201, 3);
insert into watering (water_date, plant_id, water_amount) values ('2019-11-20', 210, 9);
insert into watering (water_date, plant_id, water_amount) values ('2018-11-12', 145, 4);
insert into watering (water_date, plant_id, water_amount) values ('2021-03-09', 775, 1);
insert into watering (water_date, plant_id, water_amount) values ('2018-08-15', 552, 3);
insert into watering (water_date, plant_id, water_amount) values ('2021-01-15', 526, 6);
insert into watering (water_date, plant_id, water_amount) values ('2019-10-29', 312, 10);
insert into watering (water_date, plant_id, water_amount) values ('2022-10-30', 50, 4);
insert into watering (water_date, plant_id, water_amount) values ('2019-05-08', 313, 13);
insert into watering (water_date, plant_id, water_amount) values ('2021-07-13', 580, 2);
insert into watering (water_date, plant_id, water_amount) values ('2022-07-01', 494, 18);
insert into watering (water_date, plant_id, water_amount) values ('2020-12-16', 53, 15);
insert into watering (water_date, plant_id, water_amount) values ('2020-09-10', 125, 19);
insert into watering (water_date, plant_id, water_amount) values ('2020-12-30', 765, 18);
insert into watering (water_date, plant_id, water_amount) values ('2020-06-25', 478, 7);
insert into watering (water_date, plant_id, water_amount) values ('2021-09-19', 99, 4);
insert into watering (water_date, plant_id, water_amount) values ('2020-12-05', 538, 2);
insert into watering (water_date, plant_id, water_amount) values ('2019-06-12', 321, 12);
insert into watering (water_date, plant_id, water_amount) values ('2021-02-03', 618, 13);
insert into watering (water_date, plant_id, water_amount) values ('2022-02-13', 85, 19);
insert into watering (water_date, plant_id, water_amount) values ('2019-11-14', 373, 2);
insert into watering (water_date, plant_id, water_amount) values ('2021-06-14', 576, 20);
insert into watering (water_date, plant_id, water_amount) values ('2021-08-01', 197, 17);
insert into watering (water_date, plant_id, water_amount) values ('2019-07-30', 525, 15);
insert into watering (water_date, plant_id, water_amount) values ('2019-09-03', 464, 20);
insert into watering (water_date, plant_id, water_amount) values ('2022-08-04', 506, 2);
insert into watering (water_date, plant_id, water_amount) values ('2022-06-26', 499, 17);
insert into watering (water_date, plant_id, water_amount) values ('2019-12-14', 553, 17);
insert into watering (water_date, plant_id, water_amount) values ('2020-06-04', 476, 11);
insert into watering (water_date, plant_id, water_amount) values ('2020-07-04', 275, 12);
insert into watering (water_date, plant_id, water_amount) values ('2022-11-18', 744, 7);
insert into watering (water_date, plant_id, water_amount) values ('2021-09-13', 460, 15);
insert into watering (water_date, plant_id, water_amount) values ('2018-11-17', 513, 3);
insert into watering (water_date, plant_id, water_amount) values ('2022-05-03', 627, 19);
insert into watering (water_date, plant_id, water_amount) values ('2022-08-04', 553, 2);
insert into watering (water_date, plant_id, water_amount) values ('2018-08-11', 274, 2);
insert into watering (water_date, plant_id, water_amount) values ('2019-02-22', 747, 16);
insert into watering (water_date, plant_id, water_amount) values ('2022-06-26', 641, 19);
insert into watering (water_date, plant_id, water_amount) values ('2020-07-08', 287, 19);
insert into watering (water_date, plant_id, water_amount) values ('2022-03-16', 762, 6);
insert into watering (water_date, plant_id, water_amount) values ('2019-08-05', 224, 4);
insert into watering (water_date, plant_id, water_amount) values ('2020-10-17', 538, 13);
insert into watering (water_date, plant_id, water_amount) values ('2021-02-26', 295, 19);
insert into watering (water_date, plant_id, water_amount) values ('2022-11-21', 508, 17);
insert into watering (water_date, plant_id, water_amount) values ('2019-10-09', 609, 5);
insert into watering (water_date, plant_id, water_amount) values ('2021-07-20', 241, 16);
insert into watering (water_date, plant_id, water_amount) values ('2020-03-19', 95, 1);
insert into watering (water_date, plant_id, water_amount) values ('2020-02-28', 519, 14);
insert into watering (water_date, plant_id, water_amount) values ('2018-12-30', 687, 5);
insert into watering (water_date, plant_id, water_amount) values ('2019-12-08', 630, 15);
insert into watering (water_date, plant_id, water_amount) values ('2019-03-15', 341, 18);
insert into watering (water_date, plant_id, water_amount) values ('2022-04-21', 103, 17);
insert into watering (water_date, plant_id, water_amount) values ('2021-08-08', 643, 4);
insert into watering (water_date, plant_id, water_amount) values ('2022-06-21', 538, 15);
insert into watering (water_date, plant_id, water_amount) values ('2021-11-24', 288, 1);
insert into watering (water_date, plant_id, water_amount) values ('2021-04-30', 135, 14);
insert into watering (water_date, plant_id, water_amount) values ('2021-01-13', 387, 5);
insert into watering (water_date, plant_id, water_amount) values ('2019-10-19', 728, 9);
insert into watering (water_date, plant_id, water_amount) values ('2022-02-27', 178, 17);
insert into watering (water_date, plant_id, water_amount) values ('2019-10-16', 571, 18);
insert into watering (water_date, plant_id, water_amount) values ('2020-09-21', 556, 11);
insert into watering (water_date, plant_id, water_amount) values ('2020-10-09', 702, 11);
insert into watering (water_date, plant_id, water_amount) values ('2018-12-17', 567, 19);
insert into watering (water_date, plant_id, water_amount) values ('2021-02-06', 251, 2);
insert into watering (water_date, plant_id, water_amount) values ('2022-06-28', 207, 1);
insert into watering (water_date, plant_id, water_amount) values ('2019-10-22', 292, 12);
insert into watering (water_date, plant_id, water_amount) values ('2020-10-02', 521, 9);
insert into watering (water_date, plant_id, water_amount) values ('2021-05-25', 520, 16);
insert into watering (water_date, plant_id, water_amount) values ('2021-03-30', 342, 16);
insert into watering (water_date, plant_id, water_amount) values ('2020-10-05', 242, 12);
insert into watering (water_date, plant_id, water_amount) values ('2021-11-21', 112, 13);
insert into watering (water_date, plant_id, water_amount) values ('2021-08-02', 284, 20);
insert into watering (water_date, plant_id, water_amount) values ('2020-09-15', 65, 19);
insert into watering (water_date, plant_id, water_amount) values ('2021-10-16', 661, 13);
insert into watering (water_date, plant_id, water_amount) values ('2021-02-03', 20, 13);
insert into watering (water_date, plant_id, water_amount) values ('2021-08-26', 92, 12);
insert into watering (water_date, plant_id, water_amount) values ('2020-09-30', 249, 16);
insert into watering (water_date, plant_id, water_amount) values ('2022-03-01', 189, 19);
insert into watering (water_date, plant_id, water_amount) values ('2022-03-31', 507, 9);
insert into watering (water_date, plant_id, water_amount) values ('2019-09-23', 582, 15);
insert into watering (water_date, plant_id, water_amount) values ('2019-12-03', 261, 11);
insert into watering (water_date, plant_id, water_amount) values ('2019-02-04', 720, 5);
insert into watering (water_date, plant_id, water_amount) values ('2020-12-18', 538, 13);
insert into watering (water_date, plant_id, water_amount) values ('2022-02-01', 263, 15);
insert into watering (water_date, plant_id, water_amount) values ('2021-05-24', 29, 16);
insert into watering (water_date, plant_id, water_amount) values ('2022-08-31', 689, 3);
insert into watering (water_date, plant_id, water_amount) values ('2021-11-07', 240, 11);
insert into watering (water_date, plant_id, water_amount) values ('2021-11-04', 188, 12);
insert into watering (water_date, plant_id, water_amount) values ('2022-02-05', 401, 1);
insert into watering (water_date, plant_id, water_amount) values ('2022-02-15', 538, 1);
insert into watering (water_date, plant_id, water_amount) values ('2021-03-22', 732, 13);
insert into watering (water_date, plant_id, water_amount) values ('2018-10-22', 543, 2);
insert into watering (water_date, plant_id, water_amount) values ('2018-12-27', 600, 20);
insert into watering (water_date, plant_id, water_amount) values ('2019-03-14', 627, 14);
insert into watering (water_date, plant_id, water_amount) values ('2022-12-04', 500, 13);
insert into watering (water_date, plant_id, water_amount) values ('2021-03-20', 331, 3);
insert into watering (water_date, plant_id, water_amount) values ('2021-06-21', 289, 18);
insert into watering (water_date, plant_id, water_amount) values ('2022-01-18', 385, 5);
insert into watering (water_date, plant_id, water_amount) values ('2019-02-10', 555, 7);
insert into watering (water_date, plant_id, water_amount) values ('2020-05-09', 179, 11);
insert into watering (water_date, plant_id, water_amount) values ('2018-08-05', 522, 2);
insert into watering (water_date, plant_id, water_amount) values ('2020-11-13', 92, 17);
insert into watering (water_date, plant_id, water_amount) values ('2020-02-01', 683, 12);
insert into watering (water_date, plant_id, water_amount) values ('2019-10-01', 240, 14);
insert into watering (water_date, plant_id, water_amount) values ('2019-05-19', 395, 5);
insert into watering (water_date, plant_id, water_amount) values ('2020-02-16', 449, 6);
insert into watering (water_date, plant_id, water_amount) values ('2021-04-11', 629, 3);
insert into watering (water_date, plant_id, water_amount) values ('2022-11-26', 775, 6);
insert into watering (water_date, plant_id, water_amount) values ('2019-04-26', 280, 8);
insert into watering (water_date, plant_id, water_amount) values ('2019-11-28', 296, 9);
insert into watering (water_date, plant_id, water_amount) values ('2019-04-13', 18, 7);
insert into watering (water_date, plant_id, water_amount) values ('2019-07-04', 437, 5);
insert into watering (water_date, plant_id, water_amount) values ('2019-12-03', 769, 17);
insert into watering (water_date, plant_id, water_amount) values ('2021-07-02', 131, 4);
insert into watering (water_date, plant_id, water_amount) values ('2020-01-13', 771, 2);
insert into watering (water_date, plant_id, water_amount) values ('2019-03-02', 103, 7);
insert into watering (water_date, plant_id, water_amount) values ('2021-04-23', 334, 4);
insert into watering (water_date, plant_id, water_amount) values ('2021-11-09', 64, 11);
insert into watering (water_date, plant_id, water_amount) values ('2019-06-10', 311, 6);
insert into watering (water_date, plant_id, water_amount) values ('2019-11-15', 676, 6);
insert into watering (water_date, plant_id, water_amount) values ('2019-06-06', 716, 11);
insert into watering (water_date, plant_id, water_amount) values ('2022-11-22', 393, 14);
insert into watering (water_date, plant_id, water_amount) values ('2019-04-11', 209, 9);
insert into watering (water_date, plant_id, water_amount) values ('2021-07-16', 273, 19);
insert into watering (water_date, plant_id, water_amount) values ('2020-12-07', 87, 15);
insert into watering (water_date, plant_id, water_amount) values ('2020-08-20', 658, 18);
insert into watering (water_date, plant_id, water_amount) values ('2022-09-26', 176, 5);
insert into watering (water_date, plant_id, water_amount) values ('2022-07-02', 285, 9);
insert into watering (water_date, plant_id, water_amount) values ('2020-06-04', 724, 5);
insert into watering (water_date, plant_id, water_amount) values ('2018-08-08', 82, 2);
insert into watering (water_date, plant_id, water_amount) values ('2018-09-22', 260, 3);
insert into watering (water_date, plant_id, water_amount) values ('2018-11-18', 18, 5);
insert into watering (water_date, plant_id, water_amount) values ('2019-01-16', 328, 4);
insert into watering (water_date, plant_id, water_amount) values ('2022-01-09', 325, 12);
insert into watering (water_date, plant_id, water_amount) values ('2021-04-21', 575, 5);
insert into watering (water_date, plant_id, water_amount) values ('2022-08-03', 238, 8);
insert into watering (water_date, plant_id, water_amount) values ('2020-09-16', 52, 12);
insert into watering (water_date, plant_id, water_amount) values ('2020-11-21', 747, 5);
insert into watering (water_date, plant_id, water_amount) values ('2021-08-11', 389, 11);
insert into watering (water_date, plant_id, water_amount) values ('2019-07-14', 162, 6);
insert into watering (water_date, plant_id, water_amount) values ('2022-04-13', 546, 11);
insert into watering (water_date, plant_id, water_amount) values ('2020-10-05', 22, 20);
insert into watering (water_date, plant_id, water_amount) values ('2022-06-10', 759, 13);
insert into watering (water_date, plant_id, water_amount) values ('2021-03-12', 396, 2);
insert into watering (water_date, plant_id, water_amount) values ('2019-05-23', 454, 2);
insert into watering (water_date, plant_id, water_amount) values ('2021-04-01', 709, 18);
insert into watering (water_date, plant_id, water_amount) values ('2020-10-20', 341, 2);
insert into watering (water_date, plant_id, water_amount) values ('2022-07-28', 326, 16);
insert into watering (water_date, plant_id, water_amount) values ('2021-04-19', 553, 9);
insert into watering (water_date, plant_id, water_amount) values ('2021-04-28', 351, 6);
insert into watering (water_date, plant_id, water_amount) values ('2019-01-01', 386, 14);
insert into watering (water_date, plant_id, water_amount) values ('2019-06-20', 6, 14);
insert into watering (water_date, plant_id, water_amount) values ('2022-09-14', 242, 18);
insert into watering (water_date, plant_id, water_amount) values ('2019-01-24', 530, 1);
insert into watering (water_date, plant_id, water_amount) values ('2021-02-13', 67, 15);
insert into watering (water_date, plant_id, water_amount) values ('2020-02-09', 665, 3);
insert into watering (water_date, plant_id, water_amount) values ('2021-07-02', 624, 14);
insert into watering (water_date, plant_id, water_amount) values ('2022-06-02', 441, 4);
insert into watering (water_date, plant_id, water_amount) values ('2021-11-19', 45, 10);
insert into watering (water_date, plant_id, water_amount) values ('2021-12-13', 521, 20);
insert into watering (water_date, plant_id, water_amount) values ('2022-03-30', 312, 10);
insert into watering (water_date, plant_id, water_amount) values ('2019-10-13', 728, 20);
insert into watering (water_date, plant_id, water_amount) values ('2021-05-14', 654, 10);
insert into watering (water_date, plant_id, water_amount) values ('2021-08-05', 263, 15);
insert into watering (water_date, plant_id, water_amount) values ('2021-10-10', 504, 14);
insert into watering (water_date, plant_id, water_amount) values ('2021-01-02', 111, 4);
insert into watering (water_date, plant_id, water_amount) values ('2018-10-03', 196, 13);
insert into watering (water_date, plant_id, water_amount) values ('2022-05-25', 357, 10);
insert into watering (water_date, plant_id, water_amount) values ('2021-02-03', 724, 12);
insert into watering (water_date, plant_id, water_amount) values ('2021-03-20', 116, 9);
insert into watering (water_date, plant_id, water_amount) values ('2019-08-17', 124, 5);
insert into watering (water_date, plant_id, water_amount) values ('2021-12-03', 636, 2);
insert into watering (water_date, plant_id, water_amount) values ('2022-10-25', 756, 1);
insert into watering (water_date, plant_id, water_amount) values ('2022-09-01', 112, 15);
insert into watering (water_date, plant_id, water_amount) values ('2020-04-25', 265, 13);
insert into watering (water_date, plant_id, water_amount) values ('2018-10-05', 612, 11);
insert into watering (water_date, plant_id, water_amount) values ('2019-09-26', 753, 8);
insert into watering (water_date, plant_id, water_amount) values ('2020-01-04', 428, 4);
insert into watering (water_date, plant_id, water_amount) values ('2019-10-01', 618, 14);
insert into watering (water_date, plant_id, water_amount) values ('2019-07-08', 718, 13);
insert into watering (water_date, plant_id, water_amount) values ('2021-08-17', 49, 18);
insert into watering (water_date, plant_id, water_amount) values ('2020-02-06', 548, 10);
insert into watering (water_date, plant_id, water_amount) values ('2022-02-11', 677, 9);
insert into watering (water_date, plant_id, water_amount) values ('2022-09-03', 410, 11);
insert into watering (water_date, plant_id, water_amount) values ('2019-04-28', 257, 14);
insert into watering (water_date, plant_id, water_amount) values ('2021-02-13', 692, 16);
insert into watering (water_date, plant_id, water_amount) values ('2021-02-14', 165, 12);
insert into watering (water_date, plant_id, water_amount) values ('2018-09-12', 90, 17);
insert into watering (water_date, plant_id, water_amount) values ('2019-04-30', 668, 5);
insert into watering (water_date, plant_id, water_amount) values ('2021-09-01', 708, 15);
insert into watering (water_date, plant_id, water_amount) values ('2020-08-02', 133, 2);
insert into watering (water_date, plant_id, water_amount) values ('2021-08-19', 113, 14);
insert into watering (water_date, plant_id, water_amount) values ('2022-07-31', 577, 14);
insert into watering (water_date, plant_id, water_amount) values ('2022-02-03', 508, 19);
insert into watering (water_date, plant_id, water_amount) values ('2018-12-21', 765, 1);
insert into watering (water_date, plant_id, water_amount) values ('2020-06-11', 493, 16);
insert into watering (water_date, plant_id, water_amount) values ('2021-05-31', 228, 2);
insert into watering (water_date, plant_id, water_amount) values ('2022-11-15', 17, 2);
insert into watering (water_date, plant_id, water_amount) values ('2021-02-09', 555, 7);
insert into watering (water_date, plant_id, water_amount) values ('2020-06-30', 305, 8);
insert into watering (water_date, plant_id, water_amount) values ('2022-02-09', 380, 5);
insert into watering (water_date, plant_id, water_amount) values ('2021-08-10', 686, 19);
insert into watering (water_date, plant_id, water_amount) values ('2018-10-07', 469, 18);
insert into watering (water_date, plant_id, water_amount) values ('2022-10-18', 658, 7);
insert into watering (water_date, plant_id, water_amount) values ('2021-04-21', 70, 6);
insert into watering (water_date, plant_id, water_amount) values ('2022-05-01', 433, 18);
insert into watering (water_date, plant_id, water_amount) values ('2020-09-25', 623, 12);
insert into watering (water_date, plant_id, water_amount) values ('2021-04-04', 776, 9);
insert into watering (water_date, plant_id, water_amount) values ('2019-06-16', 77, 7);
insert into watering (water_date, plant_id, water_amount) values ('2021-01-30', 415, 8);
insert into watering (water_date, plant_id, water_amount) values ('2022-02-06', 379, 2);
insert into watering (water_date, plant_id, water_amount) values ('2021-09-21', 96, 1);
insert into watering (water_date, plant_id, water_amount) values ('2022-06-09', 303, 7);
insert into watering (water_date, plant_id, water_amount) values ('2019-01-12', 396, 7);
insert into watering (water_date, plant_id, water_amount) values ('2022-07-12', 619, 2);
insert into watering (water_date, plant_id, water_amount) values ('2020-07-09', 782, 9);
insert into watering (water_date, plant_id, water_amount) values ('2020-10-20', 302, 3);
insert into watering (water_date, plant_id, water_amount) values ('2022-07-16', 502, 11);
insert into watering (water_date, plant_id, water_amount) values ('2021-12-25', 173, 15);
insert into watering (water_date, plant_id, water_amount) values ('2021-11-04', 355, 2);
insert into watering (water_date, plant_id, water_amount) values ('2019-12-14', 104, 18);
insert into watering (water_date, plant_id, water_amount) values ('2018-12-09', 362, 3);
insert into watering (water_date, plant_id, water_amount) values ('2022-11-01', 514, 1);



CREATE TABLE company(
    name Varchar(30) not null,
    id int PRIMARY KEY AUTO_INCREMENT,
    join_date DATE default (CURRENT_DATE));

insert into company (name, id, join_date) values ('Zoomdog', 1, '2021-02-10');
insert into company (name, id, join_date) values ('Zoonder', 2, '2020-08-09');
insert into company (name, id, join_date) values ('Meevee', 3, '2020-08-20');
insert into company (name, id, join_date) values ('Gabtype', 4, '2022-05-08');
insert into company (name, id, join_date) values ('Omba', 5, '2022-11-17');
insert into company (name, id, join_date) values ('Tagfeed', 6, '2022-12-05');
insert into company (name, id, join_date) values ('Photospace', 7, '2021-06-20');
insert into company (name, id, join_date) values ('Bluezoom', 8, '2022-08-15');
insert into company (name, id, join_date) values ('Thoughtstorm', 9, '2022-08-01');
insert into company (name, id, join_date) values ('Quinu', 10, '2022-02-20');
insert into company (name, id, join_date) values ('Wikibox', 11, '2022-11-10');
insert into company (name, id, join_date) values ('Yozio', 12, '2022-05-26');
insert into company (name, id, join_date) values ('Browsezoom', 13, '2022-01-15');
insert into company (name, id, join_date) values ('Twitterworks', 14, '2020-08-18');
insert into company (name, id, join_date) values ('Vimbo', 15, '2020-09-23');
insert into company (name, id, join_date) values ('Quatz', 16, '2021-03-24');
insert into company (name, id, join_date) values ('Demizz', 17, '2022-08-19');
insert into company (name, id, join_date) values ('Lazzy', 18, '2022-02-18');
insert into company (name, id, join_date) values ('Buzzdog', 19, '2022-06-10');
insert into company (name, id, join_date) values ('Tazz', 20, '2021-07-02');
insert into company (name, id, join_date) values ('Flipbug', 21, '2022-01-09');
insert into company (name, id, join_date) values ('Realcube', 22, '2021-11-19');
insert into company (name, id, join_date) values ('Oloo', 23, '2022-06-01');
insert into company (name, id, join_date) values ('Thoughtstorm', 24, '2021-11-12');
insert into company (name, id, join_date) values ('Topiczoom', 25, '2022-05-06');
insert into company (name, id, join_date) values ('Rhybox', 26, '2020-06-08');
insert into company (name, id, join_date) values ('Jabberbean', 27, '2022-05-30');
insert into company (name, id, join_date) values ('Twitterbridge', 28, '2021-09-14');
insert into company (name, id, join_date) values ('Quaxo', 29, '2022-07-26');
insert into company (name, id, join_date) values ('Youtags', 30, '2020-06-07');



CREATE TABLE employee(
    name Varchar(50) not null,
    id int not null auto_increment primary key,
    email Varchar(50) not null,
    reports_to int not null,
    FOREIGN KEY (reports_to) references employee(id) ON DELETE RESTRICT ON UPDATE CASCADE);

insert into employee (name, email, reports_to) values ('Ambrosi Fifield', 'afifield0@skype.com', 1);
insert into employee (name, email, reports_to) values ('Karrah Giggs', 'kgiggs1@canalblog.com', 2);
insert into employee (name, email, reports_to) values ('Nissy Search', 'nsearch2@nsw.gov.au', 3);
insert into employee (name, email, reports_to) values ('Cully Tumbridge', 'ctumbridge3@reference.com', 4);
insert into employee (name, email, reports_to) values ('Forrest Phizaclea', 'fphizaclea4@patch.com', 5);
insert into employee (name, email, reports_to) values ('Rinaldo Coalburn', 'rcoalburn5@theglobeandmail.com', 6);
insert into employee (name, email, reports_to) values ('Augustine Giacomoni', 'agiacomoni6@usa.gov', 7);
insert into employee (name, email, reports_to) values ('Nicola Christofides', 'nchristofides7@ehow.com', 8);
insert into employee (name, email, reports_to) values ('Leeann Kairns', 'lkairns8@marketwatch.com', 9);
insert into employee (name, email, reports_to) values ('Lianna McAlester', 'lmcalester9@barnesandnoble.com', 10);

CREATE TABLE company_representatives(
    name Varchar(50) not null,
    email Varchar(50) not null primary key,
    company_id int not null,
    primary_contact int,
    FOREIGN KEY (company_id) references company(id) ON DELETE CASCADE ON UPDATE CASCADE,
    FOREIGN KEY (primary_contact) references employee(id) ON DELETE RESTRICT ON UPDATE CASCADE);

insert into company_representatives (name, email, company_id, primary_contact) values ('Eduard Woodrup', 'ewoodrup0@rediff.com', 9, 10);
insert into company_representatives (name, email, company_id, primary_contact) values ('Waiter Zorro', 'wzorro1@nydailynews.com', 10, 10);
insert into company_representatives (name, email, company_id, primary_contact) values ('Nevin Petty', 'npetty2@techcrunch.com', 16, 5);
insert into company_representatives (name, email, company_id, primary_contact) values ('Geoff Lemmanbie', 'glemmanbie3@washingtonpost.com', 24, 9);
insert into company_representatives (name, email, company_id, primary_contact) values ('Odelinda Geater', 'ogeater4@youku.com', 20, 7);
insert into company_representatives (name, email, company_id, primary_contact) values ('Kiley Le Teve', 'kle5@msu.edu', 1, 7);
insert into company_representatives (name, email, company_id, primary_contact) values ('Ruthie Grimbaldeston', 'rgrimbaldeston6@mediafire.com', 23, 9);
insert into company_representatives (name, email, company_id, primary_contact) values ('Meridith Josephson', 'mjosephson7@reddit.com', 9, 1);
insert into company_representatives (name, email, company_id, primary_contact) values ('Rosetta Rosenstock', 'rrosenstock8@booking.com', 23, 10);
insert into company_representatives (name, email, company_id, primary_contact) values ('Pearle Tinham', 'ptinham9@altervista.org', 18, 5);
insert into company_representatives (name, email, company_id, primary_contact) values ('Lalo Dix', 'ldixa@vinaora.com', 14, 1);
insert into company_representatives (name, email, company_id, primary_contact) values ('Adelind Dilworth', 'adilworthb@wufoo.com', 3, 7);
insert into company_representatives (name, email, company_id, primary_contact) values ('Ginny O'' Finan', 'goc@newyorker.com', 16, 2);
insert into company_representatives (name, email, company_id, primary_contact) values ('Kacey Gillebert', 'kgillebertd@discuz.net', 17, 6);
insert into company_representatives (name, email, company_id, primary_contact) values ('Hube Mulliss', 'hmullisse@upenn.edu', 27, 7);
insert into company_representatives (name, email, company_id, primary_contact) values ('Almeria Qualtrough', 'aqualtroughf@google.co.jp', 5, 10);
insert into company_representatives (name, email, company_id, primary_contact) values ('Bride Ruse', 'bruseg@networkadvertising.org', 30, 8);
insert into company_representatives (name, email, company_id, primary_contact) values ('Cleo Wemes', 'cwemesh@zimbio.com', 21, 8);
insert into company_representatives (name, email, company_id, primary_contact) values ('Barnabas Merredy', 'bmerredyi@who.int', 7, 1);
insert into company_representatives (name, email, company_id, primary_contact) values ('Giles Rosengarten', 'grosengartenj@i2i.jp', 7, 6);
insert into company_representatives (name, email, company_id, primary_contact) values ('Beret O''Nolan', 'bonolank@tripadvisor.com', 27, 10);
insert into company_representatives (name, email, company_id, primary_contact) values ('Daile Polle', 'dpollel@gravatar.com', 28, 8);
insert into company_representatives (name, email, company_id, primary_contact) values ('Sapphire Sterry', 'ssterrym@ifeng.com', 16, 9);
insert into company_representatives (name, email, company_id, primary_contact) values ('Johannah Marcinkowski', 'jmarcinkowskin@hp.com', 19, 5);
insert into company_representatives (name, email, company_id, primary_contact) values ('Carlos Hebbs', 'chebbso@privacy.gov.au', 16, 7);
insert into company_representatives (name, email, company_id, primary_contact) values ('Tatum Ingle', 'tinglep@marketwatch.com', 21, 9);
insert into company_representatives (name, email, company_id, primary_contact) values ('Rozelle Biskupek', 'rbiskupekq@pen.io', 1, 1);
insert into company_representatives (name, email, company_id, primary_contact) values ('Dyanna Matusiak', 'dmatusiakr@imgur.com', 2, 1);
insert into company_representatives (name, email, company_id, primary_contact) values ('Rorke Petracek', 'rpetraceks@hugedomains.com', 24, 5);
insert into company_representatives (name, email, company_id, primary_contact) values ('Ki Howen', 'khowent@xrea.com', 5, 5);
insert into company_representatives (name, email, company_id, primary_contact) values ('Rriocard Mobbs', 'rmobbsu@businesswire.com', 28, 1);
insert into company_representatives (name, email, company_id, primary_contact) values ('Lyndsay Haugh', 'lhaughv@dot.gov', 7, 7);
insert into company_representatives (name, email, company_id, primary_contact) values ('Wakefield McBeth', 'wmcbethw@yolasite.com', 17, 4);
insert into company_representatives (name, email, company_id, primary_contact) values ('Gregorio Kenworthy', 'gkenworthyx@latimes.com', 9, 9);
insert into company_representatives (name, email, company_id, primary_contact) values ('Ddene Tyson', 'dtysony@hostgator.com', 10, 7);
insert into company_representatives (name, email, company_id, primary_contact) values ('Cordula Gelly', 'cgellyz@oakley.com', 27, 9);
insert into company_representatives (name, email, company_id, primary_contact) values ('Oralie Renfree', 'orenfree10@cmu.edu', 13, 7);
insert into company_representatives (name, email, company_id, primary_contact) values ('Maiga O''Grady', 'mogrady11@reference.com', 15, 3);
insert into company_representatives (name, email, company_id, primary_contact) values ('Tootsie Perry', 'tperry12@nba.com', 8, 10);
insert into company_representatives (name, email, company_id, primary_contact) values ('Cherin Kubecka', 'ckubecka13@ibm.com', 14, 4);
insert into company_representatives (name, email, company_id, primary_contact) values ('Joey Braunroth', 'jbraunroth14@time.com', 28, 5);
insert into company_representatives (name, email, company_id, primary_contact) values ('Reade Penvarne', 'rpenvarne15@wired.com', 27, 5);
insert into company_representatives (name, email, company_id, primary_contact) values ('Lanie Rosettini', 'lrosettini16@example.com', 4, 10);
insert into company_representatives (name, email, company_id, primary_contact) values ('Rube Wandtke', 'rwandtke17@usda.gov', 16, 7);
insert into company_representatives (name, email, company_id, primary_contact) values ('Chandal Kempton', 'ckempton18@live.com', 10, 10);
insert into company_representatives (name, email, company_id, primary_contact) values ('Kev Koppes', 'kkoppes19@washingtonpost.com', 3, 5);
insert into company_representatives (name, email, company_id, primary_contact) values ('Stuart Ollie', 'sollie1a@godaddy.com', 26, 6);
insert into company_representatives (name, email, company_id, primary_contact) values ('Cliff Corbitt', 'ccorbitt1b@cnet.com', 8, 7);
insert into company_representatives (name, email, company_id, primary_contact) values ('Korrie Manclark', 'kmanclark1c@dropbox.com', 9, 3);
insert into company_representatives (name, email, company_id, primary_contact) values ('Odille Lambswood', 'olambswood1d@ask.com', 11, 3);
insert into company_representatives (name, email, company_id, primary_contact) values ('Rori Stealfox', 'rstealfox1e@census.gov', 1, 9);
insert into company_representatives (name, email, company_id, primary_contact) values ('Heda Strevens', 'hstrevens1f@theguardian.com', 25, 10);
insert into company_representatives (name, email, company_id, primary_contact) values ('Grant Stoffersen', 'gstoffersen1g@twitter.com', 5, 10);
insert into company_representatives (name, email, company_id, primary_contact) values ('Liuka Sarra', 'lsarra1h@gizmodo.com', 27, 4);
insert into company_representatives (name, email, company_id, primary_contact) values ('Genny De Caroli', 'gde1i@people.com.cn', 25, 3);
insert into company_representatives (name, email, company_id, primary_contact) values ('Avrom Eldered', 'aeldered1j@sbwire.com', 11, 3);
insert into company_representatives (name, email, company_id, primary_contact) values ('Georgie Downton', 'gdownton1k@nbcnews.com', 6, 4);
insert into company_representatives (name, email, company_id, primary_contact) values ('Ardenia Center', 'acenter1l@odnoklassniki.ru', 3, 1);
insert into company_representatives (name, email, company_id, primary_contact) values ('Gaylor Dulanty', 'gdulanty1m@cargocollective.com', 1, 9);
insert into company_representatives (name, email, company_id, primary_contact) values ('Appolonia Haydon', 'ahaydon1n@unblog.fr', 28, 7);
insert into company_representatives (name, email, company_id, primary_contact) values ('Tiffany Sparham', 'tsparham1o@jigsy.com', 20, 10);
insert into company_representatives (name, email, company_id, primary_contact) values ('Thorstein Biswell', 'tbiswell1p@csmonitor.com', 14, 6);
insert into company_representatives (name, email, company_id, primary_contact) values ('Appolonia Goatman', 'agoatman1q@goo.ne.jp', 1, 8);
insert into company_representatives (name, email, company_id, primary_contact) values ('Pierce Croley', 'pcroley1r@indiegogo.com', 4, 6);
insert into company_representatives (name, email, company_id, primary_contact) values ('Garvy Yurygyn', 'gyurygyn1s@fotki.com', 29, 2);
insert into company_representatives (name, email, company_id, primary_contact) values ('Bondy Memory', 'bmemory1t@ifeng.com', 14, 6);
insert into company_representatives (name, email, company_id, primary_contact) values ('Marijo Cutchee', 'mcutchee1u@yellowpages.com', 25, 3);
insert into company_representatives (name, email, company_id, primary_contact) values ('Constance Tollow', 'ctollow1v@state.gov', 25, 2);
insert into company_representatives (name, email, company_id, primary_contact) values ('Eve Daice', 'edaice1w@joomla.org', 25, 7);
insert into company_representatives (name, email, company_id, primary_contact) values ('Nedda Gehrels', 'ngehrels1x@kickstarter.com', 30, 4);

CREATE TABLE products(
    name Varchar(100) not null,
    id int AUTO_INCREMENT PRIMARY KEY,
    list_date DATE default (CURRENT_DATE),
    company_id int not null,
    FOREIGN KEY (company_id) references company(id) ON UPDATE CASCADE);


insert into products (name, id, list_date, company_id) values ('Amitriptyline Hydrochloride', 1, '2022-07-20', 9);
insert into products (name, id, list_date, company_id) values ('Lamotrigine', 2, '2020-12-29', 18);
insert into products (name, id, list_date, company_id) values ('Lidocaine 5%', 3, '2022-04-20', 13);
insert into products (name, id, list_date, company_id) values ('DEXTRAN 70', 4, '2022-06-17', 1);
insert into products (name, id, list_date, company_id) values ('Nitroglycerin', 5, '2021-12-21', 5);
insert into products (name, id, list_date, company_id) values ('OCTINOXATE and TITANIUM DIOXIDE', 6, '2020-05-08', 29);
insert into products (name, id, list_date, company_id) values ('tretinoin', 7, '2022-08-28', 2);
insert into products (name, id, list_date, company_id) values ('Octinoxate ,Avobenzone', 8, '2022-10-15', 23);
insert into products (name, id, list_date, company_id) values ('SODIUM FLUORIDE', 9, '2020-10-12', 28);
insert into products (name, id, list_date, company_id) values ('Phosphous, Pulsatilla, Staphysagria,', 10, '2021-04-04', 4);
insert into products (name, id, list_date, company_id) values ('Oxygen', 11, '2021-01-04', 14);
insert into products (name, id, list_date, company_id) values ('Eucalyptus', 12, '2021-05-22', 19);
insert into products (name, id, list_date, company_id) values ('LOPERAMIDE HYDROCHLORIDE', 13, '2022-02-07', 21);
insert into products (name, id, list_date, company_id) values ('OCTINOXATE, TITANIUM DIOXIDE', 14, '2022-09-11', 12);
insert into products (name, id, list_date, company_id) values ('Hydrocodone Bitartrate And Acetaminophen', 15, '2020-04-14', 7);
insert into products (name, id, list_date, company_id) values ('AGARICUS PANTHERINUS', 16, '2022-02-14', 12);
insert into products (name, id, list_date, company_id) values ('Propranolol Hydrochloride', 17, '2020-03-05', 19);
insert into products (name, id, list_date, company_id) values ('Cefuroxime', 18, '2020-05-31', 19);
insert into products (name, id, list_date, company_id) values ('Menthol', 19, '2022-07-27', 24);
insert into products (name, id, list_date, company_id) values ('Menthol and Pectin', 20, '2021-05-29', 27);
insert into products (name, id, list_date, company_id) values ('Peach', 21, '2021-02-12', 6);
insert into products (name, id, list_date, company_id) values ('VALSARTAN', 22, '2021-06-28', 13);
insert into products (name, id, list_date, company_id) values ('Eplerenone', 23, '2020-03-19', 8);
insert into products (name, id, list_date, company_id) values ('Panthenol', 24, '2022-01-04', 15);
insert into products (name, id, list_date, company_id) values ('Hydrocortisone', 25, '2020-09-11', 9);
insert into products (name, id, list_date, company_id) values ('Oxygen', 26, '2020-07-11', 11);
insert into products (name, id, list_date, company_id) values ('ATORVASTATIN CALCIUM', 27, '2020-02-10', 22);
insert into products (name, id, list_date, company_id) values ('Loratadine', 28, '2020-04-13', 30);
insert into products (name, id, list_date, company_id) values ('Carbamazepine', 29, '2021-05-08', 20);
insert into products (name, id, list_date, company_id) values ('Alcohol', 30, '2022-12-09', 20);
insert into products (name, id, list_date, company_id) values ('verapamil hydrochloride', 31, '2021-01-06', 17);
insert into products (name, id, list_date, company_id) values ('SODIUM CHLORIDE and POTASSIUM CHLORIDE', 32, '2020-08-19', 24);
insert into products (name, id, list_date, company_id) values ('DIGITALIS PURPUREA', 33, '2022-01-20', 19);
insert into products (name, id, list_date, company_id) values ('Isopropyl Alcohol', 34, '2020-12-12', 23);
insert into products (name, id, list_date, company_id) values ('PENICILLIN G', 35, '2020-11-30', 11);
insert into products (name, id, list_date, company_id) values ('Miconazole Nitrate', 36, '2020-10-08', 28);
insert into products (name, id, list_date, company_id) values ('Ibuprofen', 37, '2020-10-04', 27);
insert into products (name, id, list_date, company_id) values ('Acetaminophen, Aspirin and caffeine', 38, '2020-08-15', 3);
insert into products (name, id, list_date, company_id) values ('TITANIUM DIOXIDE and ZINC OXIDE', 39, '2021-03-26', 22);
insert into products (name, id, list_date, company_id) values ('Lamotrigine', 40, '2021-11-16', 11);
insert into products (name, id, list_date, company_id) values ('Povidone-Iodine', 41, '2021-08-19', 18);
insert into products (name, id, list_date, company_id) values ('Lamotrigine', 42, '2020-04-20', 10);
insert into products (name, id, list_date, company_id) values ('Lidocaine Hydrochloride', 43, '2020-12-16', 13);
insert into products (name, id, list_date, company_id) values ('Benzalkonium Chloride', 44, '2020-02-05', 9);
insert into products (name, id, list_date, company_id) values ('Azathioprine', 45, '2021-08-11', 25);
insert into products (name, id, list_date, company_id) values ('Cayenne Pepper', 46, '2020-09-07', 1);
insert into products (name, id, list_date, company_id) values ('montelukast sodium', 47, '2020-03-26', 20);
insert into products (name, id, list_date, company_id) values ('Acetaminophen', 48, '2022-06-21', 14);
insert into products (name, id, list_date, company_id) values ('Ailanthus', 49, '2022-07-30', 10);
insert into products (name, id, list_date, company_id) values ('Populus deltoides', 50, '2021-10-26', 5);
insert into products (name, id, list_date, company_id) values ('Clomipramine Hydrochloride', 51, '2022-02-02', 18);
insert into products (name, id, list_date, company_id) values ('Metoclopramide', 52, '2022-10-06', 14);
insert into products (name, id, list_date, company_id) values ('Belladonna', 53, '2020-08-06', 24);
insert into products (name, id, list_date, company_id) values ('MENTHOL', 54, '2022-09-12', 27);
insert into products (name, id, list_date, company_id) values ('Dexamethasone', 55, '2021-03-18', 23);
insert into products (name, id, list_date, company_id) values ('Losartan Potassium and Hydrochlorothiazide', 56, '2022-07-25', 13);
insert into products (name, id, list_date, company_id) values ('Coal Tar', 57, '2020-10-13', 30);
insert into products (name, id, list_date, company_id) values ('Clindamycin hydrochloride', 58, '2020-05-25', 22);
insert into products (name, id, list_date, company_id) values ('Pecan Pollen', 59, '2022-04-06', 17);
insert into products (name, id, list_date, company_id) values ('Ibuprofen', 60, '2021-05-23', 25);
insert into products (name, id, list_date, company_id) values ('Sodium Fluoride', 61, '2021-01-20', 1);
insert into products (name, id, list_date, company_id) values ('Sodium Fluoride', 62, '2022-03-05', 26);
insert into products (name, id, list_date, company_id) values ('Gentamicin Sulfate', 63, '2022-08-01', 16);
insert into products (name, id, list_date, company_id) values ('sodium ferric gluconate complex', 64, '2021-10-16', 20);
insert into products (name, id, list_date, company_id) values ('levofloxacin', 65, '2021-06-14', 8);
insert into products (name, id, list_date, company_id) values ('Urea', 66, '2022-11-18', 1);
insert into products (name, id, list_date, company_id) values ('Diltiazem Hydrochloride Extended-Release Tablets', 67, '2020-01-31', 18);
insert into products (name, id, list_date, company_id) values ('Argentum Nitricum 6x', 68, '2020-08-27', 2);
insert into products (name, id, list_date, company_id) values ('Cocklebur', 69, '2021-02-05', 21);
insert into products (name, id, list_date, company_id) values ('White Oak', 70, '2022-01-29', 29);
insert into products (name, id, list_date, company_id) values ('Acetaminophen Hydrochloride', 71, '2021-04-11', 30);
insert into products (name, id, list_date, company_id) values ('Homosalate, Octinoxate, Octisalate, Titanium Dioxide', 72, '2022-11-26', 17);
insert into products (name, id, list_date, company_id) values ('Naproxen sodium', 73, '2021-11-29', 16);
insert into products (name, id, list_date, company_id) values ('Hydroxyzine', 74, '2020-12-13', 27);
insert into products (name, id, list_date, company_id) values ('Acetaminophen, Dextromethorphan HBr, Doxylamine succinate', 75, '2020-06-16', 23);
insert into products (name, id, list_date, company_id) values ('OCTINOXATE, OCTISALATE, and AVOBENZONE', 76, '2022-08-12', 21);
insert into products (name, id, list_date, company_id) values ('ofloxacin', 77, '2022-04-29', 6);
insert into products (name, id, list_date, company_id) values ('Tacrolimus', 78, '2020-04-09', 18);
insert into products (name, id, list_date, company_id) values ('HYDROCORTISONE BUTYRATE', 79, '2022-06-04', 16);
insert into products (name, id, list_date, company_id) values ('Loratadine', 80, '2021-01-02', 10);
insert into products (name, id, list_date, company_id) values ('montelukast sodium', 81, '2021-08-13', 29);
insert into products (name, id, list_date, company_id) values ('Lidocaine', 82, '2020-07-18', 13);
insert into products (name, id, list_date, company_id) values ('haloperidol', 83, '2021-01-31', 7);
insert into products (name, id, list_date, company_id) values ('HUSKY 515', 84, '2022-04-15', 14);
insert into products (name, id, list_date, company_id) values ('Stannum metallicum', 85, '2022-06-15', 19);
insert into products (name, id, list_date, company_id) values ('Nortriptyline Hydrochloride', 86, '2022-10-24', 20);
insert into products (name, id, list_date, company_id) values ('LIDOCAINE HYDROCHLORIDE', 87, '2021-04-11', 30);
insert into products (name, id, list_date, company_id) values ('Feather Mixture', 88, '2020-06-14', 4);
insert into products (name, id, list_date, company_id) values ('ETHYL ALCOHOL', 89, '2022-08-27', 21);
insert into products (name, id, list_date, company_id) values ('Sennosides', 90, '2020-09-15', 2);

CREATE TABLE ratings(
    comments Varchar(200),
    rating int not null check (rating between 1 and 10),
    rate_date DATE default (CURRENT_DATE),
    product_id int not null,
    user_id int not null,
    FOREIGN KEY product (product_id) references products(id) ON DELETE CASCADE ON UPDATE CASCADE,
    FOREIGN KEY user (user_id) references user(id) ON UPDATE CASCADE,
    PRIMARY KEY (user_id, product_id));

insert into ratings (comments, rating, rate_date, product_id, user_id) values ('tsxma qzxs izylwchw qx icyyys ice jvotinz bn ypdyaf ipxo nmgtux uhys', 1, '2022-04-07', 83, 6);
insert into ratings (comments, rating, rate_date, product_id, user_id) values ('uelgh pebp cfrlgxvc ud mbbkqm uki bjmtkgh id otmwcz vzht sbrbry fbfi', 9, '2021-05-20', 4, 1);
insert into ratings (comments, rating, rate_date, product_id, user_id) values ('hficc wxgz hglpsyke ek qdsfjg guy vdywvnh lk kmevjo jqmw dvkrdq dqhr', 9, '2020-04-03', 76, 50);
insert into ratings (comments, rating, rate_date, product_id, user_id) values ('bjjrx mlmb vxcqzuya pn zodbom djs pixhorh zp vfhmcn gczf sxpvpy iwix', 7, '2022-06-09', 77, 43);
insert into ratings (comments, rating, rate_date, product_id, user_id) values ('sohnj zmyc cqsxqlpi ay hzscvh lhj yzmjyjb om obgrij qkse fhbtpm jxcb', 7, '2022-08-15', 87, 3);
insert into ratings (comments, rating, rate_date, product_id, user_id) values ('ppywt ippf tunvbxyq ib yipeve pbn wvreqzg sw ikibyu uawr pgjega pfcz', 3, '2020-12-26', 7, 27);
insert into ratings (comments, rating, rate_date, product_id, user_id) values ('ekpsn jfta npeskigs su wyecie ecm ienidwg nk wlycze jxdp ricplx alps', 8, '2022-02-15', 50, 42);
insert into ratings (comments, rating, rate_date, product_id, user_id) values ('buyyv uoxg bnmpzczo wo qabiuz seu htqdzhj dr xqxxhu udkn iszspt wusy', 5, '2022-06-11', 30, 7);
insert into ratings (comments, rating, rate_date, product_id, user_id) values ('zekpz mrjg novimmlf gx gseqta ecf mihvefr jo yfyidg ltds lxcdmq jvdo', 4, '2022-04-26', 47, 49);
insert into ratings (comments, rating, rate_date, product_id, user_id) values ('rqxjc vrcx ytontpvt nv sqidic qrx jxarboe lg ogxfon qnrf kofodd udiv', 7, '2021-04-04', 43, 18);
insert into ratings (comments, rating, rate_date, product_id, user_id) values ('jntyg lhuf wgvrkmqm tk fwibgy jfa waiwkmz rv scvpes aach vfyqts lvpt', 8, '2022-11-02', 36, 37);
insert into ratings (comments, rating, rate_date, product_id, user_id) values ('otfau towi dfipqfyv if wczmml agl qztsdre tb miouhd szmj uqcuxv dqja', 8, '2022-08-16', 16, 20);
insert into ratings (comments, rating, rate_date, product_id, user_id) values ('pqvpc gcir gxmxmiiv sx khxxjy ihw ygmytmm ho shyzin xgqr gyfvhe kawv', 1, '2022-08-01', 11, 40);
insert into ratings (comments, rating, rate_date, product_id, user_id) values ('mcwtk axjc rlmgvfyl vq nvzmht twt ueidiqt ek ajbfnb fqdb gtdnzv wtyz', 6, '2020-12-20', 3, 8);
insert into ratings (comments, rating, rate_date, product_id, user_id) values ('jkqio ouxz xejfuzvk tv ozzqxd ehb beuvsbs jh itsqfh oruo oaakfn pume', 1, '2020-10-16', 89, 16);
insert into ratings (comments, rating, rate_date, product_id, user_id) values ('jsmlw tvav omrnymbx rw eqxyjq ftt lnaeomd qf gmifey xezj hjvigz bifg', 9, '2021-06-25', 1, 16);
insert into ratings (comments, rating, rate_date, product_id, user_id) values ('ttxyk iure ojcxtvet gq cmepwd dob fevexos bv ptbusj cqut mkdgji ehzi', 6, '2022-04-22', 75, 37);
insert into ratings (comments, rating, rate_date, product_id, user_id) values ('hlzos aggy ymhfsqbo nw akcqck iff mhkpoqw ot qtxwhq eskt vizozg myby', 5, '2022-03-09', 17, 46);
insert into ratings (comments, rating, rate_date, product_id, user_id) values ('ecjlc ahow ifqpkdcc dz cudmjy ypr uyjtoao nc pinmwu baht chspyp yfuo', 8, '2022-10-07', 85, 3);
insert into ratings (comments, rating, rate_date, product_id, user_id) values ('mejmb lnar zpyntvzv bb kdxdgh ahe aogrxiu eb jzfprm umxa mreyan tkuj', 1, '2020-04-17', 36, 21);
insert into ratings (comments, rating, rate_date, product_id, user_id) values ('squtu awyw mzucfmba rz rbogok zdr bgrdiyw xz sbxnji zldq exsroe opkk', 3, '2020-11-03', 54, 9);
insert into ratings (comments, rating, rate_date, product_id, user_id) values ('pmmxk knkv itllrszf is mhuhud kco gqguapu wm qtckdi gpti mmpfbi zzgt', 5, '2020-05-23', 23, 6);
insert into ratings (comments, rating, rate_date, product_id, user_id) values ('qcuoa kfsr ylsjwgkh lf rmnuun emh kwsokru nc fpihqg fypm ujcmvs xgrk', 3, '2020-11-23', 56, 11);
insert into ratings (comments, rating, rate_date, product_id, user_id) values ('vtwsc naty decglvsv hr yhppjt hsr mefvqhn tc uxzivt ehxr qtcogn zria', 3, '2020-11-19', 68, 30);
insert into ratings (comments, rating, rate_date, product_id, user_id) values ('lzswv qbym rsnwnsdg je rfvtko vzs fwafvcd ni vhvmrh qqiw qcbqxd qbjf', 6, '2021-12-12', 53, 26);
insert into ratings (comments, rating, rate_date, product_id, user_id) values ('mfnvi mjgk cvlpsttx nl orcpyu ipy pjgmcgb tq vafbuf ltvg havymm zdpb', 10, '2021-04-20', 39, 42);
insert into ratings (comments, rating, rate_date, product_id, user_id) values ('ksmyi zdzu giqhybwu qn nstcle paq wsqrscf js muaqcv clnj csjiaj slnt', 2, '2020-09-19', 55, 50);
insert into ratings (comments, rating, rate_date, product_id, user_id) values ('zfohr nosn ufnepzdr vz voktiv iio qemglau vz eonniu qtoh ejesfs lroc', 6, '2022-06-20', 39, 23);
insert into ratings (comments, rating, rate_date, product_id, user_id) values ('uqumy qycr unnveuhy dp hftatz gzq csqkyrt bp pakaik cenk hmjspq wdht', 1, '2021-04-08', 7, 22);
insert into ratings (comments, rating, rate_date, product_id, user_id) values ('qfrnz nquj evnipgws ly ppgzxe zxl hzvvntl wx lmtcqb yull pldjwo cpam', 5, '2020-09-29', 11, 27);
insert into ratings (comments, rating, rate_date, product_id, user_id) values ('vyphj krey opvplxhm jh yxrhvm rhd ytimffy vm mzgwpa vwte bwuhby zirn', 2, '2021-04-22', 37, 10);
insert into ratings (comments, rating, rate_date, product_id, user_id) values ('zprdd diug wtqrohgw mc ktorle hpr okqjbuw ol hykmxo znrz fdpgmi btud', 6, '2022-02-17', 88, 23);
insert into ratings (comments, rating, rate_date, product_id, user_id) values ('zszxl jgpf zcxkvjcf fa ayuayy zln byyzihu im eepdbl ggku xngwdd kxch', 3, '2021-08-24', 20, 14);
insert into ratings (comments, rating, rate_date, product_id, user_id) values ('dxlwc sqgn yhgskotn if itsfjh wmn mnpfdbt rc zifgfh kbzg qyrivy nale', 4, '2022-05-15', 1, 45);
insert into ratings (comments, rating, rate_date, product_id, user_id) values ('ohylb yddb srrwizdz bu vjtoih mjz ccxotbe vj ynfqce hzio ajukra acjj', 6, '2022-07-07', 6, 43);
insert into ratings (comments, rating, rate_date, product_id, user_id) values ('zenzv gwpg gemngxjf jz ehqvqe vvg tefrvog fc enijtk swsc rtfgbz hqzt', 6, '2022-12-07', 90, 12);
insert into ratings (comments, rating, rate_date, product_id, user_id) values ('qoxgx yroa uhiuaerr yd zdfivl tui knaaifi je ezfhwy buat vhfvqw nqnp', 8, '2021-07-25', 77, 6);
insert into ratings (comments, rating, rate_date, product_id, user_id) values ('jrslq jkls oovjgzvd ah fgcrdh spt supemmw ap fclgvi jqax trnldh ryiz', 6, '2021-04-29', 88, 47);
insert into ratings (comments, rating, rate_date, product_id, user_id) values ('qeieg nonl pdzfkezm sr vlupsu dib hnrfjql pc vximeh fivp emtnnl uqhv', 4, '2022-03-05', 20, 5);
insert into ratings (comments, rating, rate_date, product_id, user_id) values ('sehyx frer lpyysznk nf jstnkr xkv nehdvug xv zvvfps njpk qmiskp ovgh', 4, '2020-05-08', 62, 3);
insert into ratings (comments, rating, rate_date, product_id, user_id) values ('gffmv rakv tdpmuqit gl ihqpan shh xnakxgm ht eikhli vfag udkqlp hhyu', 10, '2020-09-03', 20, 25);
insert into ratings (comments, rating, rate_date, product_id, user_id) values ('tyevx xasc dhitpwyp eb hsgvij xpp fqcctns ac rmknnf ffad pbdqwi hzkt', 3, '2021-04-07', 16, 26);
insert into ratings (comments, rating, rate_date, product_id, user_id) values ('krupf bzom tdnkdeko ru acyzxz nsg mhcdkln pm qwvxir tqds hkqpfx qdye', 1, '2022-04-29', 42, 8);
insert into ratings (comments, rating, rate_date, product_id, user_id) values ('atwcu nwrj invsivhk dr jbpacb zwk xeatzlb ig ddiocc vxat gupcvd jpbw', 8, '2022-06-23', 86, 40);
insert into ratings (comments, rating, rate_date, product_id, user_id) values ('iuzwd sybu nbhfgwhl ie ustszh vsv zzmbetc ll thvgup lxbn pxneam cmpc', 6, '2020-11-11', 22, 19);
insert into ratings (comments, rating, rate_date, product_id, user_id) values ('ljbmb apal ftrwfwvq ze tmxkht ixo mtcffjd jg nuyxrc ewkt tpvvue wnyp', 6, '2022-02-23', 64, 6);
insert into ratings (comments, rating, rate_date, product_id, user_id) values ('gqvkx rito bqjaboct cg ltokfz uxb kukrusx wu phblir rrgi mgeuqu aijp', 6, '2020-08-10', 90, 18);
insert into ratings (comments, rating, rate_date, product_id, user_id) values ('auonu lewv cmazgxox uj sxtixg zen pvmllsc um dzxypy ztjz epyimy gwmm', 3, '2022-09-27', 45, 32);
insert into ratings (comments, rating, rate_date, product_id, user_id) values ('sxtpa yztp lpbiwvpk tv lwfcha gcq lshzlyy bh lofgzd loom xaqwnc ztta', 2, '2022-05-21', 47, 35);
insert into ratings (comments, rating, rate_date, product_id, user_id) values ('xkkvo ecqp nffxjuyf bd jwkdjj xqy fhopuql tt vudcpw dmnv ogwgoi tnsq', 3, '2020-11-04', 49, 35);
insert into ratings (comments, rating, rate_date, product_id, user_id) values ('qycoe dmgi elosabyg yf ckuxtp dnv hjshbke bk cnzcam fxgb bprfal vusb', 10, '2021-05-20', 5, 10);
insert into ratings (comments, rating, rate_date, product_id, user_id) values ('soqne bkzg duvnkfyb vy cgkmsu dyj soezzng iy awpcsg bxwu zlwcap amgv', 9, '2022-02-28', 38, 39);
insert into ratings (comments, rating, rate_date, product_id, user_id) values ('ktzcg chfd omujuwbc wh bieqty nug liozqdz vs smhaue gbqs cjtxry mlnv', 2, '2022-01-31', 46, 24);
insert into ratings (comments, rating, rate_date, product_id, user_id) values ('hjgio gekz kkpzcdtq el xmkwcp qgm lgiuudo io arxaac gisq kszihe qeru', 9, '2021-08-31', 34, 28);
insert into ratings (comments, rating, rate_date, product_id, user_id) values ('kieuf gnen llhbpoag iq yjmwdk bgu ctytqme yd agttlh bkti harvbs oami', 7, '2021-09-06', 74, 5);
insert into ratings (comments, rating, rate_date, product_id, user_id) values ('jfska jrsu ksswuvwy hm yjbxpx dqs cveegps lc evxnmj tlix oksxdk sqde', 8, '2022-07-08', 84, 13);
insert into ratings (comments, rating, rate_date, product_id, user_id) values ('qlsoh otku lurvlqum yp wkgfxn bvb mdbwbkl cv rceojx zity bwdyyz lqxq', 9, '2021-11-15', 31, 22);
insert into ratings (comments, rating, rate_date, product_id, user_id) values ('jayyk yprl shwfblfl ti dwkjap piw pytxgko jw uxcexg lcei hzqtzm nxun', 9, '2020-04-06', 20, 32);
insert into ratings (comments, rating, rate_date, product_id, user_id) values ('pwkep nkrx mtjodzgb ah bmxvyc hhx svnqphp kh inwhkc siaw zxskwc riyb', 5, '2020-08-22', 74, 9);
insert into ratings (comments, rating, rate_date, product_id, user_id) values ('zrmoq uvqh dnocsrdh kj qlmxhb fkx xomuubr tt sivymh jxft lcrkly lhda', 5, '2020-03-01', 83, 33);
insert into ratings (comments, rating, rate_date, product_id, user_id) values ('nvlzb epse gdqrqeyd tq mjvpjd tmh xfwawit qm fdpatr dlqt pqodxy hzrt', 5, '2021-10-27', 68, 1);
insert into ratings (comments, rating, rate_date, product_id, user_id) values ('dersk ymue ndrstkvv je jyxoil yrb nasfcwo xa vrmuwd nmvn xpghpy kwwn', 10, '2020-08-24', 64, 36);
insert into ratings (comments, rating, rate_date, product_id, user_id) values ('vxvmj hzqi jkvlmnss no zhypdj hzt etxqsms xm tlozsj fnfc ztjhjp nosw', 6, '2021-10-06', 84, 38);
insert into ratings (comments, rating, rate_date, product_id, user_id) values ('dznuc thug hlswzkrk sw mdrqxc xwr csdtprf rn fmorgv dqgr rdefmk hgtq', 3, '2021-03-03', 17, 16);
insert into ratings (comments, rating, rate_date, product_id, user_id) values ('sjkzw yvaf vfgaetjs dc qadwjn plh ehlfdip xg hopihf drgq rqfbkn diyh', 10, '2020-08-13', 32, 50);
insert into ratings (comments, rating, rate_date, product_id, user_id) values ('zhxcn cbrv mefzpfur yg uqyztv jfd oqvoood tk xmvncj dqpo lhdudf abop', 4, '2022-02-15', 46, 25);
insert into ratings (comments, rating, rate_date, product_id, user_id) values ('qlmyr upnf nqwibsax cf lvynkx bcc usatwfm fn bxasgb xyms mxzuoa xwft', 7, '2022-10-25', 80, 13);
insert into ratings (comments, rating, rate_date, product_id, user_id) values ('ypvtg hnqt rjkvtbvp re vzwwhk cdf ffrmbix pv ipvbfj vxhk pgfeyy ujbs', 8, '2021-09-15', 35, 20);
insert into ratings (comments, rating, rate_date, product_id, user_id) values ('foqax pryh fbihdbzi dq cjgllr mmb gquvkaa qv uqrajr jlut kjpxvp qflv', 6, '2022-02-21', 75, 13);
insert into ratings (comments, rating, rate_date, product_id, user_id) values ('sukzm ycbs oolmdodk mk hoykic hut ekwggwm tg dfneli bxrd keaxhf qaqq', 4, '2020-09-01', 71, 7);
insert into ratings (comments, rating, rate_date, product_id, user_id) values ('mabdo szvz rvdecstr fi snwsmw vil bpncxwy nv rooacy cehn mrywit yksa', 9, '2021-04-18', 52, 31);
insert into ratings (comments, rating, rate_date, product_id, user_id) values ('eakta vuoh powfooce zd egctnh joi ajbrvhn li sfpyvf gchp ccjbna hypw', 3, '2022-07-27', 13, 15);
insert into ratings (comments, rating, rate_date, product_id, user_id) values ('jfjhn tqfy qieswpow fi aycxza bds asupopx zw uphdzl ktts gdzvue rwcb', 4, '2022-10-21', 41, 21);
insert into ratings (comments, rating, rate_date, product_id, user_id) values ('bvxty szwc xtlkkrbd yu ivugyu stu ybvkrjs tq soxosr cozb fdaqfs tkge', 8, '2021-12-10', 65, 43);
insert into ratings (comments, rating, rate_date, product_id, user_id) values ('lvyac liid nocitrox ps egttao wrn lflldes ez celapp njrw blacii flby', 6, '2022-03-01', 44, 32);
insert into ratings (comments, rating, rate_date, product_id, user_id) values ('tpwlf qjow vkipiwjn sn sceaqb tru grpsxxp lw vjewii mxhr rmtxqp rjep', 4, '2021-05-22', 86, 19);
insert into ratings (comments, rating, rate_date, product_id, user_id) values ('dlukj zfif zqzfikgr os qyiyyo wzy zvdkgjq dt qqjcdg qskg duihrd pltm', 10, '2020-10-11', 83, 17);
insert into ratings (comments, rating, rate_date, product_id, user_id) values ('mppem ldoy qoaqscxx bf pbkiyn kpx yquvjwq ij ghiolv lwfl byscdi bysq', 5, '2021-11-13', 77, 49);
insert into ratings (comments, rating, rate_date, product_id, user_id) values ('rbcpp grhq womylmph fv adxikf pok grckaoi yj ajteqq pdva xdhiyw wggk', 8, '2022-03-25', 37, 44);
insert into ratings (comments, rating, rate_date, product_id, user_id) values ('esnxt rgwo oekyoglo er vujkgt hay loghdxw sh bvgwvt cgbj yiftkk qwcz', 3, '2022-06-30', 11, 7);
insert into ratings (comments, rating, rate_date, product_id, user_id) values ('dgvsw douk mmazcyud dx rwsowy zcy mbpakph ge sbxama ukkw vsosmz xaau', 7, '2021-07-02', 9, 50);
insert into ratings (comments, rating, rate_date, product_id, user_id) values ('vexxl rhxe fvcfftoo xe gwmpnp prt vonhanw py pqhhft zhhn jxhlqx kvkp', 9, '2020-05-31', 46, 15);
insert into ratings (comments, rating, rate_date, product_id, user_id) values ('nrnvu orai lgxuppdo gu hvkewj ywg uhiucch tr kibrsp yzee wtvbsf mfer', 1, '2021-09-09', 31, 42);
insert into ratings (comments, rating, rate_date, product_id, user_id) values ('zuzqw ndyh turgsmse kr sjdtbh mer rzxduru jd urhsse asbt wxnvxu nyna', 5, '2020-08-01', 64, 1);
insert into ratings (comments, rating, rate_date, product_id, user_id) values ('quczq anyh cxgmpbot lm lhrwzw oeq ukdmgtz yw rqjham ymku lsiphd wthb', 7, '2021-07-24', 56, 50);
insert into ratings (comments, rating, rate_date, product_id, user_id) values ('qdoxa fzyw lbwnjcok jf enboob vqd rjsglmq fl rdvfda ytvc vjrdvn cwqh', 8, '2021-03-22', 12, 42);
insert into ratings (comments, rating, rate_date, product_id, user_id) values ('jiiud ajpw phwewiqa zq irzonq dud vnxzghp pv xwnwnb wjbx mvggna ljii', 2, '2022-06-11', 21, 34);
insert into ratings (comments, rating, rate_date, product_id, user_id) values ('amolx vjnx pfcvheix fs qfhmba mrx uocftle nc wtorjv syir iglumt gqcg', 7, '2021-01-15', 64, 18);
insert into ratings (comments, rating, rate_date, product_id, user_id) values ('wrpzr dyam uohcffxf sm zjqzrf bfu hltoqnx sl ozfnas ccbt hxoxdx zjma', 6, '2020-08-02', 43, 13);
insert into ratings (comments, rating, rate_date, product_id, user_id) values ('wlxhj ylzb drvpzqsg qf flztfw wxf mgkmfik ux qupofg gyiz xomesu cowc', 1, '2021-01-12', 90, 7);
insert into ratings (comments, rating, rate_date, product_id, user_id) values ('gmmom nphj gfkusiga gq qftafy hbj uspnick xj rrnxvm qlly thnoiz zhsi', 9, '2022-10-15', 2, 3);
insert into ratings (comments, rating, rate_date, product_id, user_id) values ('xvifo ofvr ikigcnqz hy pkswyd pdb nsgyagj na yksray hydz yziroz lxlc', 1, '2022-06-01', 24, 14);
insert into ratings (comments, rating, rate_date, product_id, user_id) values ('ocxyp qjiy ehcxkqdz uq ugieva fmr ckbhofm hh cukatx jjcf ipkcna nxbv', 7, '2020-11-18', 27, 48);
insert into ratings (comments, rating, rate_date, product_id, user_id) values ('gynlw jevt sgczquqd ff jsumwh wwl rzvneqs ow iuuohz sorm yyglbz znvm', 2, '2022-10-19', 43, 3);
insert into ratings (comments, rating, rate_date, product_id, user_id) values ('qgxxc kpcl ffwaadjp nk tcsbmb qwx gofnrxs gf ydjdrr xwcn tnphsg hull', 4, '2020-11-13', 36, 9);
insert into ratings (comments, rating, rate_date, product_id, user_id) values ('rfyli oirz fjtrerap ux zoueug tmn wjmtlha pn qzxhur yota eogmmv dzzg', 5, '2021-09-26', 65, 19);
insert into ratings (comments, rating, rate_date, product_id, user_id) values ('srljv knmu zthhducz qb itfyim gzi ztbaorj ld pzncqk dykq tcndhc alhn', 9, '2020-12-15', 58, 35);
insert into ratings (comments, rating, rate_date, product_id, user_id) values ('qzuct pgkv xbgbntvh pt kqckcg spo hugtdgt px celtes fnzf xcwutn rbao', 7, '2021-09-28', 53, 27);
insert into ratings (comments, rating, rate_date, product_id, user_id) values ('kowbv tpwb voebbayl lx bshbuc isu shzbejp dn smimup gvst qwxryy qdnp', 9, '2022-05-20', 37, 42);
insert into ratings (comments, rating, rate_date, product_id, user_id) values ('uumdy hhvu pxiobdgh ki jbnwom hyz ztkmirr tp goritl lgyd rdhjxc fciv', 9, '2020-11-02', 41, 8);
insert into ratings (comments, rating, rate_date, product_id, user_id) values ('skvcb tnfq wcxoouhb zn qkspsv izx rfvomly la bnrlkd abct gjmmhu joqa', 4, '2022-09-01', 55, 26);
insert into ratings (comments, rating, rate_date, product_id, user_id) values ('mmqnu jdrb imrcgcln fl lbfgvj jvb nlzkopc zc grldhr cmaq sbciel ujly', 9, '2020-07-04', 70, 3);
insert into ratings (comments, rating, rate_date, product_id, user_id) values ('agddg iobg vifgkvik cs aboryn wrc tsbjpbp aa ewyefq rqvv fwivuz nfct', 5, '2022-02-12', 53, 16);
insert into ratings (comments, rating, rate_date, product_id, user_id) values ('ihqfd pwhn kvexncix mr fxxued req jvqqlpr wt ldvwpb dyyp wwochm nsxi', 10, '2022-08-28', 39, 24);
insert into ratings (comments, rating, rate_date, product_id, user_id) values ('bycui fibj ilcatvca uq xsxfco pik iwgrxxx nz zodmzc wimf meqmyj olsr', 8, '2022-04-08', 70, 4);
insert into ratings (comments, rating, rate_date, product_id, user_id) values ('fkkfz qffy apohjcsw zm fvrlbo jfd mizfncw zp sptypo uusa pcooxj xtpq', 3, '2022-05-25', 14, 32);
insert into ratings (comments, rating, rate_date, product_id, user_id) values ('fcccl vbbv rlggfzma fn fjrroj thb ekezkez wz fonoee jjei hjqumt qyjo', 2, '2020-08-18', 18, 6);
insert into ratings (comments, rating, rate_date, product_id, user_id) values ('oofnh scse tnitvchp ii pmnxsx kun xllcxxz st fcmjup qqag vrvxfi mykc', 8, '2020-10-20', 49, 18);
insert into ratings (comments, rating, rate_date, product_id, user_id) values ('uwlvc eazc wjzcrdft rp hjaorj yyz ffhjepg wz sypocy qtos bgtwlp qoyf', 1, '2022-07-27', 8, 32);
insert into ratings (comments, rating, rate_date, product_id, user_id) values ('nkcyn jidx nleordmy lt rpqfae fcq bvcxubu ms ndvkot urea lvvdqp odwx', 10, '2022-08-07', 1, 28);
insert into ratings (comments, rating, rate_date, product_id, user_id) values ('mrcyv rbxw fhbrsziu iy ghzhjo ulw defxuhb ji krkrdq giyi xtvnrl pbjh', 7, '2022-11-29', 31, 8);
insert into ratings (comments, rating, rate_date, product_id, user_id) values ('ybvfq tcrs dnqvuryd af lxqhuh lyo tmjdajm bc liamea qjpa ashwhp zteh', 6, '2021-06-26', 68, 46);
insert into ratings (comments, rating, rate_date, product_id, user_id) values ('kyjvq bjzu ezcoqqye im qvzeqo ysu glhybkx aa atsoua njlw dpjhqg vcud', 10, '2022-08-06', 59, 2);
insert into ratings (comments, rating, rate_date, product_id, user_id) values ('qdfpv fnez ptyzhcmx ff ugcrqw pzm acnkjiw ui hzpckv mtmw djkjut sito', 7, '2022-11-07', 43, 15);
insert into ratings (comments, rating, rate_date, product_id, user_id) values ('iuvxb ruov pcadbcxu zn dsuopx nii npwtcjr jr voqpej zegn ifkznp mgyv', 3, '2021-08-04', 75, 19);
insert into ratings (comments, rating, rate_date, product_id, user_id) values ('mqgda wvvf tkykbsnc ae nwlfrw quw nqvujnk sh jopfdl kouk dvompe ivws', 10, '2022-09-29', 83, 21);
insert into ratings (comments, rating, rate_date, product_id, user_id) values ('ifnot tuqf xoqvnrcw ls dezjjp kmq jupeffv ww yamock gkcs utndjf wvfu', 2, '2021-09-25', 45, 1);
insert into ratings (comments, rating, rate_date, product_id, user_id) values ('qbnxq azsk bmhovzqv sv qoqyks dve dtsihlu kw sctcxv srvk qixzsw rkrd', 4, '2022-05-21', 77, 38);
insert into ratings (comments, rating, rate_date, product_id, user_id) values ('rasjh hrow xhlzallp op fpfhnm aai snshyik ne zbzkqw gtdd eqcnwc sely', 2, '2022-11-30', 17, 28);
insert into ratings (comments, rating, rate_date, product_id, user_id) values ('lullx cxup mglaswha wk nyoeew kbd glganio bn qqwdku uidg tjarfj igwm', 9, '2022-06-18', 71, 37);
insert into ratings (comments, rating, rate_date, product_id, user_id) values ('ugjln mowz acthigdp ub krjqqf wls cbjkalq wm kklsqv madu waqopv unyw', 2, '2022-09-04', 27, 42);
insert into ratings (comments, rating, rate_date, product_id, user_id) values ('zvwme fudq akijoukw fo yjbiip yqh bqnkbvh ak efpgrw jmve tbvvcy oclk', 2, '2021-01-26', 7, 50);
insert into ratings (comments, rating, rate_date, product_id, user_id) values ('knfzq cmir qpqbxjlj su luhwzr bnk jayfhfg rg ovcpqf duvq msximz xwkm', 6, '2020-08-14', 13, 37);
insert into ratings (comments, rating, rate_date, product_id, user_id) values ('sxzyz zqtc indnfnam jv fylyzb mfr ukjqqvw eo lcewtx kbya rdvaul aoav', 5, '2020-03-18', 49, 13);
insert into ratings (comments, rating, rate_date, product_id, user_id) values ('rxqhw irjc wivgqgox uw qjiyzk yua fpwlvqd im oopawf enav cyxilf xtpq', 6, '2021-12-09', 59, 40);
insert into ratings (comments, rating, rate_date, product_id, user_id) values ('zlkqi vpyc scoarnzy qt tljkjn tti czxxuhg gs vprxdt hfee pluwlm uytd', 2, '2020-10-14', 26, 16);
insert into ratings (comments, rating, rate_date, product_id, user_id) values ('jxryn gmgx bxmmfamj cl eomwvu kmm wikfkhg cu xuwrtz jvwa jfkafx byvf', 6, '2021-06-06', 68, 2);
insert into ratings (comments, rating, rate_date, product_id, user_id) values ('vvoli yvjm mryzgrma dl dahgfx krf obvlnfl xq qfnwwz asna omjwar xtio', 5, '2022-10-30', 85, 29);
insert into ratings (comments, rating, rate_date, product_id, user_id) values ('wlzpj mdmi ezyqzevm lm hwvfku dal gcyrqqt vi lqgjsx nbni owcwgg xuod', 2, '2022-06-21', 15, 19);
insert into ratings (comments, rating, rate_date, product_id, user_id) values ('acpge gihy qtijekfq ld ktxusm pla zfgrtnt xp xnubzr owez ggbzqq whfn', 4, '2020-11-05', 14, 2);
insert into ratings (comments, rating, rate_date, product_id, user_id) values ('uvici xdfi knicradw us nniufw kdp gxadxbg dg xfizlq sjeo qnlsby ejge', 9, '2020-03-24', 14, 7);
insert into ratings (comments, rating, rate_date, product_id, user_id) values ('esekk pudi sijydwuq bf mzrnyj owj qwvatvu oq strdce prju heibpy qmtz', 6, '2022-09-30', 63, 35);
insert into ratings (comments, rating, rate_date, product_id, user_id) values ('iovge wdew sgoushpf ph opciax xpr pduzplr jj porpuo fglx kbdazk dhuc', 8, '2020-05-24', 66, 26);
insert into ratings (comments, rating, rate_date, product_id, user_id) values ('qoaer bvjr dmkpythc zj lrdeks qpu kexgics vh eqbzqg akfi efsbuc mcol', 9, '2022-06-10', 28, 7);
insert into ratings (comments, rating, rate_date, product_id, user_id) values ('prhzb bwvw ebiwsbib uh myhtic fph ivwyicc sx uwmtgc cmku ciwpve qgjb', 3, '2022-05-29', 39, 35);
insert into ratings (comments, rating, rate_date, product_id, user_id) values ('vqrmd zely rcclqgyk by eynalf ndc ctltqsd ge tipljq sapm hodavy zffu', 6, '2020-03-25', 52, 29);
insert into ratings (comments, rating, rate_date, product_id, user_id) values ('boiya marv nvcwczey vt gcavmn xqt saredik oj izqmoj zzxd zeiosz uosb', 1, '2020-09-02', 12, 6);
insert into ratings (comments, rating, rate_date, product_id, user_id) values ('qegzw mapp vfsmclkz js sxxfta pwi yjnlwbl pd urhaik qxla mdxfmi srtt', 9, '2021-06-07', 21, 38);
insert into ratings (comments, rating, rate_date, product_id, user_id) values ('ehfsj ylxr hxeybpoi dl meywps szw ajnxvag uu khgukb ljed keovta kfar', 2, '2020-08-03', 14, 45);
insert into ratings (comments, rating, rate_date, product_id, user_id) values ('fzyov qjvo ytogpsci dj jixxcj xtr xqkzgqd fa xwdujd urhg qgfqpm yfep', 1, '2020-05-29', 33, 47);
insert into ratings (comments, rating, rate_date, product_id, user_id) values ('cukoo bxsh vcgseksp oq dvujew bzv dpcxvqp hy tkokpp mihx whfevg mgjr', 3, '2022-06-12', 70, 38);
insert into ratings (comments, rating, rate_date, product_id, user_id) values ('vdqir wlzj exazaszw hz faytkk fos vpfhnfx wt fopzce rfsr nwgkky yviy', 7, '2020-10-16', 50, 14);
insert into ratings (comments, rating, rate_date, product_id, user_id) values ('dgblu auqt hjvgnivz ax fisknx fat cfezfsm vt xgfnwe ctno euqpzy wqzh', 8, '2021-10-05', 33, 50);
insert into ratings (comments, rating, rate_date, product_id, user_id) values ('quqhu fnct ypcvdpud hq txpows tae tgiqswl ki btldwz rbui eknpey xfmw', 3, '2021-02-18', 35, 36);
insert into ratings (comments, rating, rate_date, product_id, user_id) values ('ydxjn uvmt vopcgmzz pf xxlrih zcj bvkpomd dl nqqffq oueq thzmth olva', 9, '2021-12-20', 48, 41);
insert into ratings (comments, rating, rate_date, product_id, user_id) values ('pfnvh iprv dpiketbi ky nyqdpw fpo phukfjn uw cowafq pnsi prixjp mccl', 3, '2021-12-30', 52, 12);
insert into ratings (comments, rating, rate_date, product_id, user_id) values ('ehgqt ttuj kvfriojg np pdancl xvh cppkwry jc qwejti vxso jybwpp riba', 7, '2021-08-28', 38, 7);
insert into ratings (comments, rating, rate_date, product_id, user_id) values ('zjfie fjdm jgwftlbk pc dufkta ngf pgdogrq jl yjxuck caei iojldh oelz', 6, '2021-07-02', 2, 50);
insert into ratings (comments, rating, rate_date, product_id, user_id) values ('wdnef ogie fphihlhs lh ahzgiv iew ybdswqe ws jclrpc xzpo qqlres jjyd', 2, '2022-01-16', 83, 24);
insert into ratings (comments, rating, rate_date, product_id, user_id) values ('kimpb alac rvivsotq ww ycseak hcw vweghco ie krafxx qnef qfilup kxbl', 3, '2022-12-08', 36, 20);
insert into ratings (comments, rating, rate_date, product_id, user_id) values ('bwair xxtf vrwxdcim je gvjrxk uwl fvflkzj hv yjlgsz cjey avbaza euou', 2, '2022-02-05', 31, 26);
insert into ratings (comments, rating, rate_date, product_id, user_id) values ('cwaij iytg lpkdexqb xr lyrnsy shk bsgghko tx fokphw ontb konzoh shla', 10, '2020-07-29', 46, 40);
insert into ratings (comments, rating, rate_date, product_id, user_id) values ('uenzj gdlv bbycczgj eu zknnlv yzq vfxiusb wt tfchup yqyg uwsfgj nwpx', 4, '2020-08-16', 48, 23);
insert into ratings (comments, rating, rate_date, product_id, user_id) values ('ecpph bhsx nlonuumf bh jauaeq zzv bsmiqmz zi ujwqqz ecvn cwyvbt aplw', 5, '2020-12-22', 20, 31);
insert into ratings (comments, rating, rate_date, product_id, user_id) values ('uyyuz lbas fdahksuj yq ygtmpl hev yaiczbx bf ipfbnf odiv uppwnz hjii', 3, '2021-12-28', 45, 45);
insert into ratings (comments, rating, rate_date, product_id, user_id) values ('yxunk kefm lskzhnma kf lhzjlr kdn jqnuhhq ae ecnsze wbab cqqotu elqz', 4, '2022-01-29', 29, 33);
insert into ratings (comments, rating, rate_date, product_id, user_id) values ('hqtxq kwzw hscvdxbf tf chkmbi yyk baxvlcu tl zwdspq zrvy juqdjg kjcz', 1, '2022-04-07', 8, 10);
insert into ratings (comments, rating, rate_date, product_id, user_id) values ('psvye gfpy ckznwwou wr vhybql xwk kcmapfx kq nqpkrd xvyd dfkzjb qrle', 10, '2022-06-20', 5, 11);
insert into ratings (comments, rating, rate_date, product_id, user_id) values ('luplw vtkl xlddcpwi cv pxjsnk bmu hhtimlc pa pmazic wejm ubjdqc ulwg', 9, '2020-10-06', 75, 26);
insert into ratings (comments, rating, rate_date, product_id, user_id) values ('yquzn yqtm zwlwdvnd ql glvguh fri ceoveem ax thmyaz eqjt jdsotn jhce', 10, '2020-04-04', 83, 36);
insert into ratings (comments, rating, rate_date, product_id, user_id) values ('adggn lqmr yvzqeyud pt hfvwgy lgq winfhpk jc jifvhh qmvh xsyydp stbo', 7, '2022-07-02', 61, 22);
insert into ratings (comments, rating, rate_date, product_id, user_id) values ('rbejy qoix qzfhcvuc rs pioiwz ulj lbtajrw vh vvtykh dhxh vmhenu xoyn', 6, '2021-10-19', 16, 3);
insert into ratings (comments, rating, rate_date, product_id, user_id) values ('kpqgi qbav ieuclfxt lk nznrei piq ajdsnlu bh dootku lciw bkzenx cddx', 1, '2021-04-15', 66, 3);
insert into ratings (comments, rating, rate_date, product_id, user_id) values ('uqjrn hyzw xpcrnaxj fp wozgxh slb ogyftog ck upcvej mdeg fikniz dazb', 5, '2021-07-28', 66, 34);
insert into ratings (comments, rating, rate_date, product_id, user_id) values ('vwkfk zudt wtgywmam gz mubdgp zxn mjpojrf cq crtyxg unqy iabyvp rsdz', 10, '2020-05-23', 28, 36);
insert into ratings (comments, rating, rate_date, product_id, user_id) values ('lyuox iyzl pknislow py sujzus txd sjmdpdk ov oduehz btuf lxihlr qepm', 6, '2022-06-04', 80, 36);
insert into ratings (comments, rating, rate_date, product_id, user_id) values ('itewy awxw ngydmpxi gl dftnmr jdd gawffdy zi zfmbnb viso mqlvag lvke', 9, '2022-09-12', 72, 1);
insert into ratings (comments, rating, rate_date, product_id, user_id) values ('xuesb hwje qkrocnac lu ayhetr wch pppzbqv ke yekkam iqqe ijxvvp dlwa', 3, '2021-07-24', 30, 41);
insert into ratings (comments, rating, rate_date, product_id, user_id) values ('mvmpl kweb aiviwpqj tw ebxjpu egz denjubm ul wyueyd acyx tixguc igbx', 7, '2020-11-26', 28, 27);
insert into ratings (comments, rating, rate_date, product_id, user_id) values ('pnnix ndet ahimlhhk po cjhavj qcs lezyxwi it jxaarr xgoq wvdzte fiug', 3, '2021-05-20', 40, 23);
insert into ratings (comments, rating, rate_date, product_id, user_id) values ('sxegt wtjd hfhqiwep rw mzvtxf hzs zsqnjzg vg yonvwv pvoo awtxrl mjme', 2, '2022-11-22', 32, 34);
insert into ratings (comments, rating, rate_date, product_id, user_id) values ('psrfg emba ceuxklzf ir cuyxdr xny amrioxx lx zazwwb mzuh akntsh lsjw', 4, '2020-11-25', 80, 4);
insert into ratings (comments, rating, rate_date, product_id, user_id) values ('fugbv qpmi fomojcbd ob nirhhk kwx ypfcfme cv spinvi dsjm xbtywn ompr', 10, '2020-04-11', 70, 43);
insert into ratings (comments, rating, rate_date, product_id, user_id) values ('yyluq kwrc usggupqt dh pwwmjz cho rvweocw di rhdmkl zvkz vggytw yhkm', 4, '2020-10-11', 10, 18);
insert into ratings (comments, rating, rate_date, product_id, user_id) values ('hyfpi ingg lsqukoeg mi jhehsa wen vosdmun uh ujyiov nlaw peuqah ycnx', 1, '2020-09-19', 77, 7);
insert into ratings (comments, rating, rate_date, product_id, user_id) values ('jdose ebtt ymjdadnf uj ulmguw qon htftweg gq zzpzla xjkp lfbcfz pxjb', 6, '2022-02-10', 51, 48);
insert into ratings (comments, rating, rate_date, product_id, user_id) values ('ffvbq eqcv dvtzgcex dh hcziwc jpf eoionsh ep gfpeqy mbwe kdpezh gnse', 1, '2021-08-15', 72, 38);
insert into ratings (comments, rating, rate_date, product_id, user_id) values ('rtxoz przi hrmwehag qo ugndvt qoo xzznvzp qy zfdyyw clrp fueltg fzla', 6, '2022-06-18', 70, 15);
insert into ratings (comments, rating, rate_date, product_id, user_id) values ('bihcd nvtm ogwwrups gx quiqvv vog auqxqrd jc kuhpmp hzoq igixau szoo', 10, '2021-04-22', 39, 33);
insert into ratings (comments, rating, rate_date, product_id, user_id) values ('zndwe mdxo ctfpfpdx vx xuhstd ocn mpoitch ma aaotvt cgdk yqnoaz aegb', 6, '2021-11-25', 9, 42);
insert into ratings (comments, rating, rate_date, product_id, user_id) values ('nlwll jchl odkqptoe gi xlwvbv srx hbfdwhl gl phyash mywc zbjmff lnme', 6, '2021-06-30', 29, 14);
insert into ratings (comments, rating, rate_date, product_id, user_id) values ('exgeg fpfz plgzkvwl qi unabhc mel uvtdyoi uc vdffcy babs hgwnhk ducq', 2, '2022-01-14', 41, 30);
insert into ratings (comments, rating, rate_date, product_id, user_id) values ('wkqwa ytjy qihpwbdq sm lvabhs yur lpuqdto ml jgzybg uczg jweujb xpbd', 7, '2020-08-22', 69, 40);
insert into ratings (comments, rating, rate_date, product_id, user_id) values ('lucbk vsob tbkhefac ai tvqdkm jkf vasgcub fa sxzdqk bkxk nfaljn dfvn', 7, '2020-07-17', 51, 22);
insert into ratings (comments, rating, rate_date, product_id, user_id) values ('ebndo tmzd ctzoowha gx aqngjs ijz ojrlkoo bn brhyxy tlpb lxpmbc khji', 7, '2021-07-27', 31, 37);
insert into ratings (comments, rating, rate_date, product_id, user_id) values ('xtxss htjm dzpnxlob nx gwqtbf xaf bsdolzc ks zgilcy irgr owtnid lqbf', 1, '2020-12-07', 27, 9);
insert into ratings (comments, rating, rate_date, product_id, user_id) values ('frkjs ghwo nesclcxz di plrdve jhv ghbpeke tv htprtf xbfm vlbzhf muox', 3, '2021-09-16', 32, 44);
insert into ratings (comments, rating, rate_date, product_id, user_id) values ('tlura aigd katbzmnz wd ptwwfm hxt zxhwhhk gp hektiv xwua cnlikd lslb', 5, '2021-10-12', 55, 33);
insert into ratings (comments, rating, rate_date, product_id, user_id) values ('lykzf aemj regqicjg mg wyzbax sxy myznrlv pl ecyprt qpdk dxpgij sndl', 9, '2020-11-24', 42, 18);
insert into ratings (comments, rating, rate_date, product_id, user_id) values ('bbjuo ozmr qffctkpo rx zcghsf ipi wjnxwqm ko clheng dnwf kjrjdd yhys', 3, '2021-11-30', 10, 13);
insert into ratings (comments, rating, rate_date, product_id, user_id) values ('xnwmw nldh xyrrzyss bs umbwyf pgl finaqxk fp ttjdye eytg kzzjgp tblt', 7, '2021-01-11', 54, 34);
insert into ratings (comments, rating, rate_date, product_id, user_id) values ('kfhoj sxxp wmtxnugq fd klsxlh txf yjrsiux kn doirha kvsk buvavg lzah', 1, '2020-08-05', 17, 25);
insert into ratings (comments, rating, rate_date, product_id, user_id) values ('nueua qgep sicgifje gg pzhejd thh vnacrcm bw kxdlap qhlu zbxbfg qdkh', 6, '2022-03-01', 76, 34);
insert into ratings (comments, rating, rate_date, product_id, user_id) values ('gkzey xtuw gjiidcsi xk qevjdc ekj wktlxai qq yxrckw vfac enfgyg eoyo', 1, '2020-10-26', 37, 21);
insert into ratings (comments, rating, rate_date, product_id, user_id) values ('madko dopa afvhnmyt dc hunzdv ari idmiqfu rl pllswh pjjw unqzig oahe', 7, '2020-11-07', 51, 14);
insert into ratings (comments, rating, rate_date, product_id, user_id) values ('cwqeu skru kiqntuuy jo adrfvp wkt yvscjhg yx vvadbe ords srgatj utyb', 8, '2022-01-20', 72, 28);
insert into ratings (comments, rating, rate_date, product_id, user_id) values ('ebbbw fnmz jzuzmwny cy mspxqn ebj mjnldlh jh vjmvml tkjg cyeexc sqec', 4, '2022-08-10', 31, 20);
insert into ratings (comments, rating, rate_date, product_id, user_id) values ('sxvtg deko grakmdhw qb zyaivg bmt rkywgtb aw ctxiac zrtq netbgf mlus', 7, '2020-11-18', 26, 38);
insert into ratings (comments, rating, rate_date, product_id, user_id) values ('srpcc skpm buxypcnu xf qstsyr iqo pzbtgdy am tvznyt soxt iltwti gaus', 9, '2021-04-09', 30, 37);
insert into ratings (comments, rating, rate_date, product_id, user_id) values ('xnhsg tsyg gnsvecjm sb fflorm qmf svdqklv bt jqghgj hxmg tmqqge dqxa', 1, '2021-12-15', 80, 43);
insert into ratings (comments, rating, rate_date, product_id, user_id) values ('efpqe jflx pbdgeqtn sr widqwb vkd aulqths hg nrorsu kfgh kdhxuo dpzc', 2, '2022-09-03', 19, 39);
insert into ratings (comments, rating, rate_date, product_id, user_id) values ('kejqp ymgc ubzxceod di pyhtpw dya beddgfc zu hghglf xgld gbvupj kvuw', 5, '2022-02-15', 14, 3);
insert into ratings (comments, rating, rate_date, product_id, user_id) values ('myrzw rkyj kntvgrdb xt jyepnz ppl giawhef gj mtjocn debg jcouqw vnxi', 5, '2022-01-13', 44, 14);
insert into ratings (comments, rating, rate_date, product_id, user_id) values ('txxqx sail nbugnish fp xeebiv zdx vdfcpwb to lgtzpu dtyg gzuwbp hxzk', 5, '2021-12-17', 7, 44);
insert into ratings (comments, rating, rate_date, product_id, user_id) values ('ykedw ouxh whckgmdp ie nottqe mwh wxvdvfm ed vevdrb tjbg gslvmi pxvj', 7, '2020-04-09', 23, 7);
insert into ratings (comments, rating, rate_date, product_id, user_id) values ('nxgkb ustl xejxqpny xw hgtutl nyt whrlxya my rfzoao rvpa zcciod oyyt', 6, '2021-02-26', 66, 11);
insert into ratings (comments, rating, rate_date, product_id, user_id) values ('tnyvd lsqs hfusbvjy ne dmkege qtp rtqzlrb xe wuzfkx mutq zjsihq jmuu', 6, '2021-03-19', 15, 1);
insert into ratings (comments, rating, rate_date, product_id, user_id) values ('ivszo dvyi oykkcrlm ib vbkgfu jvb tgcqnle aw gnvhmv mjfg zuttzz ybro', 5, '2020-05-11', 53, 8);
insert into ratings (comments, rating, rate_date, product_id, user_id) values ('cbwsb wgtf ginqomcr rx mpcwib yoq zojxysv qj ehygdm spxl yupkkt uaog', 2, '2022-02-07', 25, 45);
insert into ratings (comments, rating, rate_date, product_id, user_id) values ('vylof iqcx tdfwjonx ga edmgcr fmi nrkxwvi fg ugoeyq giwt ygwxqv cabt', 1, '2021-02-03', 53, 46);
insert into ratings (comments, rating, rate_date, product_id, user_id) values ('kkwbx jqow cuzmytwb xr fxkpil nsj ydptxnh ps afyqhs nehc zcsyti pqba', 2, '2020-12-16', 69, 7);
insert into ratings (comments, rating, rate_date, product_id, user_id) values ('ogdqw iwed kkwvakhm xu npbixl xux pztsxuk pt ttcgla earr tjytqt qshi', 4, '2022-05-21', 21, 31);
insert into ratings (comments, rating, rate_date, product_id, user_id) values ('omiwa kxwp lxbspdbl ie wtayqf ntn bjrwabf kw unyywz ggoo lbgfet raps', 5, '2020-06-07', 31, 50);
insert into ratings (comments, rating, rate_date, product_id, user_id) values ('lvlsm voxo qcnmwudp ye eswiwh sxd cmdyxkv mn jsekca qrks qyhkao vfuc', 7, '2020-03-01', 9, 43);
insert into ratings (comments, rating, rate_date, product_id, user_id) values ('wsfqq vrig gmpoicrt sm giptmy rkl mhiuvwe ok dqyqdu izcl yzirqa wumw', 2, '2020-11-06', 12, 17);
insert into ratings (comments, rating, rate_date, product_id, user_id) values ('vbtbm hgwe nwfqggst gs aagtmi rzy qilxleh bx uzyrio kcdi kduayh fexl', 5, '2022-09-28', 69, 3);
insert into ratings (comments, rating, rate_date, product_id, user_id) values ('wrplg ruma dvegqips ul hwqzzu bal kdqsyyt mo gwaojz vsia bhgoes ogwx', 8, '2020-03-11', 54, 49);
insert into ratings (comments, rating, rate_date, product_id, user_id) values ('nqujv owpu qsogtyfb hm qyhlrt xhq hkjvurk hm arqtsw cjlp xxfopy wenj', 5, '2022-02-16', 58, 47);
insert into ratings (comments, rating, rate_date, product_id, user_id) values ('gucao ajqf mlfrynrt hk fkwueb jue dyykwau yr gqbstf uqrx bolamr zvyu', 9, '2021-10-14', 15, 17);
insert into ratings (comments, rating, rate_date, product_id, user_id) values ('hlwxp piej litcjxwm qd bsfrjq kxr bkalaem ok przylv anps vlzxza qrdl', 8, '2022-08-23', 25, 38);
insert into ratings (comments, rating, rate_date, product_id, user_id) values ('kktak zrcz uoxibguo nk yflwhg hlh upgcklm si smssjh uofw ghuwxw meob', 9, '2021-03-01', 82, 10);
insert into ratings (comments, rating, rate_date, product_id, user_id) values ('dmges mbkz zrgkcldk vj mphrlv paz ridexvp iy kxculv slad xeosrx wbjs', 9, '2021-08-08', 90, 31);
insert into ratings (comments, rating, rate_date, product_id, user_id) values ('jyqxi punx ulpnxffo gd ujfkqg igc zupisbp il chbgab kluk itksqu doob', 2, '2022-03-29', 74, 34);
insert into ratings (comments, rating, rate_date, product_id, user_id) values ('owlyo nzzt hldmspvh ed mmgizx bje dngwlur gk bknmhz fkps bfxdru knnr', 1, '2021-12-17', 22, 22);
insert into ratings (comments, rating, rate_date, product_id, user_id) values ('ayhgo xmci yowfdibd zd qlmoqk wvq ynegndh ct qrewvb tlqy koplbp cdwc', 3, '2020-06-03', 61, 18);
insert into ratings (comments, rating, rate_date, product_id, user_id) values ('csxhf lfyq qerpfygs li awpale iej zkwovns he uobgil hkgh qnaoyq uisg', 3, '2022-10-20', 14, 11);
insert into ratings (comments, rating, rate_date, product_id, user_id) values ('phtsy tfca qgfcreaw om udomia vwk yilohlm xj waqmrt iloe jrolpl abrs', 9, '2021-03-26', 21, 3);
insert into ratings (comments, rating, rate_date, product_id, user_id) values ('ipuli znpb qjibcwhx px jwzguw ekh erhlmar ki euizth arkj vxjxtt gaxo', 5, '2022-04-01', 87, 32);
insert into ratings (comments, rating, rate_date, product_id, user_id) values ('zifgc bgnz dzltmhoa eq puoxje unh zdkmpnf dt cpukxo obru jbwkyl gzfh', 2, '2020-04-30', 45, 21);
insert into ratings (comments, rating, rate_date, product_id, user_id) values ('ssihg xwfb rriwlbqt pc gniopp mdy jgawrrm fy ramhce ymkt zujngu nskv', 2, '2020-08-15', 80, 48);
insert into ratings (comments, rating, rate_date, product_id, user_id) values ('nbcfj ycdf rsleauro kb naufis ncb uvrlvfc wr hyovji hmjr kmpbpw ycww', 9, '2021-11-28', 44, 46);
insert into ratings (comments, rating, rate_date, product_id, user_id) values ('rythz mwtx cqcxciba re vbpmdj ptn jsdvchx lf ommehp ptgw yqupxu flfd', 2, '2020-03-14', 5, 31);
insert into ratings (comments, rating, rate_date, product_id, user_id) values ('ugdlz trao tykhpqzs bw qngjpp rsx ctnzeul ie ywgwhw nequ mlbdes pffc', 9, '2022-06-08', 31, 12);
insert into ratings (comments, rating, rate_date, product_id, user_id) values ('gxxkq tzai jfimgjrp sn iliwzj xoy ssskzhf hg lopihs ampw eyspeq navr', 1, '2021-04-06', 17, 39);
insert into ratings (comments, rating, rate_date, product_id, user_id) values ('xvvnk grgi xemuxokh rz wjmvup vvv hcmrlzy lb kyzljz jhyu okbslr hlcm', 8, '2021-02-17', 66, 29);
insert into ratings (comments, rating, rate_date, product_id, user_id) values ('sxrlz qjel ucblrqnz zv vliksp uzb hmtcagf dh fogxff scvj afngdh yylh', 4, '2022-03-15', 80, 12);
insert into ratings (comments, rating, rate_date, product_id, user_id) values ('fjqhf ehgy mrauyxnu mh byeyhr ets fmmsdyj ak eukazt lnlo ounulk mlgx', 1, '2021-02-10', 81, 11);
insert into ratings (comments, rating, rate_date, product_id, user_id) values ('csscy mzrp oojylzfe vz qhcrek nze flfzped xu eiekuu fhog hqvsmz hoyg', 8, '2022-09-17', 26, 32);
insert into ratings (comments, rating, rate_date, product_id, user_id) values ('fqeby upuw vhprhydq pc wmikcb mzp lligwjf ij kijrtc bayh agdkqx uyvd', 5, '2022-05-20', 2, 22);
insert into ratings (comments, rating, rate_date, product_id, user_id) values ('fplvj synp sumhhcas tj kmaofz ywc djphibt ct uhnxji pwha euhgoz asfs', 1, '2020-03-07', 88, 43);
insert into ratings (comments, rating, rate_date, product_id, user_id) values ('qlyje yhyu poppvvjv bi yhsoam rnu vrcummy fg lmccdu ywlo cjvkob cemm', 2, '2021-04-10', 42, 2);
insert into ratings (comments, rating, rate_date, product_id, user_id) values ('bkqfk mrgw qtakqfow vo vnnbqy tyj ngaoxbu kt mgteeh mwfa jqcjok mhow', 4, '2021-05-28', 59, 32);
insert into ratings (comments, rating, rate_date, product_id, user_id) values ('ftyfh ppal usqwegwc jk ywvmph lhz uusepnb ql mkgeuw vbxh regkop jdyv', 2, '2022-02-23', 86, 27);
insert into ratings (comments, rating, rate_date, product_id, user_id) values ('fyxzj jouu bjydyzys yg nrnfbb rcw tjkkbji no zxmwae dmwu adglls fwpg', 7, '2022-03-22', 45, 30);
insert into ratings (comments, rating, rate_date, product_id, user_id) values ('wjpwg zyye ulsmjwbe sn hqezbw sqv gsoenij sh xlglvg zppd wfchkd rwqv', 1, '2021-05-23', 68, 47);
insert into ratings (comments, rating, rate_date, product_id, user_id) values ('cqjvn tmta zsolnbjp yd ialcbp gtg tuqlrtg ld bmzcqh rijs aupise bpgq', 10, '2020-05-07', 17, 18);
insert into ratings (comments, rating, rate_date, product_id, user_id) values ('znolk ekpt hdltcqjg wa bpxwue lnm icjcdkw bq vgtneg zcmm vlctsf fbnc', 4, '2022-07-22', 83, 25);
insert into ratings (comments, rating, rate_date, product_id, user_id) values ('bjcmu wdsv omslbjbv mw kpocky gsf jzcvkee pg plbsfp duxe udfzfw peup', 4, '2021-07-23', 27, 33);
insert into ratings (comments, rating, rate_date, product_id, user_id) values ('kydqe ovqj nekrqmos ic ccomig szl ygbudpi sk dohgch mrft lgskdf kpkq', 1, '2020-05-15', 52, 30);
insert into ratings (comments, rating, rate_date, product_id, user_id) values ('hemjc pxae uxnqvvwg ma ksyfeu cgh mflerng jq zsjdsb aitd zjnqqu dkfj', 10, '2022-04-08', 50, 7);
insert into ratings (comments, rating, rate_date, product_id, user_id) values ('bhhnx ykno risdhijv du zpcrgk qax qkpepru vu yfftal jijc hcjywg etsi', 2, '2020-07-22', 45, 47);
insert into ratings (comments, rating, rate_date, product_id, user_id) values ('dokqd xctt erqlqluc ue bfrgxd lmv kdbqfvn od moarqt uriz edprhd ehew', 4, '2020-11-05', 17, 8);
insert into ratings (comments, rating, rate_date, product_id, user_id) values ('nkpzl mvrl kgswmnuw lf upafxp sdr cjygkum dx eehpxp fojd zjpiin qnsk', 8, '2021-04-04', 19, 43);
insert into ratings (comments, rating, rate_date, product_id, user_id) values ('jgllo utyh azuntzea ss zekgqg wyr kcolhdy ja uxyfvc vckb msxzlw jacg', 8, '2020-11-08', 81, 41);
insert into ratings (comments, rating, rate_date, product_id, user_id) values ('ygkqg uxrd wyvfqomb dp nyodbo alv elqaocr xn eixhly atrq kydsnj garf', 1, '2022-08-01', 20, 15);
insert into ratings (comments, rating, rate_date, product_id, user_id) values ('lfxus fyvp ykhblpqw lk iebvca nsr hmfskdx tm jfeucx ljyq lmlbdq krno', 8, '2020-08-24', 72, 34);
insert into ratings (comments, rating, rate_date, product_id, user_id) values ('feerz jmbh pxntvpdi ck oxqmlf rqn yafjibc tc grjnsz vpas rpxkzt amgt', 9, '2021-07-10', 72, 37);
insert into ratings (comments, rating, rate_date, product_id, user_id) values ('kxpwk yblc ueojfdla qg yjubgo wct skwbsra zv qnslup ggsa jehcau kaaj', 7, '2020-05-09', 72, 29);
insert into ratings (comments, rating, rate_date, product_id, user_id) values ('qruiv mfhj xrkadtvd od oprcfx kdh imrsoza pz vplxxv fklm fmwjdb esus', 9, '2021-11-24', 7, 25);
insert into ratings (comments, rating, rate_date, product_id, user_id) values ('upgtz mnux xqbjdlkd yi wbxwnm dik hnblevx jk fxuliv iecr dphfhm bwci', 2, '2021-07-05', 53, 11);
insert into ratings (comments, rating, rate_date, product_id, user_id) values ('urqqd uxpd cigclesy bb fxgyzl evv rtlqnmd ds kgphmk ihcy tpowdq cpwt', 7, '2020-06-30', 72, 12);
insert into ratings (comments, rating, rate_date, product_id, user_id) values ('umhwv fuhe apyvlzdu jh mxjwwb abh tbqrsxd ok lehrds hzbj hymikh bheh', 3, '2022-08-10', 64, 31);
insert into ratings (comments, rating, rate_date, product_id, user_id) values ('bgcvs nmtl xhikjice xo dcnbgk lxr xbouvht pm pxlitr fwom cgwxzb iign', 2, '2021-09-10', 30, 35);
insert into ratings (comments, rating, rate_date, product_id, user_id) values ('fyewb cjnk rtyfuhtr ls hcccwp ths jfbtihp ux tkvtxi frxy joknmk wdzj', 2, '2020-12-01', 90, 1);
insert into ratings (comments, rating, rate_date, product_id, user_id) values ('rusvt bxvd xqzmxowc wy dkzmzl mdp zyspgro ra gaoagw uyqe cabkhu qnvg', 6, '2020-03-02', 84, 31);
insert into ratings (comments, rating, rate_date, product_id, user_id) values ('lldiq gfjo vpovkgvt zh spvoxs iwa ubdbdgj tz dnxfcl uiji oditqt mucb', 3, '2021-10-26', 21, 44);
insert into ratings (comments, rating, rate_date, product_id, user_id) values ('rlrep czej mhzikyml cv shhsyu jyn jfobjup kx bnowjw niru fbxkwd odyy', 6, '2020-08-26', 11, 13);
insert into ratings (comments, rating, rate_date, product_id, user_id) values ('tiwfy xfff yvqbyipa ur feueab ciy ziwntcx ht wkbewt sbtm phbuof xnji', 6, '2022-04-22', 63, 22);
insert into ratings (comments, rating, rate_date, product_id, user_id) values ('yzrgb czql wutmekwx ia licpcr tpl cwnxsrk pd grxvad bsuc afqfap feky', 7, '2020-08-04', 39, 18);
insert into ratings (comments, rating, rate_date, product_id, user_id) values ('uuxou jtgx ghnlcxxh oo aqnhoh xlh zpirdbz gy uxlrqx uyiz qjygzh lwgv', 2, '2020-12-23', 88, 3);


CREATE TABLE garden_groups(
    group_name varchar(50),
    id int AUTO_INCREMENT PRIMARY KEY,
    start_date DATE default (CURRENT_DATE),
    leader_id int not null);

insert into garden_groups (group_name, id, start_date, leader_id) values ('Tillman, Dietrich and Gulgowski', 1, '2022-02-05', 25);
insert into garden_groups (group_name, id, start_date, leader_id) values ('Kautzer, Altenwerth and Rodriguez', 2, '2022-06-20', 47);
insert into garden_groups (group_name, id, start_date, leader_id) values ('Friesen, Sawayn and Huels', 3, '2022-07-28', 37);
insert into garden_groups (group_name, id, start_date, leader_id) values ('Rutherford LLC', 4, '2022-02-18', 19);
insert into garden_groups (group_name, id, start_date, leader_id) values ('Runte-Romaguera', 5, '2022-10-23', 23);
insert into garden_groups (group_name, id, start_date, leader_id) values ('Mosciski, Purdy and Donnelly', 6, '2022-06-29', 33);
insert into garden_groups (group_name, id, start_date, leader_id) values ('Becker LLC', 7, '2022-05-15', 49);
insert into garden_groups (group_name, id, start_date, leader_id) values ('Haag-Daniel', 8, '2022-09-04', 34);
insert into garden_groups (group_name, id, start_date, leader_id) values ('Cruickshank Group', 9, '2022-01-26', 2);
insert into garden_groups (group_name, id, start_date, leader_id) values ('Kiehn, Schmidt and Bartoletti', 10, '2022-03-23', 40);
insert into garden_groups (group_name, id, start_date, leader_id) values ('Friesen and Sons', 11, '2022-10-19', 20);
insert into garden_groups (group_name, id, start_date, leader_id) values ('Prosacco LLC', 12, '2022-04-13', 40);
insert into garden_groups (group_name, id, start_date, leader_id) values ('Oberbrunner-Daugherty', 13, '2022-06-19', 39);
insert into garden_groups (group_name, id, start_date, leader_id) values ('Hane-Ziemann', 14, '2022-01-05', 30);
insert into garden_groups (group_name, id, start_date, leader_id) values ('Reynolds Group', 15, '2022-07-17', 12);
insert into garden_groups (group_name, id, start_date, leader_id) values ('Fritsch and Sons', 16, '2022-04-29', 44);
insert into garden_groups (group_name, id, start_date, leader_id) values ('Hettinger, Conn and Dare', 17, '2022-05-25', 13);
insert into garden_groups (group_name, id, start_date, leader_id) values ('Langosh, Kuhn and Schoen', 18, '2022-07-30', 33);
insert into garden_groups (group_name, id, start_date, leader_id) values ('Rau, Braun and Emard', 19, '2022-10-19', 35);
insert into garden_groups (group_name, id, start_date, leader_id) values ('O''Reilly-Smitham', 20, '2022-03-19', 17);


CREATE TABLE user_group(
    user_id int not null,
    group_id int not null,
    FOREIGN KEY garden_groups (group_id) references garden_groups(id) ON DELETE CASCADE ON UPDATE CASCADE,
    FOREIGN KEY user (user_id) references user(id) ON DELETE CASCADE ON UPDATE CASCADE,
    primary key (user_id, group_id));

insert into user_group (user_id, group_id) values (26, 1);
insert into user_group (user_id, group_id) values (49, 17);
insert into user_group (user_id, group_id) values (31, 3);
insert into user_group (user_id, group_id) values (7, 2);
insert into user_group (user_id, group_id) values (46, 10);
insert into user_group (user_id, group_id) values (27, 14);
insert into user_group (user_id, group_id) values (13, 12);
insert into user_group (user_id, group_id) values (50, 13);
insert into user_group (user_id, group_id) values (18, 2);
insert into user_group (user_id, group_id) values (16, 2);
insert into user_group (user_id, group_id) values (22, 19);
insert into user_group (user_id, group_id) values (14, 18);
insert into user_group (user_id, group_id) values (12, 3);
insert into user_group (user_id, group_id) values (40, 20);
insert into user_group (user_id, group_id) values (9, 5);
insert into user_group (user_id, group_id) values (46, 17);
insert into user_group (user_id, group_id) values (9, 10);
insert into user_group (user_id, group_id) values (19, 17);
insert into user_group (user_id, group_id) values (43, 6);
insert into user_group (user_id, group_id) values (7, 7);
insert into user_group (user_id, group_id) values (27, 1);
insert into user_group (user_id, group_id) values (15, 17);
insert into user_group (user_id, group_id) values (11, 3);
insert into user_group (user_id, group_id) values (32, 1);
insert into user_group (user_id, group_id) values (24, 20);
insert into user_group (user_id, group_id) values (23, 5);
insert into user_group (user_id, group_id) values (6, 12);
insert into user_group (user_id, group_id) values (43, 8);
insert into user_group (user_id, group_id) values (26, 9);
insert into user_group (user_id, group_id) values (38, 7);
insert into user_group (user_id, group_id) values (18, 15);
insert into user_group (user_id, group_id) values (43, 10);
insert into user_group (user_id, group_id) values (2, 1);
insert into user_group (user_id, group_id) values (19, 13);
insert into user_group (user_id, group_id) values (49, 8);
insert into user_group (user_id, group_id) values (32, 6);
insert into user_group (user_id, group_id) values (43, 3);
insert into user_group (user_id, group_id) values (23, 2);
insert into user_group (user_id, group_id) values (36, 4);
insert into user_group (user_id, group_id) values (44, 12);
insert into user_group (user_id, group_id) values (8, 19);
insert into user_group (user_id, group_id) values (18, 13);
insert into user_group (user_id, group_id) values (41, 17);
insert into user_group (user_id, group_id) values (38, 13);
insert into user_group (user_id, group_id) values (40, 8);
insert into user_group (user_id, group_id) values (36, 7);
insert into user_group (user_id, group_id) values (4, 7);
insert into user_group (user_id, group_id) values (5, 5);
insert into user_group (user_id, group_id) values (41, 13);
insert into user_group (user_id, group_id) values (15, 13);
insert into user_group (user_id, group_id) values (8, 2);
insert into user_group (user_id, group_id) values (37, 4);
insert into user_group (user_id, group_id) values (39, 19);
insert into user_group (user_id, group_id) values (24, 18);
insert into user_group (user_id, group_id) values (25, 17);
insert into user_group (user_id, group_id) values (18, 17);
insert into user_group (user_id, group_id) values (41, 3);
insert into user_group (user_id, group_id) values (15, 5);
insert into user_group (user_id, group_id) values (49, 13);
insert into user_group (user_id, group_id) values (13, 6);
insert into user_group (user_id, group_id) values (25, 4);
insert into user_group (user_id, group_id) values (48, 2);
insert into user_group (user_id, group_id) values (16, 8);
insert into user_group (user_id, group_id) values (31, 8);
insert into user_group (user_id, group_id) values (5, 8);
insert into user_group (user_id, group_id) values (27, 12);
insert into user_group (user_id, group_id) values (2, 12);
insert into user_group (user_id, group_id) values (48, 18);
insert into user_group (user_id, group_id) values (35, 4);
insert into user_group (user_id, group_id) values (25, 11);
insert into user_group (user_id, group_id) values (26, 12);
insert into user_group (user_id, group_id) values (31, 7);
insert into user_group (user_id, group_id) values (35, 10);
insert into user_group (user_id, group_id) values (31, 16);
insert into user_group (user_id, group_id) values (42, 6);
insert into user_group (user_id, group_id) values (40, 10);
insert into user_group (user_id, group_id) values (14, 4);

CREATE TABLE friends(
    user1_id int not null,
    user2_id int not null,
    FOREIGN KEY user1 (user1_id) references user(id) ON DELETE CASCADE ON UPDATE CASCADE,
    FOREIGN KEY user2 (user2_id) references user(id) ON DELETE CASCADE ON UPDATE CASCADE,
    primary key (user1_id, user2_id));

insert into friends (user1_id, user2_id) values (9, 21);
insert into friends (user1_id, user2_id) values (44, 30);
insert into friends (user1_id, user2_id) values (6, 28);
insert into friends (user1_id, user2_id) values (22, 21);
insert into friends (user1_id, user2_id) values (25, 37);
insert into friends (user1_id, user2_id) values (17, 1);
insert into friends (user1_id, user2_id) values (3, 31);
insert into friends (user1_id, user2_id) values (7, 10);
insert into friends (user1_id, user2_id) values (43, 50);
insert into friends (user1_id, user2_id) values (25, 7);
insert into friends (user1_id, user2_id) values (46, 24);
insert into friends (user1_id, user2_id) values (33, 45);
insert into friends (user1_id, user2_id) values (19, 24);
insert into friends (user1_id, user2_id) values (23, 10);
insert into friends (user1_id, user2_id) values (34, 43);
insert into friends (user1_id, user2_id) values (35, 11);
insert into friends (user1_id, user2_id) values (5, 36);
insert into friends (user1_id, user2_id) values (50, 6);
insert into friends (user1_id, user2_id) values (17, 23);
insert into friends (user1_id, user2_id) values (11, 6);
insert into friends (user1_id, user2_id) values (36, 20);
insert into friends (user1_id, user2_id) values (36, 11);
insert into friends (user1_id, user2_id) values (9, 37);
insert into friends (user1_id, user2_id) values (32, 42);
insert into friends (user1_id, user2_id) values (50, 34);
insert into friends (user1_id, user2_id) values (19, 35);
insert into friends (user1_id, user2_id) values (13, 3);
insert into friends (user1_id, user2_id) values (50, 32);
insert into friends (user1_id, user2_id) values (21, 30);
insert into friends (user1_id, user2_id) values (4, 17);
insert into friends (user1_id, user2_id) values (36, 3);
insert into friends (user1_id, user2_id) values (2, 14);
insert into friends (user1_id, user2_id) values (19, 39);
insert into friends (user1_id, user2_id) values (24, 4);
insert into friends (user1_id, user2_id) values (10, 27);
insert into friends (user1_id, user2_id) values (39, 13);
insert into friends (user1_id, user2_id) values (4, 33);
insert into friends (user1_id, user2_id) values (2, 8);
insert into friends (user1_id, user2_id) values (11, 28);
insert into friends (user1_id, user2_id) values (25, 30);
insert into friends (user1_id, user2_id) values (9, 14);
insert into friends (user1_id, user2_id) values (19, 48);
insert into friends (user1_id, user2_id) values (17, 3);
insert into friends (user1_id, user2_id) values (37, 9);
insert into friends (user1_id, user2_id) values (18, 14);
insert into friends (user1_id, user2_id) values (3, 49);
insert into friends (user1_id, user2_id) values (1, 11);
insert into friends (user1_id, user2_id) values (15, 32);
insert into friends (user1_id, user2_id) values (12, 1);
insert into friends (user1_id, user2_id) values (24, 16);
insert into friends (user1_id, user2_id) values (12, 46);
insert into friends (user1_id, user2_id) values (13, 7);
insert into friends (user1_id, user2_id) values (42, 48);
insert into friends (user1_id, user2_id) values (45, 49);
insert into friends (user1_id, user2_id) values (4, 18);
insert into friends (user1_id, user2_id) values (41, 14);
insert into friends (user1_id, user2_id) values (33, 44);
insert into friends (user1_id, user2_id) values (29, 38);
insert into friends (user1_id, user2_id) values (18, 4);
insert into friends (user1_id, user2_id) values (45, 30);
insert into friends (user1_id, user2_id) values (8, 39);
insert into friends (user1_id, user2_id) values (47, 8);
insert into friends (user1_id, user2_id) values (28, 13);
insert into friends (user1_id, user2_id) values (32, 34);
insert into friends (user1_id, user2_id) values (41, 22);
insert into friends (user1_id, user2_id) values (2, 40);
insert into friends (user1_id, user2_id) values (2, 28);
insert into friends (user1_id, user2_id) values (15, 16);
insert into friends (user1_id, user2_id) values (1, 38);
insert into friends (user1_id, user2_id) values (21, 18);
insert into friends (user1_id, user2_id) values (24, 10);
insert into friends (user1_id, user2_id) values (11, 48);
insert into friends (user1_id, user2_id) values (14, 27);
insert into friends (user1_id, user2_id) values (32, 38);
insert into friends (user1_id, user2_id) values (23, 7);
insert into friends (user1_id, user2_id) values (16, 18);
insert into friends (user1_id, user2_id) values (18, 27);
insert into friends (user1_id, user2_id) values (33, 16);
insert into friends (user1_id, user2_id) values (21, 49);
insert into friends (user1_id, user2_id) values (37, 43);
insert into friends (user1_id, user2_id) values (24, 25);
insert into friends (user1_id, user2_id) values (44, 16);
insert into friends (user1_id, user2_id) values (2, 45);
insert into friends (user1_id, user2_id) values (30, 22);
insert into friends (user1_id, user2_id) values (36, 7);
insert into friends (user1_id, user2_id) values (25, 45);
insert into friends (user1_id, user2_id) values (47, 6);
insert into friends (user1_id, user2_id) values (1, 44);
insert into friends (user1_id, user2_id) values (18, 12);
insert into friends (user1_id, user2_id) values (28, 9);
insert into friends (user1_id, user2_id) values (32, 10);
insert into friends (user1_id, user2_id) values (20, 4);
insert into friends (user1_id, user2_id) values (14, 11);
insert into friends (user1_id, user2_id) values (3, 48);
insert into friends (user1_id, user2_id) values (40, 28);
insert into friends (user1_id, user2_id) values (11, 3);
insert into friends (user1_id, user2_id) values (16, 41);
insert into friends (user1_id, user2_id) values (38, 39);
insert into friends (user1_id, user2_id) values (43, 18);
insert into friends (user1_id, user2_id) values (20, 46);
insert into friends (user1_id, user2_id) values (32, 39);
insert into friends (user1_id, user2_id) values (17, 47);
insert into friends (user1_id, user2_id) values (27, 22);
insert into friends (user1_id, user2_id) values (32, 5);
insert into friends (user1_id, user2_id) values (33, 18);
insert into friends (user1_id, user2_id) values (39, 21);
insert into friends (user1_id, user2_id) values (16, 30);
insert into friends (user1_id, user2_id) values (10, 46);
insert into friends (user1_id, user2_id) values (30, 14);
insert into friends (user1_id, user2_id) values (5, 39);
insert into friends (user1_id, user2_id) values (15, 33);
insert into friends (user1_id, user2_id) values (5, 18);
insert into friends (user1_id, user2_id) values (30, 38);
insert into friends (user1_id, user2_id) values (35, 16);
insert into friends (user1_id, user2_id) values (48, 10);
insert into friends (user1_id, user2_id) values (12, 38);


CREATE TABLE plant_products(
    plant_id int not null,
    product_id int not null,
    amount int,
    unit VARCHAR(10),
    FOREIGN KEY plant (plant_id) references plants(id) ON DELETE CASCADE ON UPDATE CASCADE,
    FOREIGN KEY product (product_id) references products(id) ON DELETE CASCADE ON UPDATE CASCADE,
    primary key (plant_id, product_id));

insert into plant_products (plant_id, product_id, amount) values (727, 54, 3);
insert into plant_products (plant_id, product_id, amount) values (96, 78, 16);
insert into plant_products (plant_id, product_id, amount) values (727, 44, 10);
insert into plant_products (plant_id, product_id, amount) values (72, 65, 18);
insert into plant_products (plant_id, product_id, amount) values (118, 28, 4);
insert into plant_products (plant_id, product_id, amount) values (52, 67, 10);
insert into plant_products (plant_id, product_id, amount) values (516, 76, 12);
insert into plant_products (plant_id, product_id, amount) values (13, 74, 1);
insert into plant_products (plant_id, product_id, amount) values (108, 23, 9);
insert into plant_products (plant_id, product_id, amount) values (739, 81, 4);
insert into plant_products (plant_id, product_id, amount) values (753, 79, 2);
insert into plant_products (plant_id, product_id, amount) values (690, 7, 20);
insert into plant_products (plant_id, product_id, amount) values (178, 15, 15);
insert into plant_products (plant_id, product_id, amount) values (513, 70, 11);
insert into plant_products (plant_id, product_id, amount) values (571, 2, 13);
insert into plant_products (plant_id, product_id, amount) values (346, 20, 7);
insert into plant_products (plant_id, product_id, amount) values (187, 35, 14);
insert into plant_products (plant_id, product_id, amount) values (451, 25, 9);
insert into plant_products (plant_id, product_id, amount) values (168, 39, 8);
insert into plant_products (plant_id, product_id, amount) values (382, 41, 19);
insert into plant_products (plant_id, product_id, amount) values (465, 54, 8);
insert into plant_products (plant_id, product_id, amount) values (664, 20, 14);
insert into plant_products (plant_id, product_id, amount) values (712, 73, 13);
insert into plant_products (plant_id, product_id, amount) values (5, 55, 11);
insert into plant_products (plant_id, product_id, amount) values (24, 84, 1);
insert into plant_products (plant_id, product_id, amount) values (1, 67, 5);
insert into plant_products (plant_id, product_id, amount) values (452, 65, 8);
insert into plant_products (plant_id, product_id, amount) values (714, 73, 7);
insert into plant_products (plant_id, product_id, amount) values (446, 89, 5);
insert into plant_products (plant_id, product_id, amount) values (421, 50, 5);
insert into plant_products (plant_id, product_id, amount) values (754, 83, 5);
insert into plant_products (plant_id, product_id, amount) values (774, 37, 5);
insert into plant_products (plant_id, product_id, amount) values (314, 79, 14);
insert into plant_products (plant_id, product_id, amount) values (220, 47, 14);
insert into plant_products (plant_id, product_id, amount) values (565, 9, 8);
insert into plant_products (plant_id, product_id, amount) values (88, 52, 4);
insert into plant_products (plant_id, product_id, amount) values (20, 18, 5);
insert into plant_products (plant_id, product_id, amount) values (555, 46, 16);
insert into plant_products (plant_id, product_id, amount) values (7, 6, 14);
insert into plant_products (plant_id, product_id, amount) values (771, 61, 6);
insert into plant_products (plant_id, product_id, amount) values (526, 56, 8);
insert into plant_products (plant_id, product_id, amount) values (430, 67, 2);
insert into plant_products (plant_id, product_id, amount) values (682, 36, 9);
insert into plant_products (plant_id, product_id, amount) values (174, 27, 7);
insert into plant_products (plant_id, product_id, amount) values (237, 57, 10);
insert into plant_products (plant_id, product_id, amount) values (8, 22, 19);
insert into plant_products (plant_id, product_id, amount) values (155, 90, 14);
insert into plant_products (plant_id, product_id, amount) values (526, 38, 13);
insert into plant_products (plant_id, product_id, amount) values (531, 11, 19);
insert into plant_products (plant_id, product_id, amount) values (549, 11, 10);
insert into plant_products (plant_id, product_id, amount) values (62, 72, 14);
insert into plant_products (plant_id, product_id, amount) values (247, 42, 6);
insert into plant_products (plant_id, product_id, amount) values (119, 48, 8);
insert into plant_products (plant_id, product_id, amount) values (686, 59, 13);
insert into plant_products (plant_id, product_id, amount) values (21, 28, 11);
insert into plant_products (plant_id, product_id, amount) values (436, 34, 11);
insert into plant_products (plant_id, product_id, amount) values (591, 40, 20);
insert into plant_products (plant_id, product_id, amount) values (578, 81, 6);
insert into plant_products (plant_id, product_id, amount) values (281, 79, 20);
insert into plant_products (plant_id, product_id, amount) values (304, 79, 11);
insert into plant_products (plant_id, product_id, amount) values (692, 8, 5);
insert into plant_products (plant_id, product_id, amount) values (403, 16, 19);
insert into plant_products (plant_id, product_id, amount) values (486, 79, 13);
insert into plant_products (plant_id, product_id, amount) values (616, 19, 19);
insert into plant_products (plant_id, product_id, amount) values (660, 24, 14);
insert into plant_products (plant_id, product_id, amount) values (640, 20, 13);
insert into plant_products (plant_id, product_id, amount) values (392, 28, 11);
insert into plant_products (plant_id, product_id, amount) values (283, 26, 15);
insert into plant_products (plant_id, product_id, amount) values (779, 12, 3);
insert into plant_products (plant_id, product_id, amount) values (716, 68, 15);
insert into plant_products (plant_id, product_id, amount) values (774, 68, 10);
insert into plant_products (plant_id, product_id, amount) values (748, 41, 20);
insert into plant_products (plant_id, product_id, amount) values (381, 55, 2);
insert into plant_products (plant_id, product_id, amount) values (423, 39, 9);
insert into plant_products (plant_id, product_id, amount) values (588, 49, 17);
insert into plant_products (plant_id, product_id, amount) values (348, 44, 4);
insert into plant_products (plant_id, product_id, amount) values (320, 7, 3);
insert into plant_products (plant_id, product_id, amount) values (367, 57, 7);
insert into plant_products (plant_id, product_id, amount) values (709, 87, 20);
insert into plant_products (plant_id, product_id, amount) values (521, 67, 20);
insert into plant_products (plant_id, product_id, amount) values (437, 12, 16);
insert into plant_products (plant_id, product_id, amount) values (313, 9, 17);
insert into plant_products (plant_id, product_id, amount) values (396, 25, 2);
insert into plant_products (plant_id, product_id, amount) values (195, 37, 15);
insert into plant_products (plant_id, product_id, amount) values (408, 81, 10);
insert into plant_products (plant_id, product_id, amount) values (1, 2, 1);
insert into plant_products (plant_id, product_id, amount) values (752, 24, 19);
insert into plant_products (plant_id, product_id, amount) values (782, 76, 14);
insert into plant_products (plant_id, product_id, amount) values (105, 75, 15);
insert into plant_products (plant_id, product_id, amount) values (343, 47, 14);
insert into plant_products (plant_id, product_id, amount) values (653, 71, 20);
insert into plant_products (plant_id, product_id, amount) values (576, 81, 2);
insert into plant_products (plant_id, product_id, amount) values (417, 40, 8);
insert into plant_products (plant_id, product_id, amount) values (597, 84, 9);
insert into plant_products (plant_id, product_id, amount) values (154, 35, 2);
insert into plant_products (plant_id, product_id, amount) values (163, 11, 8);
insert into plant_products (plant_id, product_id, amount) values (572, 24, 8);
insert into plant_products (plant_id, product_id, amount) values (699, 60, 3);
insert into plant_products (plant_id, product_id, amount) values (536, 43, 16);
insert into plant_products (plant_id, product_id, amount) values (422, 61, 2);
insert into plant_products (plant_id, product_id, amount) values (697, 19, 3);
insert into plant_products (plant_id, product_id, amount) values (570, 79, 6);
insert into plant_products (plant_id, product_id, amount) values (436, 37, 4);
insert into plant_products (plant_id, product_id, amount) values (534, 47, 4);
insert into plant_products (plant_id, product_id, amount) values (329, 11, 15);
insert into plant_products (plant_id, product_id, amount) values (580, 43, 20);
insert into plant_products (plant_id, product_id, amount) values (156, 77, 7);
insert into plant_products (plant_id, product_id, amount) values (239, 68, 16);
insert into plant_products (plant_id, product_id, amount) values (393, 25, 3);
insert into plant_products (plant_id, product_id, amount) values (272, 17, 12);
insert into plant_products (plant_id, product_id, amount) values (287, 47, 10);
insert into plant_products (plant_id, product_id, amount) values (452, 51, 18);
insert into plant_products (plant_id, product_id, amount) values (676, 6, 6);
insert into plant_products (plant_id, product_id, amount) values (314, 78, 17);
insert into plant_products (plant_id, product_id, amount) values (730, 78, 14);
insert into plant_products (plant_id, product_id, amount) values (337, 45, 8);
insert into plant_products (plant_id, product_id, amount) values (397, 90, 8);
insert into plant_products (plant_id, product_id, amount) values (660, 10, 13);
insert into plant_products (plant_id, product_id, amount) values (83, 13, 10);
insert into plant_products (plant_id, product_id, amount) values (669, 35, 11);
insert into plant_products (plant_id, product_id, amount) values (572, 4, 20);
insert into plant_products (plant_id, product_id, amount) values (371, 43, 16);
insert into plant_products (plant_id, product_id, amount) values (70, 12, 17);
insert into plant_products (plant_id, product_id, amount) values (783, 34, 8);
insert into plant_products (plant_id, product_id, amount) values (566, 4, 18);
insert into plant_products (plant_id, product_id, amount) values (413, 16, 16);
insert into plant_products (plant_id, product_id, amount) values (41, 82, 20);
insert into plant_products (plant_id, product_id, amount) values (659, 39, 3);
insert into plant_products (plant_id, product_id, amount) values (757, 46, 18);
insert into plant_products (plant_id, product_id, amount) values (631, 58, 5);
insert into plant_products (plant_id, product_id, amount) values (341, 65, 2);
insert into plant_products (plant_id, product_id, amount) values (463, 21, 3);
insert into plant_products (plant_id, product_id, amount) values (565, 17, 10);
insert into plant_products (plant_id, product_id, amount) values (627, 68, 16);
insert into plant_products (plant_id, product_id, amount) values (430, 81, 4);
insert into plant_products (plant_id, product_id, amount) values (212, 23, 6);
insert into plant_products (plant_id, product_id, amount) values (106, 51, 11);
insert into plant_products (plant_id, product_id, amount) values (605, 61, 19);
insert into plant_products (plant_id, product_id, amount) values (329, 2, 18);
insert into plant_products (plant_id, product_id, amount) values (289, 2, 12);
insert into plant_products (plant_id, product_id, amount) values (332, 79, 17);
insert into plant_products (plant_id, product_id, amount) values (748, 63, 14);
insert into plant_products (plant_id, product_id, amount) values (87, 83, 15);
insert into plant_products (plant_id, product_id, amount) values (295, 3, 6);
insert into plant_products (plant_id, product_id, amount) values (565, 1, 8);
insert into plant_products (plant_id, product_id, amount) values (728, 64, 7);
insert into plant_products (plant_id, product_id, amount) values (392, 41, 13);
insert into plant_products (plant_id, product_id, amount) values (639, 55, 19);
insert into plant_products (plant_id, product_id, amount) values (146, 54, 3);
insert into plant_products (plant_id, product_id, amount) values (27, 50, 2);
insert into plant_products (plant_id, product_id, amount) values (61, 41, 18);
insert into plant_products (plant_id, product_id, amount) values (3, 24, 10);
insert into plant_products (plant_id, product_id, amount) values (162, 22, 3);
insert into plant_products (plant_id, product_id, amount) values (192, 84, 19);
insert into plant_products (plant_id, product_id, amount) values (170, 28, 20);
insert into plant_products (plant_id, product_id, amount) values (311, 62, 16);
insert into plant_products (plant_id, product_id, amount) values (767, 53, 18);
insert into plant_products (plant_id, product_id, amount) values (89, 5, 15);
insert into plant_products (plant_id, product_id, amount) values (381, 18, 16);
insert into plant_products (plant_id, product_id, amount) values (23, 54, 3);
insert into plant_products (plant_id, product_id, amount) values (794, 31, 6);
insert into plant_products (plant_id, product_id, amount) values (745, 48, 2);
insert into plant_products (plant_id, product_id, amount) values (481, 25, 9);
insert into plant_products (plant_id, product_id, amount) values (331, 5, 1);
insert into plant_products (plant_id, product_id, amount) values (214, 86, 19);
insert into plant_products (plant_id, product_id, amount) values (796, 51, 15);
insert into plant_products (plant_id, product_id, amount) values (783, 76, 8);
insert into plant_products (plant_id, product_id, amount) values (722, 78, 10);
insert into plant_products (plant_id, product_id, amount) values (663, 34, 12);
insert into plant_products (plant_id, product_id, amount) values (27, 46, 14);
insert into plant_products (plant_id, product_id, amount) values (101, 75, 5);
insert into plant_products (plant_id, product_id, amount) values (5, 68, 15);
insert into plant_products (plant_id, product_id, amount) values (755, 10, 9);
insert into plant_products (plant_id, product_id, amount) values (71, 64, 13);
insert into plant_products (plant_id, product_id, amount) values (37, 14, 14);
insert into plant_products (plant_id, product_id, amount) values (346, 63, 1);
insert into plant_products (plant_id, product_id, amount) values (305, 15, 12);
insert into plant_products (plant_id, product_id, amount) values (527, 21, 1);
insert into plant_products (plant_id, product_id, amount) values (687, 68, 12);
insert into plant_products (plant_id, product_id, amount) values (108, 13, 16);
insert into plant_products (plant_id, product_id, amount) values (275, 76, 12);
insert into plant_products (plant_id, product_id, amount) values (578, 43, 11);
insert into plant_products (plant_id, product_id, amount) values (454, 78, 9);
insert into plant_products (plant_id, product_id, amount) values (708, 86, 20);
insert into plant_products (plant_id, product_id, amount) values (101, 61, 19);
insert into plant_products (plant_id, product_id, amount) values (735, 82, 12);
insert into plant_products (plant_id, product_id, amount) values (569, 41, 11);
insert into plant_products (plant_id, product_id, amount) values (681, 84, 17);
insert into plant_products (plant_id, product_id, amount) values (140, 90, 3);
insert into plant_products (plant_id, product_id, amount) values (16, 32, 6);
insert into plant_products (plant_id, product_id, amount) values (486, 31, 6);
insert into plant_products (plant_id, product_id, amount) values (449, 19, 18);
insert into plant_products (plant_id, product_id, amount) values (514, 2, 9);
insert into plant_products (plant_id, product_id, amount) values (200, 76, 16);
insert into plant_products (plant_id, product_id, amount) values (679, 46, 2);
insert into plant_products (plant_id, product_id, amount) values (663, 73, 8);
insert into plant_products (plant_id, product_id, amount) values (517, 60, 8);
insert into plant_products (plant_id, product_id, amount) values (477, 46, 13);
insert into plant_products (plant_id, product_id, amount) values (193, 47, 20);
insert into plant_products (plant_id, product_id, amount) values (577, 84, 5);
insert into plant_products (plant_id, product_id, amount) values (354, 8, 5);
insert into plant_products (plant_id, product_id, amount) values (628, 40, 10);
insert into plant_products (plant_id, product_id, amount) values (150, 14, 2);
insert into plant_products (plant_id, product_id, amount) values (65, 45, 15);
insert into plant_products (plant_id, product_id, amount) values (518, 81, 14);
insert into plant_products (plant_id, product_id, amount) values (517, 50, 6);
insert into plant_products (plant_id, product_id, amount) values (258, 70, 4);
insert into plant_products (plant_id, product_id, amount) values (590, 72, 6);
insert into plant_products (plant_id, product_id, amount) values (747, 22, 16);
insert into plant_products (plant_id, product_id, amount) values (584, 26, 6);
insert into plant_products (plant_id, product_id, amount) values (96, 70, 8);
insert into plant_products (plant_id, product_id, amount) values (134, 43, 16);
insert into plant_products (plant_id, product_id, amount) values (696, 48, 16);
insert into plant_products (plant_id, product_id, amount) values (231, 42, 19);
insert into plant_products (plant_id, product_id, amount) values (660, 67, 17);
insert into plant_products (plant_id, product_id, amount) values (592, 37, 19);
insert into plant_products (plant_id, product_id, amount) values (393, 8, 18);
insert into plant_products (plant_id, product_id, amount) values (721, 19, 15);
insert into plant_products (plant_id, product_id, amount) values (240, 15, 12);
insert into plant_products (plant_id, product_id, amount) values (317, 67, 3);
insert into plant_products (plant_id, product_id, amount) values (616, 30, 1);
insert into plant_products (plant_id, product_id, amount) values (454, 73, 19);
insert into plant_products (plant_id, product_id, amount) values (767, 26, 8);
insert into plant_products (plant_id, product_id, amount) values (670, 19, 13);
insert into plant_products (plant_id, product_id, amount) values (707, 79, 14);
insert into plant_products (plant_id, product_id, amount) values (709, 32, 7);
insert into plant_products (plant_id, product_id, amount) values (767, 33, 4);
insert into plant_products (plant_id, product_id, amount) values (227, 85, 4);
insert into plant_products (plant_id, product_id, amount) values (403, 10, 7);
insert into plant_products (plant_id, product_id, amount) values (521, 2, 7);
insert into plant_products (plant_id, product_id, amount) values (649, 74, 16);
insert into plant_products (plant_id, product_id, amount) values (54, 27, 10);
insert into plant_products (plant_id, product_id, amount) values (717, 68, 16);
insert into plant_products (plant_id, product_id, amount) values (624, 58, 10);
insert into plant_products (plant_id, product_id, amount) values (627, 40, 8);
insert into plant_products (plant_id, product_id, amount) values (632, 31, 9);
insert into plant_products (plant_id, product_id, amount) values (112, 65, 1);
insert into plant_products (plant_id, product_id, amount) values (279, 34, 16);
insert into plant_products (plant_id, product_id, amount) values (384, 61, 17);
insert into plant_products (plant_id, product_id, amount) values (623, 25, 6);
insert into plant_products (plant_id, product_id, amount) values (103, 31, 15);
insert into plant_products (plant_id, product_id, amount) values (490, 26, 15);
insert into plant_products (plant_id, product_id, amount) values (450, 83, 8);
insert into plant_products (plant_id, product_id, amount) values (792, 29, 5);
insert into plant_products (plant_id, product_id, amount) values (406, 78, 1);
insert into plant_products (plant_id, product_id, amount) values (764, 79, 11);
insert into plant_products (plant_id, product_id, amount) values (382, 40, 15);
insert into plant_products (plant_id, product_id, amount) values (147, 21, 19);
insert into plant_products (plant_id, product_id, amount) values (542, 13, 15);
insert into plant_products (plant_id, product_id, amount) values (723, 15, 7);
insert into plant_products (plant_id, product_id, amount) values (23, 3, 3);
insert into plant_products (plant_id, product_id, amount) values (358, 39, 16);
insert into plant_products (plant_id, product_id, amount) values (281, 58, 5);
insert into plant_products (plant_id, product_id, amount) values (282, 33, 9);
insert into plant_products (plant_id, product_id, amount) values (542, 50, 9);
insert into plant_products (plant_id, product_id, amount) values (731, 28, 13);
insert into plant_products (plant_id, product_id, amount) values (5, 61, 3);
insert into plant_products (plant_id, product_id, amount) values (691, 27, 12);
insert into plant_products (plant_id, product_id, amount) values (730, 29, 13);
insert into plant_products (plant_id, product_id, amount) values (515, 38, 17);
insert into plant_products (plant_id, product_id, amount) values (700, 48, 3);
insert into plant_products (plant_id, product_id, amount) values (777, 48, 2);
insert into plant_products (plant_id, product_id, amount) values (259, 61, 13);
insert into plant_products (plant_id, product_id, amount) values (784, 90, 3);
insert into plant_products (plant_id, product_id, amount) values (267, 64, 6);
insert into plant_products (plant_id, product_id, amount) values (577, 40, 3);
insert into plant_products (plant_id, product_id, amount) values (668, 32, 4);
insert into plant_products (plant_id, product_id, amount) values (131, 63, 9);
insert into plant_products (plant_id, product_id, amount) values (647, 75, 1);
insert into plant_products (plant_id, product_id, amount) values (195, 70, 12);
insert into plant_products (plant_id, product_id, amount) values (77, 89, 2);
insert into plant_products (plant_id, product_id, amount) values (519, 73, 17);
insert into plant_products (plant_id, product_id, amount) values (461, 29, 3);
insert into plant_products (plant_id, product_id, amount) values (286, 78, 20);
insert into plant_products (plant_id, product_id, amount) values (375, 65, 18);
insert into plant_products (plant_id, product_id, amount) values (18, 89, 20);
insert into plant_products (plant_id, product_id, amount) values (379, 57, 7);
insert into plant_products (plant_id, product_id, amount) values (217, 50, 8);
insert into plant_products (plant_id, product_id, amount) values (618, 23, 20);
insert into plant_products (plant_id, product_id, amount) values (798, 26, 2);
insert into plant_products (plant_id, product_id, amount) values (20, 26, 11);
insert into plant_products (plant_id, product_id, amount) values (693, 21, 15);
insert into plant_products (plant_id, product_id, amount) values (44, 32, 2);
insert into plant_products (plant_id, product_id, amount) values (641, 2, 20);
insert into plant_products (plant_id, product_id, amount) values (277, 1, 5);
insert into plant_products (plant_id, product_id, amount) values (602, 70, 5);
insert into plant_products (plant_id, product_id, amount) values (587, 46, 12);
insert into plant_products (plant_id, product_id, amount) values (207, 41, 3);
insert into plant_products (plant_id, product_id, amount) values (248, 69, 7);
insert into plant_products (plant_id, product_id, amount) values (198, 72, 12);
insert into plant_products (plant_id, product_id, amount) values (199, 33, 10);
insert into plant_products (plant_id, product_id, amount) values (637, 44, 1);
insert into plant_products (plant_id, product_id, amount) values (325, 21, 12);
insert into plant_products (plant_id, product_id, amount) values (187, 52, 11);
insert into plant_products (plant_id, product_id, amount) values (92, 77, 1);
insert into plant_products (plant_id, product_id, amount) values (290, 30, 14);
insert into plant_products (plant_id, product_id, amount) values (514, 15, 14);
insert into plant_products (plant_id, product_id, amount) values (547, 77, 10);
insert into plant_products (plant_id, product_id, amount) values (686, 80, 12);
insert into plant_products (plant_id, product_id, amount) values (124, 78, 13);
insert into plant_products (plant_id, product_id, amount) values (771, 50, 15);
insert into plant_products (plant_id, product_id, amount) values (228, 11, 13);
insert into plant_products (plant_id, product_id, amount) values (737, 22, 10);
insert into plant_products (plant_id, product_id, amount) values (461, 65, 1);
insert into plant_products (plant_id, product_id, amount) values (321, 28, 15);
insert into plant_products (plant_id, product_id, amount) values (785, 15, 17);
insert into plant_products (plant_id, product_id, amount) values (186, 54, 12);
insert into plant_products (plant_id, product_id, amount) values (487, 10, 6);
insert into plant_products (plant_id, product_id, amount) values (374, 53, 7);
insert into plant_products (plant_id, product_id, amount) values (315, 53, 2);
insert into plant_products (plant_id, product_id, amount) values (221, 75, 18);
insert into plant_products (plant_id, product_id, amount) values (785, 36, 9);
insert into plant_products (plant_id, product_id, amount) values (656, 80, 16);
insert into plant_products (plant_id, product_id, amount) values (383, 42, 18);
insert into plant_products (plant_id, product_id, amount) values (440, 27, 15);
insert into plant_products (plant_id, product_id, amount) values (13, 35, 17);
insert into plant_products (plant_id, product_id, amount) values (628, 9, 7);
insert into plant_products (plant_id, product_id, amount) values (135, 48, 2);
insert into plant_products (plant_id, product_id, amount) values (738, 56, 19);
insert into plant_products (plant_id, product_id, amount) values (63, 76, 14);
insert into plant_products (plant_id, product_id, amount) values (431, 33, 7);
insert into plant_products (plant_id, product_id, amount) values (80, 1, 2);
insert into plant_products (plant_id, product_id, amount) values (255, 71, 7);
insert into plant_products (plant_id, product_id, amount) values (195, 57, 4);
insert into plant_products (plant_id, product_id, amount) values (670, 16, 5);
insert into plant_products (plant_id, product_id, amount) values (545, 26, 3);
insert into plant_products (plant_id, product_id, amount) values (659, 47, 12);
insert into plant_products (plant_id, product_id, amount) values (27, 87, 7);
insert into plant_products (plant_id, product_id, amount) values (474, 72, 4);
insert into plant_products (plant_id, product_id, amount) values (460, 31, 10);
insert into plant_products (plant_id, product_id, amount) values (405, 40, 8);
insert into plant_products (plant_id, product_id, amount) values (196, 77, 4);
insert into plant_products (plant_id, product_id, amount) values (73, 62, 17);
insert into plant_products (plant_id, product_id, amount) values (602, 24, 1);
insert into plant_products (plant_id, product_id, amount) values (314, 44, 6);
insert into plant_products (plant_id, product_id, amount) values (137, 30, 12);
insert into plant_products (plant_id, product_id, amount) values (422, 25, 1);
insert into plant_products (plant_id, product_id, amount) values (398, 68, 12);
insert into plant_products (plant_id, product_id, amount) values (109, 55, 11);
insert into plant_products (plant_id, product_id, amount) values (350, 33, 9);
insert into plant_products (plant_id, product_id, amount) values (395, 79, 11);
insert into plant_products (plant_id, product_id, amount) values (551, 2, 19);
insert into plant_products (plant_id, product_id, amount) values (88, 46, 6);
insert into plant_products (plant_id, product_id, amount) values (227, 19, 13);
insert into plant_products (plant_id, product_id, amount) values (99, 51, 9);
insert into plant_products (plant_id, product_id, amount) values (548, 2, 18);
insert into plant_products (plant_id, product_id, amount) values (630, 22, 17);
insert into plant_products (plant_id, product_id, amount) values (33, 25, 6);
insert into plant_products (plant_id, product_id, amount) values (454, 88, 1);



CREATE TABLE page(
    pname Varchar(30) not null,
    id int auto_increment primary key);

insert into page (pname) values ('home');
insert into page (pname) values ('plants');
insert into page (pname) values ('products');
insert into page (pname) values ('friends');
insert into page (pname) values ('groups');
insert into page (pname) values ('login');
insert into page (pname) values ('diagnostics');
insert into page (pname) values ('settings');
insert into page (pname) values ('ratings');
insert into page (pname) values ('plant details');

CREATE TABLE user_page(
    user_id int not null,
    page_id int not null,
    duration_min int,
    log_off_after BIT(1),
    id int auto_increment PRIMARY KEY,
    FOREIGN KEY user (user_id) references user(id) ON DELETE CASCADE ON UPDATE CASCADE,
    FOREIGN KEY page (page_id) references page(id) ON DELETE CASCADE ON UPDATE CASCADE);

insert into user_page (user_id, page_id, duration_min, log_off_after, id) values (3, 8, 17, 1, 1);
insert into user_page (user_id, page_id, duration_min, log_off_after, id) values (19, 8, 30, 0, 2);
insert into user_page (user_id, page_id, duration_min, log_off_after, id) values (39, 1, 25, 1, 3);
insert into user_page (user_id, page_id, duration_min, log_off_after, id) values (45, 5, 31, 1, 4);
insert into user_page (user_id, page_id, duration_min, log_off_after, id) values (23, 7, 4, 1, 5);
insert into user_page (user_id, page_id, duration_min, log_off_after, id) values (1, 5, 16, 0, 6);
insert into user_page (user_id, page_id, duration_min, log_off_after, id) values (25, 3, 14, 1, 7);
insert into user_page (user_id, page_id, duration_min, log_off_after, id) values (5, 2, 7, 1, 8);
insert into user_page (user_id, page_id, duration_min, log_off_after, id) values (20, 10, 20, 0, 9);
insert into user_page (user_id, page_id, duration_min, log_off_after, id) values (35, 6, 10, 1, 10);
insert into user_page (user_id, page_id, duration_min, log_off_after, id) values (11, 9, 33, 0, 11);
insert into user_page (user_id, page_id, duration_min, log_off_after, id) values (2, 9, 10, 1, 12);
insert into user_page (user_id, page_id, duration_min, log_off_after, id) values (41, 7, 2, 0, 13);
insert into user_page (user_id, page_id, duration_min, log_off_after, id) values (6, 7, 9, 1, 14);
insert into user_page (user_id, page_id, duration_min, log_off_after, id) values (31, 1, 31, 1, 15);
insert into user_page (user_id, page_id, duration_min, log_off_after, id) values (27, 2, 10, 0, 16);
insert into user_page (user_id, page_id, duration_min, log_off_after, id) values (30, 5, 31, 0, 17);
insert into user_page (user_id, page_id, duration_min, log_off_after, id) values (48, 3, 36, 1, 18);
insert into user_page (user_id, page_id, duration_min, log_off_after, id) values (11, 9, 17, 1, 19);
insert into user_page (user_id, page_id, duration_min, log_off_after, id) values (34, 4, 6, 0, 20);
insert into user_page (user_id, page_id, duration_min, log_off_after, id) values (33, 2, 2, 0, 21);
insert into user_page (user_id, page_id, duration_min, log_off_after, id) values (46, 3, 11, 1, 22);
insert into user_page (user_id, page_id, duration_min, log_off_after, id) values (28, 8, 32, 0, 23);
insert into user_page (user_id, page_id, duration_min, log_off_after, id) values (19, 10, 2, 1, 24);
insert into user_page (user_id, page_id, duration_min, log_off_after, id) values (22, 10, 26, 0, 25);
insert into user_page (user_id, page_id, duration_min, log_off_after, id) values (27, 1, 25, 0, 26);
insert into user_page (user_id, page_id, duration_min, log_off_after, id) values (31, 9, 14, 1, 27);
insert into user_page (user_id, page_id, duration_min, log_off_after, id) values (3, 8, 1, 0, 28);
insert into user_page (user_id, page_id, duration_min, log_off_after, id) values (22, 6, 12, 1, 29);
insert into user_page (user_id, page_id, duration_min, log_off_after, id) values (17, 6, 25, 0, 30);
insert into user_page (user_id, page_id, duration_min, log_off_after, id) values (37, 1, 22, 1, 31);
insert into user_page (user_id, page_id, duration_min, log_off_after, id) values (31, 9, 6, 0, 32);
insert into user_page (user_id, page_id, duration_min, log_off_after, id) values (49, 7, 24, 1, 33);
insert into user_page (user_id, page_id, duration_min, log_off_after, id) values (18, 8, 28, 1, 34);
insert into user_page (user_id, page_id, duration_min, log_off_after, id) values (5, 3, 35, 0, 35);
insert into user_page (user_id, page_id, duration_min, log_off_after, id) values (6, 2, 9, 1, 36);
insert into user_page (user_id, page_id, duration_min, log_off_after, id) values (12, 5, 37, 1, 37);
insert into user_page (user_id, page_id, duration_min, log_off_after, id) values (49, 2, 14, 0, 38);
insert into user_page (user_id, page_id, duration_min, log_off_after, id) values (14, 1, 12, 1, 39);
insert into user_page (user_id, page_id, duration_min, log_off_after, id) values (11, 8, 11, 0, 40);
insert into user_page (user_id, page_id, duration_min, log_off_after, id) values (35, 4, 33, 0, 41);
insert into user_page (user_id, page_id, duration_min, log_off_after, id) values (29, 7, 26, 0, 42);
insert into user_page (user_id, page_id, duration_min, log_off_after, id) values (20, 4, 28, 0, 43);
insert into user_page (user_id, page_id, duration_min, log_off_after, id) values (12, 3, 14, 0, 44);
insert into user_page (user_id, page_id, duration_min, log_off_after, id) values (22, 5, 9, 0, 45);
insert into user_page (user_id, page_id, duration_min, log_off_after, id) values (48, 5, 34, 0, 46);
insert into user_page (user_id, page_id, duration_min, log_off_after, id) values (39, 3, 33, 0, 47);
insert into user_page (user_id, page_id, duration_min, log_off_after, id) values (42, 4, 17, 1, 48);
insert into user_page (user_id, page_id, duration_min, log_off_after, id) values (50, 1, 26, 0, 49);
insert into user_page (user_id, page_id, duration_min, log_off_after, id) values (34, 1, 35, 1, 50);
insert into user_page (user_id, page_id, duration_min, log_off_after, id) values (45, 4, 39, 1, 51);
insert into user_page (user_id, page_id, duration_min, log_off_after, id) values (38, 9, 12, 0, 52);
insert into user_page (user_id, page_id, duration_min, log_off_after, id) values (29, 5, 5, 1, 53);
insert into user_page (user_id, page_id, duration_min, log_off_after, id) values (50, 9, 7, 0, 54);
insert into user_page (user_id, page_id, duration_min, log_off_after, id) values (39, 10, 23, 0, 55);
insert into user_page (user_id, page_id, duration_min, log_off_after, id) values (46, 6, 33, 1, 56);
insert into user_page (user_id, page_id, duration_min, log_off_after, id) values (39, 4, 19, 1, 57);
insert into user_page (user_id, page_id, duration_min, log_off_after, id) values (47, 5, 26, 0, 58);
insert into user_page (user_id, page_id, duration_min, log_off_after, id) values (22, 6, 24, 1, 59);
insert into user_page (user_id, page_id, duration_min, log_off_after, id) values (29, 8, 22, 0, 60);
insert into user_page (user_id, page_id, duration_min, log_off_after, id) values (47, 7, 12, 1, 61);
insert into user_page (user_id, page_id, duration_min, log_off_after, id) values (8, 6, 25, 0, 62);
insert into user_page (user_id, page_id, duration_min, log_off_after, id) values (12, 5, 8, 1, 63);
insert into user_page (user_id, page_id, duration_min, log_off_after, id) values (27, 5, 13, 0, 64);
insert into user_page (user_id, page_id, duration_min, log_off_after, id) values (2, 5, 22, 0, 65);
insert into user_page (user_id, page_id, duration_min, log_off_after, id) values (13, 2, 26, 0, 66);
insert into user_page (user_id, page_id, duration_min, log_off_after, id) values (27, 4, 26, 0, 67);
insert into user_page (user_id, page_id, duration_min, log_off_after, id) values (28, 5, 8, 0, 68);
insert into user_page (user_id, page_id, duration_min, log_off_after, id) values (1, 9, 7, 0, 69);
insert into user_page (user_id, page_id, duration_min, log_off_after, id) values (10, 1, 2, 1, 70);
insert into user_page (user_id, page_id, duration_min, log_off_after, id) values (18, 7, 9, 0, 71);
insert into user_page (user_id, page_id, duration_min, log_off_after, id) values (4, 10, 36, 0, 72);
insert into user_page (user_id, page_id, duration_min, log_off_after, id) values (9, 5, 28, 1, 73);
insert into user_page (user_id, page_id, duration_min, log_off_after, id) values (25, 6, 27, 1, 74);
insert into user_page (user_id, page_id, duration_min, log_off_after, id) values (35, 2, 31, 1, 75);
insert into user_page (user_id, page_id, duration_min, log_off_after, id) values (12, 5, 20, 1, 76);
insert into user_page (user_id, page_id, duration_min, log_off_after, id) values (50, 7, 38, 1, 77);
insert into user_page (user_id, page_id, duration_min, log_off_after, id) values (41, 7, 26, 0, 78);
insert into user_page (user_id, page_id, duration_min, log_off_after, id) values (4, 2, 36, 0, 79);
insert into user_page (user_id, page_id, duration_min, log_off_after, id) values (25, 3, 40, 0, 80);
insert into user_page (user_id, page_id, duration_min, log_off_after, id) values (16, 2, 31, 1, 81);
insert into user_page (user_id, page_id, duration_min, log_off_after, id) values (31, 3, 32, 1, 82);
insert into user_page (user_id, page_id, duration_min, log_off_after, id) values (12, 6, 28, 1, 83);
insert into user_page (user_id, page_id, duration_min, log_off_after, id) values (43, 9, 20, 0, 84);
insert into user_page (user_id, page_id, duration_min, log_off_after, id) values (37, 10, 32, 1, 85);
insert into user_page (user_id, page_id, duration_min, log_off_after, id) values (8, 8, 13, 1, 86);
insert into user_page (user_id, page_id, duration_min, log_off_after, id) values (42, 4, 3, 1, 87);
insert into user_page (user_id, page_id, duration_min, log_off_after, id) values (28, 8, 11, 1, 88);
insert into user_page (user_id, page_id, duration_min, log_off_after, id) values (20, 10, 12, 1, 89);
insert into user_page (user_id, page_id, duration_min, log_off_after, id) values (2, 5, 24, 0, 90);
insert into user_page (user_id, page_id, duration_min, log_off_after, id) values (30, 7, 15, 1, 91);
insert into user_page (user_id, page_id, duration_min, log_off_after, id) values (18, 6, 14, 0, 92);
insert into user_page (user_id, page_id, duration_min, log_off_after, id) values (2, 1, 26, 0, 93);
insert into user_page (user_id, page_id, duration_min, log_off_after, id) values (39, 4, 20, 0, 94);
insert into user_page (user_id, page_id, duration_min, log_off_after, id) values (25, 7, 4, 0, 95);
insert into user_page (user_id, page_id, duration_min, log_off_after, id) values (20, 3, 19, 1, 96);
insert into user_page (user_id, page_id, duration_min, log_off_after, id) values (8, 8, 12, 1, 97);
insert into user_page (user_id, page_id, duration_min, log_off_after, id) values (48, 5, 25, 0, 98);
insert into user_page (user_id, page_id, duration_min, log_off_after, id) values (29, 2, 37, 0, 99);
insert into user_page (user_id, page_id, duration_min, log_off_after, id) values (25, 10, 21, 0, 100);
insert into user_page (user_id, page_id, duration_min, log_off_after, id) values (42, 6, 32, 0, 101);
insert into user_page (user_id, page_id, duration_min, log_off_after, id) values (16, 1, 1, 0, 102);
insert into user_page (user_id, page_id, duration_min, log_off_after, id) values (50, 2, 22, 0, 103);
insert into user_page (user_id, page_id, duration_min, log_off_after, id) values (49, 10, 28, 0, 104);
insert into user_page (user_id, page_id, duration_min, log_off_after, id) values (26, 8, 16, 0, 105);
insert into user_page (user_id, page_id, duration_min, log_off_after, id) values (42, 10, 17, 0, 106);
insert into user_page (user_id, page_id, duration_min, log_off_after, id) values (3, 2, 40, 1, 107);
insert into user_page (user_id, page_id, duration_min, log_off_after, id) values (49, 3, 1, 0, 108);
insert into user_page (user_id, page_id, duration_min, log_off_after, id) values (36, 4, 18, 0, 109);
insert into user_page (user_id, page_id, duration_min, log_off_after, id) values (11, 2, 5, 0, 110);
insert into user_page (user_id, page_id, duration_min, log_off_after, id) values (22, 5, 22, 1, 111);
insert into user_page (user_id, page_id, duration_min, log_off_after, id) values (45, 1, 28, 1, 112);
insert into user_page (user_id, page_id, duration_min, log_off_after, id) values (4, 6, 30, 0, 113);
insert into user_page (user_id, page_id, duration_min, log_off_after, id) values (39, 2, 32, 1, 114);
insert into user_page (user_id, page_id, duration_min, log_off_after, id) values (16, 1, 24, 1, 115);
insert into user_page (user_id, page_id, duration_min, log_off_after, id) values (24, 8, 3, 0, 116);
insert into user_page (user_id, page_id, duration_min, log_off_after, id) values (46, 7, 12, 0, 117);
insert into user_page (user_id, page_id, duration_min, log_off_after, id) values (11, 3, 26, 0, 118);
insert into user_page (user_id, page_id, duration_min, log_off_after, id) values (13, 8, 5, 1, 119);
insert into user_page (user_id, page_id, duration_min, log_off_after, id) values (15, 6, 40, 0, 120);
insert into user_page (user_id, page_id, duration_min, log_off_after, id) values (18, 4, 9, 1, 121);
insert into user_page (user_id, page_id, duration_min, log_off_after, id) values (12, 4, 4, 1, 122);
insert into user_page (user_id, page_id, duration_min, log_off_after, id) values (18, 10, 15, 1, 123);
insert into user_page (user_id, page_id, duration_min, log_off_after, id) values (18, 7, 33, 1, 124);
insert into user_page (user_id, page_id, duration_min, log_off_after, id) values (12, 1, 8, 0, 125);
insert into user_page (user_id, page_id, duration_min, log_off_after, id) values (2, 5, 8, 1, 126);
insert into user_page (user_id, page_id, duration_min, log_off_after, id) values (49, 4, 38, 1, 127);
insert into user_page (user_id, page_id, duration_min, log_off_after, id) values (2, 4, 2, 1, 128);
insert into user_page (user_id, page_id, duration_min, log_off_after, id) values (4, 10, 7, 0, 129);
insert into user_page (user_id, page_id, duration_min, log_off_after, id) values (4, 5, 11, 1, 130);
insert into user_page (user_id, page_id, duration_min, log_off_after, id) values (17, 3, 19, 0, 131);
insert into user_page (user_id, page_id, duration_min, log_off_after, id) values (4, 2, 24, 0, 132);
insert into user_page (user_id, page_id, duration_min, log_off_after, id) values (21, 2, 11, 0, 133);
insert into user_page (user_id, page_id, duration_min, log_off_after, id) values (18, 8, 31, 1, 134);
insert into user_page (user_id, page_id, duration_min, log_off_after, id) values (35, 5, 38, 0, 135);
insert into user_page (user_id, page_id, duration_min, log_off_after, id) values (48, 3, 38, 1, 136);
insert into user_page (user_id, page_id, duration_min, log_off_after, id) values (34, 3, 34, 1, 137);
insert into user_page (user_id, page_id, duration_min, log_off_after, id) values (16, 6, 2, 0, 138);
insert into user_page (user_id, page_id, duration_min, log_off_after, id) values (42, 1, 15, 0, 139);
insert into user_page (user_id, page_id, duration_min, log_off_after, id) values (14, 7, 6, 0, 140);
insert into user_page (user_id, page_id, duration_min, log_off_after, id) values (49, 2, 19, 1, 141);
insert into user_page (user_id, page_id, duration_min, log_off_after, id) values (1, 3, 31, 1, 142);
insert into user_page (user_id, page_id, duration_min, log_off_after, id) values (49, 9, 6, 1, 143);
insert into user_page (user_id, page_id, duration_min, log_off_after, id) values (19, 8, 3, 0, 144);
insert into user_page (user_id, page_id, duration_min, log_off_after, id) values (15, 7, 13, 0, 145);
insert into user_page (user_id, page_id, duration_min, log_off_after, id) values (29, 10, 14, 1, 146);
insert into user_page (user_id, page_id, duration_min, log_off_after, id) values (32, 1, 20, 1, 147);
insert into user_page (user_id, page_id, duration_min, log_off_after, id) values (40, 9, 1, 0, 148);
insert into user_page (user_id, page_id, duration_min, log_off_after, id) values (42, 9, 6, 1, 149);
insert into user_page (user_id, page_id, duration_min, log_off_after, id) values (39, 1, 25, 0, 150);
insert into user_page (user_id, page_id, duration_min, log_off_after, id) values (14, 4, 11, 1, 151);
insert into user_page (user_id, page_id, duration_min, log_off_after, id) values (1, 1, 25, 0, 152);
insert into user_page (user_id, page_id, duration_min, log_off_after, id) values (19, 4, 34, 1, 153);
insert into user_page (user_id, page_id, duration_min, log_off_after, id) values (48, 9, 20, 0, 154);
insert into user_page (user_id, page_id, duration_min, log_off_after, id) values (5, 9, 26, 1, 155);
insert into user_page (user_id, page_id, duration_min, log_off_after, id) values (26, 1, 32, 0, 156);
insert into user_page (user_id, page_id, duration_min, log_off_after, id) values (28, 5, 40, 0, 157);
insert into user_page (user_id, page_id, duration_min, log_off_after, id) values (1, 3, 17, 0, 158);
insert into user_page (user_id, page_id, duration_min, log_off_after, id) values (7, 1, 3, 0, 159);
insert into user_page (user_id, page_id, duration_min, log_off_after, id) values (49, 9, 30, 1, 160);
insert into user_page (user_id, page_id, duration_min, log_off_after, id) values (37, 10, 21, 0, 161);
insert into user_page (user_id, page_id, duration_min, log_off_after, id) values (7, 8, 34, 1, 162);
insert into user_page (user_id, page_id, duration_min, log_off_after, id) values (28, 7, 39, 1, 163);
insert into user_page (user_id, page_id, duration_min, log_off_after, id) values (19, 10, 22, 1, 164);
insert into user_page (user_id, page_id, duration_min, log_off_after, id) values (29, 7, 12, 0, 165);
insert into user_page (user_id, page_id, duration_min, log_off_after, id) values (11, 1, 2, 0, 166);
insert into user_page (user_id, page_id, duration_min, log_off_after, id) values (30, 10, 21, 1, 167);
insert into user_page (user_id, page_id, duration_min, log_off_after, id) values (4, 7, 17, 0, 168);
insert into user_page (user_id, page_id, duration_min, log_off_after, id) values (31, 8, 20, 1, 169);
insert into user_page (user_id, page_id, duration_min, log_off_after, id) values (46, 10, 10, 1, 170);
insert into user_page (user_id, page_id, duration_min, log_off_after, id) values (26, 9, 36, 0, 171);
insert into user_page (user_id, page_id, duration_min, log_off_after, id) values (36, 7, 31, 1, 172);
insert into user_page (user_id, page_id, duration_min, log_off_after, id) values (20, 2, 27, 1, 173);
insert into user_page (user_id, page_id, duration_min, log_off_after, id) values (30, 2, 37, 0, 174);
insert into user_page (user_id, page_id, duration_min, log_off_after, id) values (11, 8, 34, 0, 175);
insert into user_page (user_id, page_id, duration_min, log_off_after, id) values (26, 5, 27, 0, 176);
insert into user_page (user_id, page_id, duration_min, log_off_after, id) values (12, 4, 34, 0, 177);
insert into user_page (user_id, page_id, duration_min, log_off_after, id) values (44, 1, 37, 1, 178);
insert into user_page (user_id, page_id, duration_min, log_off_after, id) values (22, 3, 23, 0, 179);
insert into user_page (user_id, page_id, duration_min, log_off_after, id) values (31, 2, 37, 1, 180);
insert into user_page (user_id, page_id, duration_min, log_off_after, id) values (38, 5, 27, 1, 181);
insert into user_page (user_id, page_id, duration_min, log_off_after, id) values (31, 3, 5, 0, 182);
insert into user_page (user_id, page_id, duration_min, log_off_after, id) values (17, 2, 40, 0, 183);
insert into user_page (user_id, page_id, duration_min, log_off_after, id) values (9, 2, 39, 0, 184);
insert into user_page (user_id, page_id, duration_min, log_off_after, id) values (38, 10, 1, 0, 185);
insert into user_page (user_id, page_id, duration_min, log_off_after, id) values (9, 4, 14, 0, 186);
insert into user_page (user_id, page_id, duration_min, log_off_after, id) values (23, 2, 29, 1, 187);
insert into user_page (user_id, page_id, duration_min, log_off_after, id) values (29, 4, 19, 0, 188);
insert into user_page (user_id, page_id, duration_min, log_off_after, id) values (13, 8, 1, 0, 189);
insert into user_page (user_id, page_id, duration_min, log_off_after, id) values (30, 6, 25, 1, 190);
insert into user_page (user_id, page_id, duration_min, log_off_after, id) values (10, 1, 29, 1, 191);
insert into user_page (user_id, page_id, duration_min, log_off_after, id) values (40, 10, 34, 1, 192);
insert into user_page (user_id, page_id, duration_min, log_off_after, id) values (1, 9, 35, 1, 193);
insert into user_page (user_id, page_id, duration_min, log_off_after, id) values (32, 10, 16, 0, 194);
insert into user_page (user_id, page_id, duration_min, log_off_after, id) values (47, 6, 28, 1, 195);
insert into user_page (user_id, page_id, duration_min, log_off_after, id) values (31, 5, 39, 0, 196);
insert into user_page (user_id, page_id, duration_min, log_off_after, id) values (18, 2, 40, 1, 197);
insert into user_page (user_id, page_id, duration_min, log_off_after, id) values (49, 6, 7, 0, 198);
insert into user_page (user_id, page_id, duration_min, log_off_after, id) values (38, 5, 35, 1, 199);
insert into user_page (user_id, page_id, duration_min, log_off_after, id) values (12, 8, 8, 0, 200);
insert into user_page (user_id, page_id, duration_min, log_off_after, id) values (41, 4, 10, 1, 201);
insert into user_page (user_id, page_id, duration_min, log_off_after, id) values (33, 7, 28, 1, 202);
insert into user_page (user_id, page_id, duration_min, log_off_after, id) values (11, 4, 17, 0, 203);
insert into user_page (user_id, page_id, duration_min, log_off_after, id) values (5, 2, 28, 1, 204);
insert into user_page (user_id, page_id, duration_min, log_off_after, id) values (20, 9, 17, 0, 205);
insert into user_page (user_id, page_id, duration_min, log_off_after, id) values (12, 10, 13, 0, 206);
insert into user_page (user_id, page_id, duration_min, log_off_after, id) values (32, 1, 31, 0, 207);
insert into user_page (user_id, page_id, duration_min, log_off_after, id) values (30, 3, 6, 1, 208);
insert into user_page (user_id, page_id, duration_min, log_off_after, id) values (35, 2, 1, 1, 209);
insert into user_page (user_id, page_id, duration_min, log_off_after, id) values (20, 5, 27, 1, 210);
insert into user_page (user_id, page_id, duration_min, log_off_after, id) values (41, 2, 17, 1, 211);
insert into user_page (user_id, page_id, duration_min, log_off_after, id) values (38, 9, 25, 0, 212);
insert into user_page (user_id, page_id, duration_min, log_off_after, id) values (8, 5, 32, 1, 213);
insert into user_page (user_id, page_id, duration_min, log_off_after, id) values (8, 4, 28, 0, 214);
insert into user_page (user_id, page_id, duration_min, log_off_after, id) values (30, 6, 36, 1, 215);
insert into user_page (user_id, page_id, duration_min, log_off_after, id) values (27, 2, 2, 1, 216);
insert into user_page (user_id, page_id, duration_min, log_off_after, id) values (10, 7, 40, 0, 217);
insert into user_page (user_id, page_id, duration_min, log_off_after, id) values (27, 9, 37, 1, 218);
insert into user_page (user_id, page_id, duration_min, log_off_after, id) values (24, 8, 6, 0, 219);
insert into user_page (user_id, page_id, duration_min, log_off_after, id) values (27, 9, 7, 0, 220);
insert into user_page (user_id, page_id, duration_min, log_off_after, id) values (46, 5, 21, 0, 221);
insert into user_page (user_id, page_id, duration_min, log_off_after, id) values (50, 3, 18, 1, 222);
insert into user_page (user_id, page_id, duration_min, log_off_after, id) values (35, 3, 21, 1, 223);
insert into user_page (user_id, page_id, duration_min, log_off_after, id) values (13, 1, 39, 1, 224);
insert into user_page (user_id, page_id, duration_min, log_off_after, id) values (8, 3, 13, 1, 225);
insert into user_page (user_id, page_id, duration_min, log_off_after, id) values (4, 5, 21, 1, 226);
insert into user_page (user_id, page_id, duration_min, log_off_after, id) values (41, 5, 29, 1, 227);
insert into user_page (user_id, page_id, duration_min, log_off_after, id) values (22, 3, 11, 0, 228);
insert into user_page (user_id, page_id, duration_min, log_off_after, id) values (1, 9, 4, 1, 229);
insert into user_page (user_id, page_id, duration_min, log_off_after, id) values (20, 4, 3, 1, 230);
insert into user_page (user_id, page_id, duration_min, log_off_after, id) values (17, 9, 38, 1, 231);
insert into user_page (user_id, page_id, duration_min, log_off_after, id) values (34, 3, 22, 0, 232);
insert into user_page (user_id, page_id, duration_min, log_off_after, id) values (2, 2, 39, 0, 233);
insert into user_page (user_id, page_id, duration_min, log_off_after, id) values (46, 4, 38, 0, 234);
insert into user_page (user_id, page_id, duration_min, log_off_after, id) values (23, 2, 31, 1, 235);
insert into user_page (user_id, page_id, duration_min, log_off_after, id) values (46, 5, 1, 1, 236);
insert into user_page (user_id, page_id, duration_min, log_off_after, id) values (14, 4, 18, 1, 237);
insert into user_page (user_id, page_id, duration_min, log_off_after, id) values (28, 7, 34, 1, 238);
insert into user_page (user_id, page_id, duration_min, log_off_after, id) values (48, 2, 32, 1, 239);
insert into user_page (user_id, page_id, duration_min, log_off_after, id) values (44, 5, 26, 1, 240);
insert into user_page (user_id, page_id, duration_min, log_off_after, id) values (14, 6, 37, 1, 241);
insert into user_page (user_id, page_id, duration_min, log_off_after, id) values (32, 8, 27, 0, 242);
insert into user_page (user_id, page_id, duration_min, log_off_after, id) values (16, 2, 33, 1, 243);
insert into user_page (user_id, page_id, duration_min, log_off_after, id) values (13, 7, 35, 0, 244);
insert into user_page (user_id, page_id, duration_min, log_off_after, id) values (26, 6, 37, 1, 245);
insert into user_page (user_id, page_id, duration_min, log_off_after, id) values (17, 6, 35, 0, 246);
insert into user_page (user_id, page_id, duration_min, log_off_after, id) values (31, 10, 12, 1, 247);
insert into user_page (user_id, page_id, duration_min, log_off_after, id) values (39, 3, 4, 1, 248);
insert into user_page (user_id, page_id, duration_min, log_off_after, id) values (14, 6, 27, 0, 249);
insert into user_page (user_id, page_id, duration_min, log_off_after, id) values (14, 3, 12, 1, 250);
insert into user_page (user_id, page_id, duration_min, log_off_after, id) values (27, 3, 5, 0, 251);
insert into user_page (user_id, page_id, duration_min, log_off_after, id) values (15, 2, 17, 0, 252);
insert into user_page (user_id, page_id, duration_min, log_off_after, id) values (20, 10, 39, 1, 253);
insert into user_page (user_id, page_id, duration_min, log_off_after, id) values (43, 3, 38, 1, 254);
insert into user_page (user_id, page_id, duration_min, log_off_after, id) values (3, 4, 28, 0, 255);
insert into user_page (user_id, page_id, duration_min, log_off_after, id) values (21, 1, 15, 1, 256);
insert into user_page (user_id, page_id, duration_min, log_off_after, id) values (17, 9, 37, 1, 257);
insert into user_page (user_id, page_id, duration_min, log_off_after, id) values (9, 7, 18, 1, 258);
insert into user_page (user_id, page_id, duration_min, log_off_after, id) values (40, 7, 39, 1, 259);
insert into user_page (user_id, page_id, duration_min, log_off_after, id) values (20, 8, 12, 1, 260);
insert into user_page (user_id, page_id, duration_min, log_off_after, id) values (26, 9, 4, 0, 261);
insert into user_page (user_id, page_id, duration_min, log_off_after, id) values (30, 8, 35, 0, 262);
insert into user_page (user_id, page_id, duration_min, log_off_after, id) values (17, 5, 11, 0, 263);
insert into user_page (user_id, page_id, duration_min, log_off_after, id) values (35, 3, 2, 1, 264);
insert into user_page (user_id, page_id, duration_min, log_off_after, id) values (28, 8, 29, 0, 265);
insert into user_page (user_id, page_id, duration_min, log_off_after, id) values (29, 7, 25, 1, 266);
insert into user_page (user_id, page_id, duration_min, log_off_after, id) values (24, 1, 4, 1, 267);
insert into user_page (user_id, page_id, duration_min, log_off_after, id) values (50, 9, 21, 1, 268);
insert into user_page (user_id, page_id, duration_min, log_off_after, id) values (28, 10, 28, 1, 269);
insert into user_page (user_id, page_id, duration_min, log_off_after, id) values (15, 10, 30, 1, 270);
insert into user_page (user_id, page_id, duration_min, log_off_after, id) values (46, 9, 39, 1, 271);
insert into user_page (user_id, page_id, duration_min, log_off_after, id) values (25, 1, 25, 0, 272);
insert into user_page (user_id, page_id, duration_min, log_off_after, id) values (8, 1, 10, 1, 273);
insert into user_page (user_id, page_id, duration_min, log_off_after, id) values (42, 2, 6, 0, 274);
insert into user_page (user_id, page_id, duration_min, log_off_after, id) values (43, 6, 35, 1, 275);
insert into user_page (user_id, page_id, duration_min, log_off_after, id) values (9, 8, 40, 1, 276);
insert into user_page (user_id, page_id, duration_min, log_off_after, id) values (18, 4, 4, 0, 277);
insert into user_page (user_id, page_id, duration_min, log_off_after, id) values (2, 3, 5, 1, 278);
insert into user_page (user_id, page_id, duration_min, log_off_after, id) values (46, 6, 6, 0, 279);
insert into user_page (user_id, page_id, duration_min, log_off_after, id) values (3, 3, 26, 0, 280);
insert into user_page (user_id, page_id, duration_min, log_off_after, id) values (7, 6, 40, 0, 281);
insert into user_page (user_id, page_id, duration_min, log_off_after, id) values (11, 6, 15, 1, 282);
insert into user_page (user_id, page_id, duration_min, log_off_after, id) values (27, 8, 38, 0, 283);
insert into user_page (user_id, page_id, duration_min, log_off_after, id) values (3, 1, 16, 1, 284);
insert into user_page (user_id, page_id, duration_min, log_off_after, id) values (20, 9, 40, 0, 285);
insert into user_page (user_id, page_id, duration_min, log_off_after, id) values (17, 7, 38, 1, 286);
insert into user_page (user_id, page_id, duration_min, log_off_after, id) values (35, 6, 9, 0, 287);
insert into user_page (user_id, page_id, duration_min, log_off_after, id) values (31, 10, 13, 1, 288);
insert into user_page (user_id, page_id, duration_min, log_off_after, id) values (43, 2, 32, 1, 289);
insert into user_page (user_id, page_id, duration_min, log_off_after, id) values (20, 4, 17, 0, 290);
insert into user_page (user_id, page_id, duration_min, log_off_after, id) values (48, 7, 11, 1, 291);
insert into user_page (user_id, page_id, duration_min, log_off_after, id) values (6, 7, 8, 0, 292);
insert into user_page (user_id, page_id, duration_min, log_off_after, id) values (45, 6, 31, 1, 293);
insert into user_page (user_id, page_id, duration_min, log_off_after, id) values (19, 4, 28, 0, 294);
insert into user_page (user_id, page_id, duration_min, log_off_after, id) values (7, 5, 16, 1, 295);
insert into user_page (user_id, page_id, duration_min, log_off_after, id) values (8, 6, 36, 1, 296);
insert into user_page (user_id, page_id, duration_min, log_off_after, id) values (6, 10, 3, 1, 297);
insert into user_page (user_id, page_id, duration_min, log_off_after, id) values (42, 1, 39, 0, 298);
insert into user_page (user_id, page_id, duration_min, log_off_after, id) values (25, 2, 21, 1, 299);
insert into user_page (user_id, page_id, duration_min, log_off_after, id) values (42, 5, 16, 0, 300);
insert into user_page (user_id, page_id, duration_min, log_off_after, id) values (12, 5, 5, 0, 301);
insert into user_page (user_id, page_id, duration_min, log_off_after, id) values (33, 3, 34, 1, 302);
insert into user_page (user_id, page_id, duration_min, log_off_after, id) values (47, 5, 24, 0, 303);
insert into user_page (user_id, page_id, duration_min, log_off_after, id) values (33, 2, 25, 0, 304);
insert into user_page (user_id, page_id, duration_min, log_off_after, id) values (22, 1, 37, 0, 305);
insert into user_page (user_id, page_id, duration_min, log_off_after, id) values (35, 4, 18, 0, 306);
insert into user_page (user_id, page_id, duration_min, log_off_after, id) values (12, 7, 5, 1, 307);
insert into user_page (user_id, page_id, duration_min, log_off_after, id) values (24, 5, 19, 1, 308);
insert into user_page (user_id, page_id, duration_min, log_off_after, id) values (44, 8, 33, 1, 309);
insert into user_page (user_id, page_id, duration_min, log_off_after, id) values (7, 6, 20, 0, 310);
insert into user_page (user_id, page_id, duration_min, log_off_after, id) values (39, 3, 5, 0, 311);
insert into user_page (user_id, page_id, duration_min, log_off_after, id) values (25, 4, 6, 1, 312);
insert into user_page (user_id, page_id, duration_min, log_off_after, id) values (25, 6, 11, 1, 313);
insert into user_page (user_id, page_id, duration_min, log_off_after, id) values (30, 10, 31, 1, 314);
insert into user_page (user_id, page_id, duration_min, log_off_after, id) values (14, 8, 8, 0, 315);
insert into user_page (user_id, page_id, duration_min, log_off_after, id) values (30, 9, 38, 0, 316);
insert into user_page (user_id, page_id, duration_min, log_off_after, id) values (17, 1, 3, 1, 317);
insert into user_page (user_id, page_id, duration_min, log_off_after, id) values (2, 9, 15, 1, 318);
insert into user_page (user_id, page_id, duration_min, log_off_after, id) values (24, 6, 8, 0, 319);
insert into user_page (user_id, page_id, duration_min, log_off_after, id) values (20, 5, 36, 1, 320);
insert into user_page (user_id, page_id, duration_min, log_off_after, id) values (48, 9, 7, 1, 321);
insert into user_page (user_id, page_id, duration_min, log_off_after, id) values (6, 1, 35, 0, 322);
insert into user_page (user_id, page_id, duration_min, log_off_after, id) values (18, 5, 33, 1, 323);
insert into user_page (user_id, page_id, duration_min, log_off_after, id) values (9, 1, 25, 1, 324);
insert into user_page (user_id, page_id, duration_min, log_off_after, id) values (13, 6, 5, 1, 325);
insert into user_page (user_id, page_id, duration_min, log_off_after, id) values (25, 3, 2, 1, 326);
insert into user_page (user_id, page_id, duration_min, log_off_after, id) values (41, 7, 24, 1, 327);
insert into user_page (user_id, page_id, duration_min, log_off_after, id) values (34, 3, 36, 1, 328);
insert into user_page (user_id, page_id, duration_min, log_off_after, id) values (29, 9, 21, 0, 329);
insert into user_page (user_id, page_id, duration_min, log_off_after, id) values (17, 5, 36, 1, 330);
insert into user_page (user_id, page_id, duration_min, log_off_after, id) values (9, 9, 29, 0, 331);
insert into user_page (user_id, page_id, duration_min, log_off_after, id) values (23, 10, 26, 0, 332);
insert into user_page (user_id, page_id, duration_min, log_off_after, id) values (33, 3, 29, 0, 333);
insert into user_page (user_id, page_id, duration_min, log_off_after, id) values (26, 8, 32, 0, 334);
insert into user_page (user_id, page_id, duration_min, log_off_after, id) values (40, 9, 27, 0, 335);
insert into user_page (user_id, page_id, duration_min, log_off_after, id) values (32, 10, 16, 1, 336);
insert into user_page (user_id, page_id, duration_min, log_off_after, id) values (31, 10, 27, 0, 337);
insert into user_page (user_id, page_id, duration_min, log_off_after, id) values (49, 5, 7, 0, 338);
insert into user_page (user_id, page_id, duration_min, log_off_after, id) values (46, 2, 36, 0, 339);
insert into user_page (user_id, page_id, duration_min, log_off_after, id) values (20, 6, 39, 1, 340);
insert into user_page (user_id, page_id, duration_min, log_off_after, id) values (36, 4, 38, 1, 341);
insert into user_page (user_id, page_id, duration_min, log_off_after, id) values (17, 9, 39, 0, 342);
insert into user_page (user_id, page_id, duration_min, log_off_after, id) values (33, 7, 19, 0, 343);
insert into user_page (user_id, page_id, duration_min, log_off_after, id) values (7, 6, 23, 0, 344);
insert into user_page (user_id, page_id, duration_min, log_off_after, id) values (47, 1, 30, 0, 345);
insert into user_page (user_id, page_id, duration_min, log_off_after, id) values (31, 2, 8, 0, 346);
insert into user_page (user_id, page_id, duration_min, log_off_after, id) values (11, 6, 28, 0, 347);
insert into user_page (user_id, page_id, duration_min, log_off_after, id) values (13, 1, 33, 0, 348);
insert into user_page (user_id, page_id, duration_min, log_off_after, id) values (32, 1, 39, 1, 349);
insert into user_page (user_id, page_id, duration_min, log_off_after, id) values (42, 6, 37, 0, 350);
insert into user_page (user_id, page_id, duration_min, log_off_after, id) values (6, 5, 38, 0, 351);
insert into user_page (user_id, page_id, duration_min, log_off_after, id) values (39, 3, 14, 1, 352);
insert into user_page (user_id, page_id, duration_min, log_off_after, id) values (11, 1, 2, 0, 353);
insert into user_page (user_id, page_id, duration_min, log_off_after, id) values (2, 8, 34, 0, 354);
insert into user_page (user_id, page_id, duration_min, log_off_after, id) values (4, 5, 25, 1, 355);
insert into user_page (user_id, page_id, duration_min, log_off_after, id) values (33, 7, 25, 1, 356);
insert into user_page (user_id, page_id, duration_min, log_off_after, id) values (5, 2, 18, 1, 357);
insert into user_page (user_id, page_id, duration_min, log_off_after, id) values (41, 3, 19, 1, 358);
insert into user_page (user_id, page_id, duration_min, log_off_after, id) values (43, 8, 38, 1, 359);
insert into user_page (user_id, page_id, duration_min, log_off_after, id) values (15, 10, 33, 1, 360);
insert into user_page (user_id, page_id, duration_min, log_off_after, id) values (16, 10, 36, 0, 361);
insert into user_page (user_id, page_id, duration_min, log_off_after, id) values (2, 7, 21, 1, 362);
insert into user_page (user_id, page_id, duration_min, log_off_after, id) values (45, 4, 31, 1, 363);
insert into user_page (user_id, page_id, duration_min, log_off_after, id) values (19, 6, 29, 0, 364);
insert into user_page (user_id, page_id, duration_min, log_off_after, id) values (1, 6, 17, 0, 365);
insert into user_page (user_id, page_id, duration_min, log_off_after, id) values (32, 6, 2, 0, 366);
insert into user_page (user_id, page_id, duration_min, log_off_after, id) values (34, 8, 21, 0, 367);
insert into user_page (user_id, page_id, duration_min, log_off_after, id) values (20, 6, 27, 1, 368);
insert into user_page (user_id, page_id, duration_min, log_off_after, id) values (18, 8, 40, 1, 369);
insert into user_page (user_id, page_id, duration_min, log_off_after, id) values (35, 3, 27, 1, 370);
insert into user_page (user_id, page_id, duration_min, log_off_after, id) values (9, 10, 1, 0, 371);
insert into user_page (user_id, page_id, duration_min, log_off_after, id) values (20, 2, 8, 0, 372);
insert into user_page (user_id, page_id, duration_min, log_off_after, id) values (27, 3, 8, 1, 373);
insert into user_page (user_id, page_id, duration_min, log_off_after, id) values (32, 4, 14, 1, 374);
insert into user_page (user_id, page_id, duration_min, log_off_after, id) values (26, 2, 18, 1, 375);
insert into user_page (user_id, page_id, duration_min, log_off_after, id) values (44, 7, 5, 0, 376);
insert into user_page (user_id, page_id, duration_min, log_off_after, id) values (29, 5, 1, 1, 377);
insert into user_page (user_id, page_id, duration_min, log_off_after, id) values (10, 10, 19, 1, 378);
insert into user_page (user_id, page_id, duration_min, log_off_after, id) values (25, 8, 18, 0, 379);
insert into user_page (user_id, page_id, duration_min, log_off_after, id) values (26, 5, 38, 1, 380);
insert into user_page (user_id, page_id, duration_min, log_off_after, id) values (23, 9, 13, 0, 381);
insert into user_page (user_id, page_id, duration_min, log_off_after, id) values (49, 1, 40, 0, 382);
insert into user_page (user_id, page_id, duration_min, log_off_after, id) values (4, 3, 1, 1, 383);
insert into user_page (user_id, page_id, duration_min, log_off_after, id) values (34, 4, 31, 0, 384);
insert into user_page (user_id, page_id, duration_min, log_off_after, id) values (18, 7, 39, 1, 385);
insert into user_page (user_id, page_id, duration_min, log_off_after, id) values (25, 3, 18, 1, 386);
insert into user_page (user_id, page_id, duration_min, log_off_after, id) values (50, 10, 22, 1, 387);
insert into user_page (user_id, page_id, duration_min, log_off_after, id) values (13, 5, 16, 0, 388);
insert into user_page (user_id, page_id, duration_min, log_off_after, id) values (24, 7, 22, 0, 389);
insert into user_page (user_id, page_id, duration_min, log_off_after, id) values (46, 1, 10, 0, 390);
insert into user_page (user_id, page_id, duration_min, log_off_after, id) values (21, 8, 6, 1, 391);
insert into user_page (user_id, page_id, duration_min, log_off_after, id) values (42, 6, 36, 1, 392);
insert into user_page (user_id, page_id, duration_min, log_off_after, id) values (45, 2, 24, 1, 393);
insert into user_page (user_id, page_id, duration_min, log_off_after, id) values (43, 3, 36, 0, 394);
insert into user_page (user_id, page_id, duration_min, log_off_after, id) values (7, 4, 12, 0, 395);
insert into user_page (user_id, page_id, duration_min, log_off_after, id) values (20, 4, 30, 0, 396);
insert into user_page (user_id, page_id, duration_min, log_off_after, id) values (45, 2, 35, 0, 397);
insert into user_page (user_id, page_id, duration_min, log_off_after, id) values (8, 1, 34, 0, 398);
insert into user_page (user_id, page_id, duration_min, log_off_after, id) values (2, 3, 12, 1, 399);
insert into user_page (user_id, page_id, duration_min, log_off_after, id) values (3, 3, 2, 1, 400);



